turno,404
segundo,324
Bolsonaro,316
Ciro,501
VOTEM,175
Ibope,170
rejei√ß√£o,138
PT,137
dela√ß√£o,129
eleitores,121
Palocci,114
menos,100
pesquisa,89
N√ÉO,86
Alckmin,84
Lula,82
Marina,82
semana,79
voto,79
GANHAR,74
pensa,72
pare,71
m√≠nima,71
fingir,70
democracia,70
neg√≥cio,70
Bozo,130
acabar,66
acontecer,65
DEUS,65
PERDER,63
ELE,63
COISO,63
gente,62
11,62
elegendo,60
21,59
todo,59
SABER,59
Esque√ßam,58
candidato,58
FRAUDOU,58
PROPRIA,58
CAMPANHA,58
RT,58
FA√áA,58
PESSOAS,58
PRECISAM,58
DISSO,58
HASHTAG,58
IMPEDE,58
ELEGER,58
BOTANDO,58
CANDIDATO,58
CAPACIDADE,58
cara,57
dia,57
ESQUECE,56
NEG√ìCIO,56
TIRAR,56
m√£o,55
cresceu,52
perde,50
realidade,50
mudar,49
impedisse,49
galera,47
desespero,46
dados,45
Como,45
sabem,45
n√∫meros,45
dias,44
povo,44
Brasil,44
8,44
lado,44
nacional,43
(01/10):,43
esperado,43
institutos,43
ir√£o,43
ajustar,43
antecipado,43
maiores.,43
Vamos,43
pesquisas,43
ver,42
todos,42
esquerda,41
querem,40
Moro,40
Ser,39
tend√™ncia,39
ta,39
confirmar,38
vamos,37
Mas,37
diz,37
_Fernando,37
pior,37
bem,36
nao,36
campanha,35
coisas,35
Ibope:,35
recomendaria,35
repensar,35
seriamente,35
Ciro.,35
39,35
porra,35
BOLSONARO,34
No,34
fazer,34
subiu,34
lembrar,34
pt,34
at,33
pa√≠s,33
bozominions,33
acreditam,33
pesquisa?,33
seguraria,33
√∫nico,33
votem,33
elei√ß√£o,32
medo,32
vota,32
votos,32
n√©,31
DO,31
ganha,31
porque,31
IBOPE,30
vez,30
6,29
ibope,29
38,29
outra,28
favor,28
primeiro,28
bolsonaro,28
frente,27
contra,27
perder,27
Haddad.,26
ALCKMIN,26
DIAS,26
salnorabo,26
poder,26
sabe,26
margem,26
crescer,26
caralho,26
fato,26
causa,25
esperan√ßa,25
eleger,25
ces,25
turno!,24
Essa,24
T,24
tao,24
tudo,24
Juiz,24
Jair,23
deixar,23
Eles,23
eh,23
discurso,22
31%,22
precisamos,22
alcan√ßa,22
fodeu,22
ligado,22
quer,22
12,21
manipula√ß√£o,21
Nenhum,21
PETISTA,21
PALOCCI.,21
defendem,21
bandidos.,21
finalmente,21
AMO√äDO,21
√ÅLVARO,21
MEIRELLES,21
percebam,21
QUADRILHA,21
voltar!,21
hora,21
MAIS,21
turno.,21
Segundo,21
coiso,21
ent√£o,21
absurdamente,20
21%,20
EU,20
Com,20
As,20
dois,20
13,20
Fernando,19
urnas,19
Mais,19
Globo,19
eventual,19
empata,19
ditadura,19
mundo,19
nessa,19
deve,19
fazendo,19
ir,19
Guardem,18
irreal:,18
Daqui,18
abertas,18
empatado.,18
Reviravolta,18
rel√¢mpago,18
N√¢o,18
emblem√°tico,18
mafiosa,18
parceria,18
ficou,18
dessa,18
45,18
coisa,18
centro,18
Vai,18
petista,18
BURROS,18
pr√≥prio,18
muita,17
mano,17
ataques,17
poss√≠vel,17
levar,17
vence,17
tr√°s,17
seis,17
maior,17
parece,17
novo,17
renan,17
volta,16
Podem,16
Gomes,16
apoio,16
demais,16
turno:,16
ganhar,16
culpa,16
POR,16
cu,16
to,16
passar,16
pol√≠tico,16
toda,16
ia,16
erro,16
pedindo,16
√≥timo,16
nele,15
TAMO,15
FODIDO..,15
HELEN√ïES,15
QUEREMOS,15
MANIFESTA√á√ïES,15
marcar,15
amanh√£!,15
horrorosa,15
700,15
43,15
Dilma,15
STF,15
ain,15
eun√≠cio,15
olhem,15
rabo,15
agripino,15
maia,15
esc√≥ria,15
coronelismo,15
nordestino,15
venham,15
pureza,15
cola,15
Acho,15
NAO,15
saco,15
empate,14
votando,14
MERDA,14
colocar,14
dar,14
chance,14
ruim,14
2o,14
cen√°rio,14
falar,14
vc,14
Bolso,14
ouvir,14
nunca,14
Paulo,14
postura,14
preso,14
ficar,13
PRO,13
quase,13
Datafolha,13
escolher,13
sei,13
Rejei√ß√£o,13
empatados,13
antipetismo,13
anos,13
Quem,13
nada,13
pessoas,13
apoiar,13
sim,13
SEUS,13
intelectual,13
seguir,13
mudo,13
diante,13
l√°,13
LULA,12
bonoro,12
tempo,12
(branco/nulo,12
3%),12
resposta,12
qualquer,12
nesta,12
eleitor,12
Em,12
eleito,12
sendo,12
ideal,12
apenas,12
outros,12
ponto,12
pouco,12
GENTE,12
10,12
ilegalidade,12
autoritarismo,12
origem,12
interesses,12
a√ß√£o,12
desesperado,12
podemos,12
rolar,12
TV,11
atacar,11
efeito,11
op√ß√£o,11
quero,11
mal,11
empatado,11
Quer,11
Enquanto,11
POL√çTICA,11
PIOR,11
acima,11
estagnou,11
empatar,11
fica,11
desse,11
futuro,11
fez,11
fascista,11
convencer,11
momento,11
al√©m,11
risco,11
Dirceu,11
brasileiro,11
petistas,11
acho,11
empatam,11
17,11
PRESO,11
#UOLnasUrnas,10
TEM,10
BONORO,10
bom,10
votariam,10
derrotar,10
perigoso,10
#Bolsonaro17,10
lula,10
Pesquisa,10
AN√ÅLISE,10
mira,10
divulgada,10
segunda-feira,10
-1,10
percentuais,10
Neste,10
caiu.,10
debate,10
parar,10
Curitiba,10
faz,10
amor,10
Deus,10
disparou,10
Boulos,10
recentes,10
apontarem,10
arriscar!!!,10
PARA,10
Vou,9
realmente,9
entregar,9
logo,9
Lula.,9
Os,9
dizer,9
der,9
ai,9
precisa,9
inten√ß√µes,9
Isso,9
cadeia,9
acredito,9
arriscar,9
Que,9
maioria,9
organiza√ß√£o,9
X,9
VCS,9
vem,9
subida,9
dando,9
resolveram,9
UM,9
la,9
burro,9
Uma,9
extremos,8
continua,8
vi,8
pessoa,8
olha,8
enganem,8
falamos,8
autorit√°rio,8
caminha,8
ameno,8
mesmos,8
moldes,8
falida,8
Venezuela.,8
Pois,8
candidatura,8
#EleN√£o,8
PELO,8
AMOR,8
indo,8
MAS,8
cresce,8
estar,8
chegar,8
idiota,8
pergunta,8
presidi√°rio.,8
De,8
√∫til,8
defender,8
constitui√ß√£o,8
capaz,8
criminosa,8
PT.,8
fim,8
Muito,8
disso,8
vida,8
contando,8
passado,8
congelou,8
22,8
liberar,8
Ele,8
Hoje,8
deus,8
pais,8
algu√©m,8
conta,8
evitar,8
quest√£o,7
Proje√ß√£o,7
CHEGA,7
ideia,7
jogo,7
mt,7
metade,7
mandar,7
sabendo,7
grande,7
antes,7
quanto,7
Simula√ß√£o,7
:(,7
QUERO,7
FALAR,7
POVO,7
DOIS,7
ACHO,7
CAUSA,7
LIXO,7
AI,7
Viva,7
capitalismo.Haddad,7
viaja,7
jatos,7
executivosais,7
caros,7
luxuosos,7
mundo.Socialismo,7
capitalismo,7
pilantras,7
esquerdistas,7
vice,7
brasil,7
mesma,7
prova,7
Bonoro,7
bater,7
vai.,7
Guedes,7
enquanto,7
baixa,7
milh√µes,7
militar,7
Ou,7
imprensa,7
deu,7
maluco,7
MANO,7
PAREM,7
bicho,7
diferente,7
moral,7
Z,7
indecisos,7
uns,7
PUTA,7
receber,7
vit√≥ria,7
adianta,7
vantagem,7
desonestidade,6
intelectual.,6
repetir.,6
Bolsonazi,6
extremo.,6
n√£o.,6
defende,6
torturadores,6
ditadura.,6
democrata.,6
falsa,6
polariza√ß√£o,6
?,6
empate:,6
PA√çS,6
plano,6
vencer,6
mim,6
aumento,6
45X,6
13%,6
14%,6
ENXERGUEM!!,6
viu,6
estrat√©gia,6
BURROOOO,6
FICAR,6
ENTRE,6
LIXOS,6
CA√áAMBA,6
RAIVAAAAAAAAAA,6
democracia,6
Voltou,6
margem.,6
deixaram,6
resolver,6
Temos,6
aliar,6
alia,6
jornal,6
direita,6
Presidente,6
luta,6
Oito,6
Governo,6
existiu,6
"ditadura,6
bolivariana.",6
amiguinho,6
discutindo,6
Viram,6
Continua,6
est√°vel,6
parou,6
incr√≠veis,6
Faltam,6
Fascismo?!,6
curva,6
entende,6
prefere,6
acredita,6
normal,6
Daciolo,6
30,6
achou,6
criaria,6
assegurar,6
faz√™-lo,6
lugar.,6
veio,6
arrasadora,6
Bolsonaro.,6
SER,6
FUDER,6
parte,6
no√ß√£o,6
sobe,6
jeito,6
detalhes,6
amea√ßas,6
anunciando,6
vingan√ßa,6
seduzir,6
(V√≠deo,6
Youtube,6
fodendo,6
devastador,6
#Eleicoes2018,6
subindo,6
tira,6
PRA,6
popula√ß√£o,6
puta,6
enfrentar,6
infelizmente,6
problema,6
vote,6
come√ßar,5
importa,5
DELE,5
segura,5
simplesmente,5
combust√≠vel,5
46,5
1o,5
tentar,5
classe,5
ontem,5
pau,5
votam,5
acabou,5
√≥dio,5
v√≠deo,5
Levaram,5
Pr√©-sal,5
destruiram,5
empresas,5
Fascismo,5
pr,5
impedir,5
Fascismo.,5
mostrar,5
simula√ß√£o,5
pensar,5
base,5
bateu,5
debate.,5
emissoras,5
decidiram,5
ficaria,5
invi√°vel,5
anti,5
entender,5
Coiso,5
carisma,5
c√™s,5
poderia,5
pena,5
chamar,5
entrevista,5
Dela√ß√£o,5
23:59,5
liderando,5
Tu,5
Kkkkkk,5
00:00,5
94,5
VIRAM,5
RETARDADOS,5
V√ÉO,5
LAMBE,5
CU,5
olhos,5
BTG,5
queda,5
25,5
2.,5
lugar,5
..,5
domingo,5
Poder,5
pontos.,5
Agora,5
VOTAR,5
milit√¢ncia,5
Esse,5
tava,5
t√©cnico,5
desonesto,5
aceitar,5
Gente,5
acha,5
jogando,5
tirar,5
vergonha,5
passou,5
50,5
fizeram,5
chances,5
parem,5
H,5
Pessoal,5
propostas,5
voltam,5
FALTAM,5
DESPEDIDO,5
MARINA,5
F√âRIAS,5
ANOS,5
DACIOLO,5
SUBIR,5
MONTE,5
HONRA,5
GL√ìRIA,5
SENHOR,5
JESUS,5
ELEITO,5
contr√°rio,5
hist√≥ria,5
Haddad),5
fa√ßo,5
negativa,4
malucos,4
OS,4
P√âS,4
√çNDICE,4
ANTI,4
PTISTA,4
GIGANTE,4
ISSO,4
VANTAGEM,4
RAPEIZE,4
PQ,4
VOTA,4
focar,4
pqp,4
hein,4
caiu,4
UMA,4
44%.,4
desde,4
d√°,4
ap√≥s,4
cair,4
real,4
fogo,4
governado,4
Marina.,4
verdade,4
fechou,4
n√≠vel,4
S√©rio,4
pr√≥xima,4
ningu√©m,4
2014,4
l√≠der,4
quadrilha,4
cancela,4
t√≠tulos,4
"movimento,4
1964",4
pro√≠be,4
tribunal,4
visa,4
viola,4
terr√≠vel,4
possibilidade,4
V√£o,4
continuar,4
c√©u,4
miseric√≥rdia,4
vao,4
24,4
gosto,4
dinheiro,4
fala,4
quatro,4
inclusive,4
38%,4
vuelta,4
el,4
saindo,4
encomenda.,4
kkkkkkkkkkkkk,4
abrindo,4
Palocci...,4
definitivamente,4
Al√©m,4
serio,4
obrigados,4
preparo,4
algo,4
condi√ß√µes,4
Caso,4
cabe√ßa,4
√≥bvio,4
anterior).,4
corrupto,4
ganhe,4
15.,4
instru√ß√µes,4
triste,4
praticamente,4
certo,4
nego,4
superar,4
escolha,4
s√©rio,4
proposta,4
EM,4
f√°cil,4
consigo,4
concordo,4
brasileiros,4
raiva,4
querer,4
feita,4
tbm,4
dentro,4
golpe,4
atr√°s,4
apoia,4
√°gua,4
simula√ß√µes,4
teto,4
Depois,4
existe,4
oposi√ß√£o,4
nulo,4
Bolsozista,4
Lembrando,4
mistura,4
*haddad,4
unicos,4
perderiam,4
turno*,4
pocs,4
seguran√ßa,3
Confesso,3
surpreendi,3
Bolha,3
foda..,3
preocupados,3
surtindo,3
Partir,3
enfrentamento.,3
cima,3
achar,3
Vcs,3
Imagina,3
marina,3
lixo,3
defesa,3
.,3
amiga,3
cego,3
Precisou,3
brasileira,3
mimimi,3
pai,3
acreditar?,3
plena,3
candidata,3
convida,3
ex-presidente,3
Uruguai,3
(Mojica,3
governante,3
URSAL,3
aumentar,3
mostrando,3
Meu,3
PSL,3
cirista,3
fudido,3
filho,3
chama,3
mude,3
Parem,3
esquece,3
diferen√ßa,3
absorve,3
saudosismo,3
pov√£o.,3
bronco,3
homof√≥bico/machista,3
quadrilheiro,3
colocando,3
loucos,3
democratas,3
fecharem,3
brincar.,3
briga,3
Falta,3
voltar,3
aceitem,3
protestos,3
abaixou,3
reune,3
ferrado,3
registrou,3
praquele,3
v√°lidos,3
registrado,3
ibope.,3
ponto;haddad,3
realizada,3
29,3
setembro.,3
sabemos,3
burra,3
abandonar,3
oposto,3
To,3
so,3
aumentou,3
ONZE,3
Pelo,3
sociais,3
foto,3
aula,3
show,3
horror,3
encontra,3
A√©cio,3
m√≠nimo,3
PONTOS,3
Foi,3
algumas,3
diminuir,3
(,3
disputar,3
seguidores,3
Mentira,3
polarizado,3
dificilmente,3
Deu,3
Seu,3,3,
jesus,3
maria,3
jos,3
the,3,3,
Era,3
Data,3
talvez,3
fuder,3
bonaro,3
duvida,3
CIRO!,3
somente,3
acham,3
rea√ß√µes,3
terr√≠veis,3
Jogou,3
Judici√°rio,3
perdida,3
Caralho,3
dizem,3
Ningu√©m,3
exemplo,3
Ent√£o,3
falta,3
pras,3
mostrou,3
fascistas,3
Nem,3
fugir,3
cansada,3
internet,3
profundo,3
final,3
VOU,3
m√°quina,3
preferem,3
amea√ßando,3
brasileiros.,3
curvando,3
reafirmou,3
sanguin√°ria,3
constituinte.,3
vagabundo.,3
tecla,3
desta,3
entendo,3
tentativa,3
igualar,3
ATEN√á√ÉO,3
Seguran√ßa,3
soldados,3
cubanos,3
interfer√™ncia,3
presidenciais,3
crime,3
pass√≠vel,3
cassa√ß√£o,3
Candidato,3
recursos,3
estrangeiros,3
sob,3
valores,3
servi√ßos,3
Tomem,3
PROVID√äNCIAS,3
&amp,3
vs,3
crescimento,3
igreja,3
At,3
alternativa,3
zero,3
roubo,3
criminosa.,3
perfil,3
NADA,3
vencendo,3
l√≥gica,3
trag√©dia,3
AAAAAAAA,3
CONSIGO,3
ENTENDER,3
D,3
NERVOSO,3
algum,3
si,3
melhorar,3
decente,3
ganhando,3
pegar,3
longe,3
Eleitor,3
fechar,3
Me,3
bate,3
N,3
deixa,3
tecnicamente,3
malabarismo,3
justificar,3
(pq,3
Sei,3
fala√ß√£o,3
pesadelo,3
Assembleia,3
estilo,3
Chavismo,3
Bolivariano,3
Eis,3
livre,3
economia,3
aberta.,3
VIDA,3
MORTE.,3
Ontem,3
m√≠dia,3
media,3
twitteira,3
principalmente,2
alimentando,2
segurar,2
aponta,2
MESMA,2
QUEM,2
CHANCES,2
VENCER,2
come√ßou,2
simples,2
seguinte,2
alvo,2
√∫ltimas,2
Espero,2
virar,2
forte,2
#InformacaocontraoAchismo,2
car√°ter,2
custo,2
francamente,2
neles,2
So,2
votarem,2
turno..,2
morrer,2
divulgar,2
sumiram,2
agora!,2
tal,2
(o,2
m√©dia,2
doido,2
sao,2
bozonaro,2
jamais,2
dnv,2
*Fato,2
Grav√≠ssimo.*,2
(Uni√£o,2
achando,2
Votando,2
percentual,2
foguete,2
Lixo,2
40,2
passa,2
S√©rgio,2
palocci,2
sempre,2
aliado,2
sabia,2
#Ibope,2
demonio,2
Dif√≠cil,2
inten√ß√£o,2
ladr√£o,2
ansioso,2
camiseta,2
votei,2
garantia,2
incerto,2
arriscar?,2
decis√£o,2
fachos,2
tb,2
sobram,2
c√≥cegas,2
prega√ß√£o,2
convertido.,2
Sabe,2
funciona,2
aceito,2
"Eu,3
segunda,8
rejeitado,4
ven√ßo,2
Pra,3
preciso,7
voto.",2
Turno,2
#Vote13,2
#HaddadPresidente,2
dessas,2
trouxe,2
retorno,2
criminoso,2
recebeu,2
ditador,2
Kadaffi,2
colaborou,2
carniceiros.,2
anta,2
prepotente,2
p√©ssima,2
votaria,2
milagre,2
esperava,2
tanta,2
todas,2
enfia,2
Entramos,2
vale-tudo.,2
mulheres,2
deram,2
recado,2
ruas.,2
chover,2
fakenews,2
pelado,2
l√°.,2
Preparem-se,2
desesperados.,2
dilma,2
temer,2
comendo,2
votou,2
Faz,2
amea√ßa,2
sair,2
linha,2
usar,2
basta,2
olhar,2
declara√ß√µes,2
migrar,2
#BrasilDecide,2
√öltima,2
campa√±a,2
primera,2
las,2
elecciones,2
_Fernando),2
del,2
consolida,2
con,2
onde,2
manter,2
preso.,2
cen√°rios,2
Estou,2
recebendo,2
mentions,2
responsabilizando,2
hahahaha,2
pano,2
ERROS,2
GRAVES,2
Melhorem!,2
lavada.,2
repito,2
Qualquer,2
eleja,2
entra,2
projeto.,2
#CiroPresidente,2
#CiroNaRecord,2
FILHO,2
VOC√äS,2
COISA,2
empacado,2
bosta,2
recusando,2
27,2
avers√£o,2
ABSURDA,2
Bozo.......tem,2
atingir,2
d√∫vida,2
fechados,2
ganhou,2
amigo,2
inexistente,2
Nos,2
√∫ltimos,2
apanhou,2
explicar,2
estagna√ß√£o,2
Curioso,2
(27,2
(21,2
cantando,2
m√∫sica,2
kkkkkkkk,2
processos,2
Votar,2
11%,2
Ap√≥s,2
empatarem,2
disputar√£o,2
Banheira,2
Gugu,2
jogar,2
PERDE,2
serio...,2
VOTE,2
voces,2
estao,2
boulos,2
perdeu,2
come√ßa,2
massa,2
rumo,2
rede,2
ficam,2
confiar,2
turno...,2
consegue,2
in√≠cio,2
santo,2
perguntou,2
#SomosBolsonaro17,2
marionete,2
√çndice,2
Sim,2
ARTPOP,2
completamente,2
farelo,2
BURRA,2
governabilidade,2
turno?,2
Constitui√ß√£o,2
fr√°gil,2
ora,2
Moer,2
Malddad.,2
descer,2
Chegou,2
coisa?,2
nulos,2
brancos,2
Sem,2
resto,2
apostar,2
Twitter,2
define,2
acesso,2
decide,2
Deveriam,2
indecisos/nulos,2
CANDIDATOS,2
COMO,2
THREAD,2
levem,2
Fascista,2
Pensem,2
decepcionado,2
INFERNO,2
fortalecer,2
18,2
bunda,2
Eh,2
negocio,2
consertar,2
BANDO,2
culpando,2
Bonoro.,2
neg√≥cio,2
feio,2
faltando,2
conhe√ßo,2
TA,2
dia.,2
mesmo.,2
digo,2
Manu,2
neles.,2
significa,2
coiso.,2
brincar,2
projeto,2
claro,2
Votem,2
#DebateRecord,2
sapateando,2
Mour√£o,2
refor√ßar,2
tese,2
ambos,2
extremistas,2
msm,2
podem,2
SEMANA,2
ASSIM,2
eunicio,2
Tribuna,2
Sert√£o,2
ESSE,2
pct,2
foder,2
cada,2
pedir,2
nordeste,2
fan√°tico,2
extrema,2
nd,2
meia,2
desculpa,2
fascismo,2
considera,2
super,2
fodido,2
aliando,2
Ai,2
Cuidado,2
totalmente,2
chamando,2
??,2
FOI,2
(ou,2
onda,2
extremo,2
Desde,2
Pessoas,2
m√£os,2
banho,2
fria,2
(eu),2
dispara,2
estaciona,2
Oi,2
sumido.,2
Bem,2
s√°bado,2
novas,2
den√∫ncias,2
lembrando,2
presidencial,2
Parece,2
inv√©s,2
criticar,2
Ciro!,2
Esquerda,2
ELEI√á√ÉO,2
#Bolsonaro17No1¬∫Turno,2
PRTB,2
ok?,2
desempenho,2
rejeicao,2
aumentando,2
tecnico,2
insistindo,2
negar,2
virando,2
Quero,2
cr√≠tica,2
sinto,2
vir,2
afirmar,2
indireta,2
linguistas,2
Chomsky,2
cansou,2
lingu√≠stica,2
fato!,2
facista,2
odeia,2
tipo,2
Record,2
senhor,2
cr√≠ticas,2
defendo,2
qd,2
curto,2
bocas,2
sofrendo,2
crise,2
solu√ß√µes,2
trata,2
perdendo,2
CARA,2
representa,2
suficiente,2
fraqu√≠ssima,2
Haja,2
Ex-presidente,2
orientou,2
prevista,2
Rep√∫blica,2
"CIRO""",2
"Se,2
Ciro",2
Pera,2
entendi,2
s√©rio?,2
situa√ß√£o,2
atuando,2
roubar,2
manter-se,2
extinto,2
(e,2
Dino,2
terminar,2
entendam,2
veis,2
preferir,2
Mendes,2
elen√£o,2
hj,2
mto,2
Record/Real,2
Time,2
Big,2
(45,2
41%,2
(47,2
39%),2
(40,2
39%).,2
aguento,2
NEM,2
futuros,2
falava,2
alguns,2
cagando,2
andando,2
ganhei,2
branco,2
liguei,2
igual,2
coloco,2
perdido,2
av,2
narrativa,2
24%,2
Mano,2
faculdade,2
coloca,2
votar√£o,2
Ciristas,2
ce,2
‚Äúto,1
CONTINUAR,1
CONTROLA,1
atacado,1
(se,1
houver),1
derrot√°-lo,1
publicidade,1
"o,2
descobriu,1
hoje?",1
Vota,1
porra..,1
nessas,1
semanas.,1
babado,1
antpetismo,1
mau,1
felizes,1
QQ,1
trem,1
votatem,1
(ONZE!!!!!!!!!!!!!!!!!!!!,1
porcento,1
Putaqueopariu,1
Muita,1
acusou,1
compromisso,1
comprometer,1
autorit√°rio.,1
Coisa,1
trancar,1
maneira,1
Medo,1
daquele,1
anticristo,1
subido,1
√©:,1
tuitero,1
whatsapp,1
Frente,1
Nazista,1
oscilado,1
positivamente,1
erro),1
neste,1
Pela,1
2,1
perde..,1
geral,1
Haddad...,1
princ√≠pio,1
irrespons√°vel,1
Creio,1
ciro/haddad,1
bonosasaro,1
rir,1
tristeza,1
nervoso,1
desunida,1
manuela,1
desistiu,1
candidaturs,1
unidade,1
chamou,1
Nao,1
anulariam,1
Alguns,1
ate,1
Justificativa,1
sai,1
das..,1
extremamente,1
esquisito,1
edi√ß√£o,1
afetar,1
desiste,1
declara,1
salva,1
salnoboro,1
desisto,1
pensando,1
viver,1
humano,1
automaticamente,1
puto,1
atual,1
qq,1
levando,1
meses,1
25%,1
hist√≥rica,1
Pode,1
brincadeira,1
abjeto.,1
tamo,1
consagrados,1
Fiquem,1
tranquilos,1
37,1
libera√ß√£o,1
Esperem,1
pesquisa...,1
condenado,1
governar?,1
individual,1
secreto,1
_pura,1
Numa,1
INTELIG√äNCIA!,1
Nordeste,1
aguenta,1
gerou,1
grande.,1
Duas,1
mudan√ßas,1
abruptas,1
pontua√ß√£o,1
Todos,1
ficaram..,1
relevar,1
pouquissima,1
comparado,1
pira,1
hsuahsuahsa,1
incomodam,1
isso.,1
buraco.,1
assim?,1
baboseira,1
desenhando,1
veremos,1
avan√ßo,1
atraso,1
coisa!,1
"J,1
boicotando,1
tirando,2
pr√≥ximo,1
farsa,2
pol√≠tica,19
Voc√™s,5
nesse,10
joguinho,1
v√¥lei,1
levanta,1
corta",1
"Quatro,1
prefeito,13
presidente?,1
#DebateNaRecord,7
anti-PT,2
surtando,1
crescendo,1
decidindo,1
Ja,1
vendo,7
TO,2
PUTO,2
verdadeiro/maior,2
eleitorado,4
fiel,3
muda,2
reverter,2
miser√°vel,1
Empata,1
votar?,1
disse,14
fake,4
news,4
tampouco,2
carta,1
promessa,1
presidi√°rio,5
far,1
poste,2
pesquisas.,6
partido,27
Perda,1
Total,1
burros,6
vendidos,1
ativistas.,1
potencial,1
crescimento.,1
PENSEM,3
FAVOR,3
deixem,3
fanatismo,7
entregando,5
presid√™ncia,6
peda√ßo,3
bosta..,3
O",1
"sempre""",1
foda-se,1
simpatizantes,1
foice,1
escuro,1
anulem,1
Minha,1
antipetistas,1
comprou.,1
empatada,1
Papai,1
senhorrrrrr,1
_JMello,1
geralmente,1
encima,1
muro,1
quem?,1
agora:,1
Colegas,1
ou√ßam,1
voz,1
raz√£o,1
massas,1
fechem,1
massas.,1
_sccp,1
hip√≥teses,1
corre√ß√£o,1
anterior,1
Ibope.,1
visando,1,1,
prejudicar,1
pegou,1
100,1
perderam.,1
justifica,1
ocorreu.,1
Prezado,1
emburradinho,1
Claramente,1
projetos,1
√≥tima,1
Tanto,1
algum.,1
perigoso...vou,1
rezar,1
aconte√ßa,1
Risco,1
Crescendo,1
Facista,1
!,1
Bolsolixo,1
qdo,1
caisse,1
noticia,1
r√°pido,1
perplexo.,1
iriam,1
assompradinha,1
kkkkkk,1
"Rejei√ß√£o,1
Dispara,1
piada,2
!!!,1
unir,3
briguinha,2
favorece,2
acordem,2
OPC√ïES,1
melhores,1
insiste,1
piores,2
candidatos,16
_rafael,1
Irm√£o,1
preocupado,6
Tem,9
DataFolha,1
amanh√£,1
surreal,1
presidente...,1
p√©ssimo,7
debates,8
P√©ssimo.Em,1
corre,1
engolido,1
aumenta,3
cria,2
ideias,2
grito,1
#Ciro12,17
42%,2
Pare,1
bobagem,1
Jamais,1
#ViradaComHaddad,1
junto,4
Padim,4
Superintend√™ncia,4
PF,4
Imaginem,4
vira,4
presidente,14
visitar,4
nomes,4
minist√©rio,4
Para,10
anunciar,4
nova,16
social,5
saber,12
agir,4
Congresso,4
Triste.,4
GALERA,7
ESQUERDA,5
DECIDIR,5
LOGO,6
OU,11
PORQUE,5
ESSA,13
CONFUS√ÉO,5
SENDO,6
BOA,5
L,5
VENDO,5
INDECIS√ÉO,5
TODA,5
golpistas,9
desesperados,4
mete√≥rica,4
pesquisas..,4
fazem?,4
acionam,4
requentar,4
tendo,7
sido,6
desmentida,4
provas.,4
persegui√ß√£o!,4
Qual,13
dificuldade,1
Marina..,2
etc,4
turno??,1
7,8
elei√ß√µes,15
Mito,1
4%,3
38%.,2
Seguuura!,1
imagina,8
juntinhos,5
chega,6
casa,7
noite,5
liga,5
tv,5
assistir,5
juntos,5
outubro,5
anuncia,5
Aqui,2
link,1
question√°rio,1
procedimento,1
comum,2
achei,1
estranho,6
gostaria,1
explica√ß√£o,1
NA,2
PESQUISA,2
Sempre,1
consultar,1
TSE,1
via,4
#informacaocontraoAchismo,2
Maluco,5
batendo,7
jolsonaro,5
tomar,8
custa,7
colocarem,6
ruindade,5
Lindberg,10
senador,10
M√°rcia,10
Tiburi,10
governadora,10
Rio,10
Janeiro,10
#HaddadP,10
falando,19
imposs√≠vel,3
assim,7
Bom,2
advers√°rio,2
opini√£o,3
anti√©tico,1
deveria,4
governo,5
boa,2
participou,1
Mesmo,15
movido,1
artilharia,1
pesada,1
lados,2
conserva,1
segue,3
firme,13
condi√ß√£o,5
salvar,3
ins√≠dia,1
Nazifascismo.,1
_oficial,14
motivo,1
Nunca,2
li,2
vindo,3
kkkkkkkkkkkkkkkkkkkkkkkkkkkkkkkkkkkkkkkkkkkk,1
espero,3
MUITO,1
errado,4
sustentar,1
turno....prevejo,1
gigantesca,3
louca,2
querendo,9
dif√≠cil,16
Pt,2
malandro,1
safo,1
enganador!,1
chegou,9
limite,6
S√£o,19
consecutivas,5
parado,5
alt√≠ssima,5
migrarem,5
tempos,9
pensam,7
pa√≠s.,5
Ba,1
mostra,1
monte,2
afastou,1
provavelmente,2
perderia,1
vejo,3
sa√≠da,2
sen√£o,3
foda,6
esquizofrenia,1
tenta,1
acenar,1
moderado,1
c√∫pula,2
indulto,1
constituinte,2
elogiando,1
Venezuela,12
argumento,1
basti√£o,1
democracia.,2
Convenhamos,1
conseguiu,2
20,5
poucos,4
mitologia,1
l√∫lica.,1
extra,1
compet√™ncia,1
repugn√¢ncia,1
duas,1
inconceb√≠veis,1
pessoal,2
entendeu,1
pol√≠ticos,1
ruas,2
idem,1
Ambos,1
conseguiriam,1
governar,6
plenamente,1
Inaceit√°vel,1
Burros,1
caralho.,1
deixou,4
prefeitura,4
‚ÄúO,4
Resultado,4
infeliz,4
Paulo.Haddad,4
incompetente,5
Veja-se,4
Enem.,4
ai",1
"12""",1
SEQUER,1
aparentemente,1
fodidos,1
complicada,1
politico,1
mega,1
avaliado,1
reeleicao,1
faixas,1
etarias,1
classes,1
Diria,1
sera,1
presidente??,1
onze,1
achava,1
salva√ß√£o,1
per√≠odo,1
c√©rebro,1
cabe√ßa!!,1
manuella,1
representam!!!,1
Alkimin,1
merendas,1
(eu,1
bagarai,1
bateram,1
chorou,1
reclamou,1
dissemos,1
eleitoral.,1
reclamando,1
pedido,1
Haddad/PT,1
abrirem,1
clima,1
anti-petismo,1
abrir,1
hegemonia,1
recuperar,1
"coiso,8
√∫nica,15
Veremos,8
amanh,8
Vox,8
Populi,8
desmascarar,8
institutos.,8
melhor,10
bolso,3
Teremos,3
meios,3
comunica√ß√£o,3
desculpem,3
NOJO,1
Jo√£o,2
Amo√™do,2
garante,1
‚ÄúEu,1
pretendo,1
nenhum,8
momento‚Äù,1
Belo,1
Horizonte.,1
Amo√™do..,1
_do_povo,2
J,6
ajustando,1
colocam,1
Antes,2
perdia...,1
sente,1
√ìDIO,2
ODIOOOO,1
botar,2
BOZONARO,1
subir,7
9,3
ptos,1
Estranho,1
forma,8
diplom√°tica,1
suspeita,1
gosta,1
Pensamento",1
envolvendo,1
√≠dolo,1
(LULA,1
idolo,1
(CARLOS,1
ALBERTO,1
BRILHANTE,1
USTRA,1
assassino,1
torturador,1
"Brasil?""",1
44,1
20%,1
TIRO,1
ESCURO.,1
separam,1
FUCKING,1
brusca,1
ajustada,1
diria,1
#EleNao,1
registre-se.,1
concordei,1
sal√°rios,1
abarrotar,1
postos,1
m√©dicos,1
desqualificados,1
pa√≠ses,1
prometer.,1
optei,1
s√©rias,1
restri√ß√µes,1
tenso.,1
voto.,1
del√≠cia,1
&lt;3,1
42?,1
Imposs√≠vel.,1
confrontar,1
pacifista,1
migrando,1
joga,1
CIROOOOOOOOOO,1
oque,1
irrelevante,1
estacionar,1
preocupa,1
bastante.,1
(Bolsonaro,1
Haddad)?,1
jurei,1
fazer.....,1
T√äM,1
QUALQUER,1
"fudeu,1
xerife!!!",1
taxa,1
diminuiu,1
vivendo,1
utopia,1
afundar,1
Parcela,1
tweet,1
Joaquim,1
ci√™ncias,1
lulista,1
apoiado,1
dor,1
cora√ß√£o,1
Acontece,1
entrar,1
bolha,1
v√£o.,1
comentar,1
estranheza,1
desses,1
comparada,1
estimulando,1
literalmente,1
video,1
apresentador,1
trump,1
indicam,1,1,
HILLARY,1
CLINTON,1
indica√ßao,1
essa???,1
is,1
new,1
hillary,1
Acorda,1
garantindo,1
estragou,1
comprando,1
boicotar,1
Imagine,1
Queria,1
Qqr,1
culpar,1
advers√°rios,1
ali√°s,1
influ√™ncia,1
pudemos,1
economicista,1
inventam,1
radicaliza√ß√£o,1
Bolsosauro,1
extrema-direita,1
(racista,1
xenof√≥bico,1
machista,1
armamentista,1
tradicionalista,1
antidemocr√°tico,1
democrata,1
#OVotoNaRecord,1
prever,1
obviamente,1
"tra√≠do,1
pr√≥pria,2
esquerda.",1
apertem,1
zonobaro,1
amorzinho,1
vei,1
#edicao18,1
v√°rios,1
Pintador,1
asfalto.Vem,1
manipuladas,1
Folha,1
viraram,1
redes,1
sociais.,1
fertilizante,1
pesticida,1
necessitamos.,1
signifique,1
Bozo.,1
desuni√£o,1
impacto,1
resultado!!!!!!!!,1
Apyus,1
porqu,1
cresceu.,1
Hahahahahahahahahahahahahaha,1
Gloriaaaaaaaa,1
mimada,1
merece,1
fudendo,1
largarem,1
UNICO,1
enxergam,1
Vao,1
PODE,1
IR,1
BRINCANDO,1
√öTIL,1
L√ìGICO,1
v√£o????,1
D√ìRIA,1
vezes,1
LONGE,1
naaaao,1
tomado,1
desejo,1
retrocesso,1
reflete,1
naqueles,1
desejam,1
interven√ß√£o,1
refletida,1
saudosista,1
voltar√£o,1
primeira,1
elei√ßao,1
comando,1
beijada,1
quebra,1
bostonaro,1
q????,1
VOCES,1
SAO,1
DEMAIS,1
batem,1
Bozo..,1,desonesto.,2
Acabar,1
Democracia??,1
Da,1
proje√ß√µes,1
Galera,1
"destruir,1
todas.",1
imundo,1
Mores,1
ciro!,1
Ditadura,1
destino,1
na√ß√£o,1
Outro,1
Debate,1
Revista,1
F√≥rum,1
xarope,1
NOVO,1
ouri√ßados,1
post,1
Al√¥,1
amig√£o,1
mandou,1
abra√ßos..,1
pediu,1
a√ß√∫car,1
caf√©zinho,1
conforta,1
(ciro,1
smp,1
fracasso,1
decep√ß√£o,1
declarar,1
vice-versa,1
injustos,1
oras,1
#ELeicoes2018,1
definidos:,1
Senadores:,1
131,1
132,1
Deputado,1
Federal,1
6565,1
Deputada,1
Estadual:,1
65180,1
belo,1
for√ßar,1
queira,1
desperdi√ßar,1
complicado.,1
Not,1
fast,1
mothafucker,1
cansaod,1
assi,1
enxergando,1
_Hermes,1
ganha.,1
somarmos,1
vemos,1
agrega,1
perder.,1
Conhe√ßo,1
tal.,1
errada,1
acaba,1
injusti√ßa,1
abalou,1
ind√∫stria,1
pop,1
playlist,1
2010,1
PENSA,1
CABE√áA,1
POC,1
BRASIL,1
POP,1
VOTANDO,1
FUDE,1
TD,1
Fato,1
Grav√≠ssimo,1
Rep√∫blicas,1
Socialistas,1
Am√©rica,1
Latina).,1
Momento,1
1988,1
papel,1
redemocratiza√ß√£o.,1
horrores,1
ficaram,1
voltaria,1
Bomba,1
liberou...,1
desesperado!,1
frequencia?,1
momento!,1
a√≠,1
divis√£o,1
fortalecendo,1
tomarmos,1
cuidado,1
&gt,1
&lt,1
entenderam,1
chegamos,1
big,1
brother,1
combinar,1
DECIDAM,1
demonstra,1
Alkmin,1
inevit√°vel,1,1,
turno.N√£o,1
desperdice,1
servir,1
pedestal,1
eleitoral,1
menosprezar,1
cartas,1
budista,1
porrete,1
desnudar,1
#Haddad13,1
Saiu,1
Pactual,1
cujo,1
dono,1
fajuta,1
imagine,1
(-2%),1
(+1%),1
(+3%),1
(-1%),1
(+2%),1
simulac√£o,1
contempla,1
transferencia,1
ciro/marina,1
garantido.,1
favor√°veis,1
debates.,1
Ppq,1
bicicleta,1
empregooooo,1
crescido,1
Tiremos,1
cerca,1
absten√ß√µes,1
Sobram,1
marca,1
pass√°-lo,1
reviravolta,1
dispers√£o,1
Voto,1
canalizado,1
Plano,1
censurar,1
midia,1
entendo...Ele,1
carism√°tico,1
inspira,1
confian√ßa,1
provou,1
falho,1
PERSONAGENS,1
CL√ÅSSICOS,1
LITERATURA,1
Macab√©a,1
d'A,1
Hora,1
Estrela,1
Boa,1
gostam,1
constantemente,1
percebe,1
Olhem,1
quadros,1
pensem,1
Vc,1
gratid√£o,1
pense,1
inexperiente,1
grave,1
favor!!,1
HORRORES,1
NELE,1
necess√°rio,1
VIRAR,1
SI,1
OUTRO,1
GOLPE,1
escanteio,1
conversas,1
metralhar,1
raivinha,1
besta.,1
ouvi,1
controlada.,1
BURRAS,1
inves,1
perceber,1
aue,1
qualquwr,1
tranquilo,1
manequim,1
brincando,1
disgra√ßa,1
respirar,1
tentando,1
desmoraliza√ß√£o,1
INFERNOOOOOOOO,1
CULHAO,1
ADMINISTRAR,1
ENFIA,1
CUUUUUUU,1
mercado,1
escolhendo,1
1,1
voto...,1
mesmo.....,1
bobonaro,1
400,1
comem,1
EMPATADO,1
unico,1
EH,1
FILHOD,1
ODEIO,1
MTO,1
fantoche,1
0,1
adquirir,1
deusss,1
criar,1
impactante,1
pontinhos,1
Haddad...ainda,1
dist√¢ncia,1
conseguirmos,1
derruba,1
alian√ßa,1
erradas,1
decidida,1
tiro,1
p√©,1
quisermos,1
_online,1
54,1
s√©ria,1
n√©.,1
alckmista,1
for√ßado,1
dois.,1
problemas,1
m√≠tica,1
Aquele,1
anti-petista,1
salta,1
brinca,1
Abster,1
jogo.,1
Ciro!!!!Parem,1
roleta,1
russa,1
tiraram,1
sigilo,1
ventilador,1
Acordem!!!!!!,1
#ciro12,1
retardados,1
come,1
alucinados,1
bando,1
bobassauro,1
anula,1
vi√°vel,1
permanecer,1
minimo,1
LESADO,1
doq,1
apoiava,1
somam,1
DEMENTES,1
despreocupada,1
Seria,1
sonho,1
REJEI√á√ÉO,1
CRESCEU,1
NEW,1
makes,1
(qualified,1
case,1
least,1
worst,1
option,1
given,1
likely,1
runoff,1
qnd,1
apoiando,1
refluxo..,1
devido,1
currais,1
eleitorais..,1
coliga√ß√£o,1
nisso,1
VEM,1
HISTORIA,1
IDIOTA,1
FILHA,1
DESSE,1
BRUXO,1
Este,1
impressionante,1
helen√£o,1
d√∫vidas,1
resolva,1
1t.,1
#Bolsonaro,1
extends,1
lead,1
over,1
PT's,1
#Haddad,1
pts,1
(31,1
pct),1
and,1
they,1
would,1
tie,1
run-off,1
also,1
an,1
advance,1
far-right,1
candidate,1
polling,1
firm,1
#Brazil,1
desastre,1
Gleisi,1
TODOS,1
jogral,1
farinha,1
pouca,1
cuidando,1
pir√£o,1
conselho,1,1,
pres√≠dio,1
atitudes,1
O.poste,1
sozinho,1
#somosbolsonaro17,1
in√∫til,1
duvido,1
atinge,1
massivos,1
arquitetar,1
suic√≠dio,1
coletivo,1
cobran√ßa,1
necess√°ria,1
"aprender,1
erros,1
golpistas",1
btw,1
petismo,1
certos,1
abriram,1
boca,1
bostejar,1
equivalente,1
bozo.,1
tds,1
achavam,1
maluca,1
enqnt,1
apoiavam,1
falavam,1
apoiam,1
agr,1
falam,1
‚Äúdesviada‚Äù,1
tp,1
duzia,1
Dito,1
"os,1
extremos",1
Centro-esquerda,1
moeda.,1
Voc√™,1
dividido,1
TRABALHADORES,1
UNI-VOS,1
leva,1
Pergunta,1
sincera,1
pioram,1
Tamo,1
Ratinho,1
detona,1
vivo,1
Brasil.,1
vai...o,1
ilus√£o,1
PT!,1
‚ÄúTem,1
Haddad!‚Äù,1
Acordem,1
PT!!,1
Exato,1
aguente,1
verdade.,1,1,
desesperada,1
Cirooo,1
Povo,1
rejei√ß√£o:,1
44%,1
18%,1
derrubar,1
pariu,1
explica√ß√µes,1
vir√£o,1
pr√≥ximas,1
CAIR,1
ESTAGNOU,1
ai.,1
redobrado!!!..,1
manobra,1
PT!!!..,1
Tudo,1
indica,1
esvaziamento,1
insinuando,1
pouquinho,1
manipular,1
mostram,1
credibilidade,1
instituto,1
duvidosos,1
duvidar.,1
insustent√°vel,1
Bora,1
galera!,1
SOMENTE,1
(q,1
queridos,1
burras,1
insinando,1
concentra√ß√£o,1
campanho,1
pesad√≠ssima,1
mds,1
FUDIDOS,1
PRESTA,1
PLANTA,1
PREFETO,1
HORR√çVEL,1
SO,1
POPULARIDADE,1
CARCER√ÅRIO,1
_siqueira20,1
faremos,1
pior),1
laranja,1
esquerda...ai,1
come√ßo,1
ficarem,1
brigando,1
PESSOALMENTE,1
culpado,1
assim.,1
Nicol√°s,1
Maduro,1
revela,1
maldades,1
humanidade,1
mortas,1
fome,1
for√ßas,1
sensibilizar,1
estacionou,1
leve,1
crer,1
foco,1
chegue,1
cento,1
ve,1
#12,1
seguimires,1
sensatos,1
"artistas,1
helen√£o",1
chorinho,1
Lei,1
Rounet,1
poderiam,1
movimento,1
estagnou.,1
tornam,1
nazi‚Äôs,1
√≠ndice,1
enorme,1
infernizar,1
Agr,1
desesperar,1
facil,1
comanda,1
Manda,1
desmanda,1
troca,1
grav√≠ssimas,1
incluem,1
remessa,1
R,1
avi√£o,1
decidi,1
afundo,1
Hackearam,1
tt,1
turno!!!!,1
pera,1
sejaste,1
menas,1
palha√ßada,1
daquela,1
not√≠cia,1
especialmente,1
_lays,1
desbanca,1
cismam,1
piru,1
faixa,1
noboro,1
PORRA!!!!!,1
cansei,1
merda!,1
DOUTRINA√á√ÉO,1
DAS,1
ESCOLAS,1
CARAMBA,1
professor,1
lambe,1
p√¥,1
perdem,1
(supostamente,1
migra,1
acabam,1
estraviando,1
Realmente,1
...,1
FERRAR,1
"Constituinte,1
Not√°veis",1
Programa,1
priorizou,1
Democrata,1
#HaddadLula,1
decidir.,1
"A√≠n,1
coiso",1
dai,1
criatura,1
certa,1
crist√£o,1
esquerdista,1
anticrist√£.,1
PARIU,1
BONOSSAURO,1
OLHA,1
CARAI,1
BOLAO,1
COPA,1
chocada,1
imbecil,1
mamadores,1
lobotomizados,1
luladr√£o.,1
Haddad??,1
#PTNuncaMais,1
QUADRO,1
GOVERNISTA,1
HADDAD:,1
Arko,1
230,1
295,1
deputados,1
aliada,1
composta,1
PP,1
PR,1
DEM,1
PSD,1
PTB,1
PRB,1
Podemos,1
PSC,1
PHS,1
PRP,1
DC.,1
TL,1
faria,1
Pedro,1
interior,1
Bahia,1
Tocantins,1
malef√≠cios,1
conhece,1
Ps,1
melhora,1
Favor,1
birra,1
√ìbvio,1
garantida,1
qualifica√ß√£o,1
rasteira,1
v√©i,1
alucina√ß√£o,1
√ìdio,1
PORRAAAAAAAAAAAAAAAAAAAAA,1
BUCETA,1
PINTO,1
RUIM,1
BORA,1
ESQUE√áAM,1
Seguinte,1
cogita,1
‚Äúpaci√™ncia,1
esquerda‚Äù,1
Ali√°s,1
ligados,1
PSDB,1
n√£o?,1
surra,1
possu√≠ssem,1
ideologia,1
levariam,1
partid√°rio,1
doentio.,1
PSOL,1
motivos,1
desilus√£o,1
rela√ß√£o,1
[que,1
sentir,1
considerando,1
for√ßa,1
antiesquerda,1
pirulito,1
salsicha,1
enfrentamento,1
sete,1
peles,1
hora.,1
hip√≥tese,1
trabalha,1
termo,1
v√°lido,1
dificil,1
odiado,1
#ERROR!,1
coladinho,1
pivo,1
nmrl,1
eleicao,1
nororo,1
estacionado,1
Ainda,1
fortalecerem,1
desgra√ßado,1
;-;,1
abstenha,1
mexxxmo,1
tr√™s,1
guarda,1
existem,1
alternativas,1
"comandando,3
atrav√©s,3
esquerdalha?,3
caminho,3
perigo,3
BOLSONARO!,3
tarde,4
demais!!!,3
#EuApoioBolsonaro,3
reportagem,1
independente,1
pega,2
cotovelada,1
tornar,1
Prendeu,1
Molusko,1
capiroto,1
evitou,1
mala,1
Favreto,1
libertasse,1
surdina,1
plant√£o,1
tacada,1
fritou,1
fingers,1
louco,1
Salve,1
üáßüá∑,1
Gente..,1
soubessem,1
resultados,1
bons,1
vis√£o,1
ruins,1
perigosos,1
ora√ß√µes,1
cruzando,1
dedos,2
surpreendida,1
positivamente.,1
Infelizmente,1
gnt,2
comida,1
mesa,1
gra√ßas,1
Seguram,1
hist√≥rico,2
elevam,1
possivel,1
insistir,3
cegos,2
vamo,2
morre,2
correr,1
f√≠sico,1
Rapaziada,3
dizendo,6
posi√ß√£o,3
Edir,4
Macedo,4
declarou,5
dei,2
trabalho,3
ler,3
programa,2
gestao,2
Convido-os,2
fazerem,2
assustador,2
esquina.,2
Um,3
perigoooo.,1
#elen√£o,2
nulo/branco,2
aquele-que-n√£o-deve-ser-nomeado,1
dividir,2
escolhe,2
postando,1
‚Äúele,1
quem?‚Äù,1
desinformada,1
devem,2
op√ß√µes,2
deveriam,3
considerados,1
op√ß√µes.,1
dps,1
mudou,1
acreditava,1
velocidade,1
pulo,1
confi√°vel,1
ah,1
cagar,1
chata,1
grupo,1
familia,1
mandando,1
textao,1
Vei,1
segundo.turno,1
chorar,1
penso.mais.odeio,1
sonhar,1
milagres,1
elei√ß√£o.,3
dela√ß√µes,1
inteligentes,1
conscientes,1
iremos,1
estampada,1
inimigo,2
Haddad!,2
repudiei,1
regimes,1
autorit√°rios,1
esquerda",1
FALSO,1
Perguntado,1
socialista,1
afirmou,1
antidemocr√°tica,1
socialista.,1
(haddad,1
m√£e,1
finge,1
estressar,1
"BOLSONARO,1
HADDAD",1
#EleSimENo1Turno,1
Jornalista,1
pressa,1
confio,1
colo,1
bichin,1
estima√ß√£o,1
import√¢ncia,1
pros,1
segmentos,1
merdas,1
aconteceram,1
cegamente,1
butterfly,1
1964,1
swift,1
comandar,1
retardado,1
chupando,1
pau!!!!,1
VOC,1
LADR√ÉO,1
IGUAL,1
ELE!!,1
tomo,1
engov,1
coagido,1
acontece,1
promissor,1
daqui,1
elegeriam,1
oper√°rio,1
atualmente,1
formiguinha.,1
#GazetadoPovo,1
Via,1
voltou,1
ajude,1
pensamento,1
twiteiro,1
"bem,1
empatando,1
entao,1
funcionar,2
Pior,1
pedi,1
justamente,1
armadilha,1
pregando,1
8%,1
Chupa,1
uva,1
por√©m,1
meio,4
dissimulado,1
particularmente,1
agrada,1
crit√©rio,1
gente....,1
investigado,2
PREFEITO,2
SP!,1
tag,1
promovida,1
apoiada,1
bolsominions,2
nordeste.VOTEM",1
cuide,1
Seis,1
longos,1
bomba,1
colo...,1
SEMPRE,1
APOSTAR,1
neur√¥nio,1
press√£o,1
perda.,1
enfim,1
rs,1
Katia,1
Abreu,1
Katia!,1
urgentemente,1
enganada,1
"ah,1
soou,1
certeza,1
resultado,2
positivo,1
ele.,1
U√©,1
levado,1
Hip√≥critas,1
Amigos,2
passo,1
associam,1
chefe,1
f√°cil.,1
Eleitores,2
arriscado,2
barrar,1
burrice,2
Blz,1
transferir,2
gente.,1
ministro,3
educa√ß√£o,2
Sua,3
gest√£o,5
respons√°vel,2
vazamentos,2
ENEM,2
primor,2
efici√™ncia.,2
kkk,2
Nqueria,1
_Campelo,1
_83,1
transfer√™ncia,2
tabela,1
transfer√™ncias,1
√Ålvaro,5
Meirelles,3
maiores,1
fandom,2
vitoria,2
PORRAA,2
salientar,1
Obviamente,1
competir,1
demonstrarem,1
_francesinha,1
votassem,1
ganhava,1
@_twindragons,1
inicial,1
n√©?,1
poucas,1
alian√ßas,1
katia,1
abreu,1
ministra,1
horr√≠vel,1
chapa,3
ciro&amp;haddad,1
egoc√™ntrica,1
marmota,1
Ao,2
IMPLORO,1
07,1
26,1
setembro,1
Abriu,1
dez,1
manteve,2
levantamento,4
anterior.,1
manifesta√ß√£o,1
significativo,1
grotesca,1
total,1
ratificado,1
cm,2
divulga√ß√£o,1
Palloci,2
Toffoli.,1
NESSAS,1
ELEI√á√ïES,1
PT:,1
Enganou,1
SABENDO,1
ineleg√≠vel.,1
copia,1
mente,1
corruptos,1
chamaram,1
golpistas.,1
Usa,1
comprar,1
lideran√ßas,1
pararem,1
hr,2
pendo,1
DIFICIL,1
N√∫meros,3
parecidos,3
BTG/FSB,3
divulgado,3
cedo,3
Rigoroso,3
empate.,3
pt/haddad,1
bonobaro,1
generalzao,1
psdb,1
supostamente,1
representar,1
area,1
progressista,1
doi,1
nojento,2
fracos,1
expressividade,1
usando,1
possa,2
presente,2
utilizam,1
perguntas,1
r√©plicas,1
tr√©plicas,1
atac√°-lo,1
Bando,1
covardes!,1
twitter,2
sigo,1
pobre,1
estranha,1
pude,1
Elei√ß√£o,3
t√°?,1
gomes,1
largar,1
osso,1
Vamo,1
perdidos,1
fraco,1
nitidamente,1
Todo,4
dele..,1
pris√£o,1
lembra,1
traficantes...,1
Finalmente,1
Constituinte,4
repete,1
criar",1
reequilibrar,1
Poderes,1
Submeter,1
Executivo?,1
Nas,1
enxerga,1
ERRO,1
jogada,1
custar,1
parecem,1
afim,1
pego,1
desmonte,1
doria,1
ano,1
estado,1
Trocar,1
trocar,1
d√∫zia,1
Lembre,1
2016,1
Trump,1
venceu,1,1,
m√©rito,1
Hillary,1
passava,1
confian√ßa.,1
prestes,1
2018,1
fraqu√≠ssimo,1
escolhido,1
dar√£o,1
Gilmar,1
Veja,1
tentou,1
responder:,1
‚ÄúGilmar,1
capit√£o,1
desqualificado,1
raso,1
ex-prefeito,1
respeita.‚Äù,1
24%.,1
Instituto,1
s√≥cio,1
21%?,1
Algo,1
acham?,1
timing,1
consolidarem,1
ne,1
preocupante,1
afunila,1
bombardeio,1
(contra,1
40%.,1
conforme,1
chave,1
ouro,1
queridinho,1
t√≠pica,1
atitude,1
bolsominion,1
fique,1
novamente.,1
abissal,1
46%,1
abismo,1
votarei,1
Manuela.,1
Efeito,1
Fez,1
perguntar,1
inteira.,1
Relembrar,1
novo.,1
f*der,1
salvar.,1
proficional,1
NBA,1
perde.,1
PRESIDENTE,1
Algu√©m,1
explica,1
l√≥gica?,1
tl,1
fude,1
quise,1
boniro,1
AA,1
entendendo,1
ELEGER??,1
nisso??,1
Larguem,1
est√∫pida,1
Andrade,1
REELEGEU,1
SP,1
&gt;RUIM&lt,1
fode.,1
"esperar,1
b√™n√ß√£o,1
'aben√ßoado,1
pesco√ßo,1
derrota,3
possam,11
enchendo,11
objetivo,11
desistir,11
chatos?,11
_19,1
bota,1
alienados,2
mor,1
limpo,1
BOLOSAURO,1
obrigada,1
aff,1
jornalista,1
criticar:,1
pressa.,1
Desculpa,1
convence,1
enfiar,2
contem,2
comigo,2
ceder,1
atacavam,1
conseguiram,1
Ca√≠ram,1
tentavam,1
angariar,1
esquecendo,1
programas,1
concordar,1
p√©ssimos,1
estrategistas,1
machismo,1
uh",1
uh,1
balan√ßou,1
brisa,1
"mente""",1
"tu,1
oq,2
barraco",1
"Gnt,1
pec,1
congelamento",1
"Hoooje,1
brota,1
base",1
"Porra,1
lek",1
vaca,1
loka,1
mesmo...,1
despeitada,1
apoiadora,1
bandido.,1
Desculpem,1
intromiss√£o,1
entendimentos,1
tortos,1
falas,1
comentou,1
C,1
porrada,1
estragando,1
trabalhadores.,1
insistem,1
nele!,1
n√£o.........,1
Man√©,1
proibia,1
km/h,1
marginais,1
mero,1
Enfia,1
Narrativa,1
c√©ticos,1
consideram,1
enxurrada,1
concorrentes,1
#EuAcredito,1
#EleSim,1
mant√©m,1
Sonhamos,1
apodrecendo,1
Golpistas,1
trazendo,1
Ciro?,1
evang√©lico,1
capeta,1
deles.,1
trouxa,1
debates..,1
piora...,1
umas,1
frases,1
homof√≥bicas,1
dito,1
expressado,1
hip√≥crita,1
manu,1
comunidade,1
lbgt,1
extensa,1
resist√™ncia,1
ocorreu,1
alta,1
"VOTEM,1
Alo,1
possivelmente,1
Olha,3
Por,1
parecendo,1
rol√™s,1
combinado,1
confundiram,1
Noblat.,1
capit√£o.,1
gamer!,1
refutar,1
#VotemNoCiro,1
Bolsonaro???,2
sede,1
justi√ßa,1
parcial,1
question√°vel,1
candidato!,1
Foda,2
Escolhe,1
bolsossauro,1
bonossauro,2
presidiu,1
despreparado,1
sp,2
globo,2
propaganda,2
engosa,2
aecin.,2
foguet√≥rio.,2
ligou,2
avisar,2
eleito.,2
Quase,2
morri,2
_Oficial,2
agarrado,1
vms,1
aprender,1
passando,1
dados:,1
colocado,2
Est,1
terceiro,1
representada,1
Bolsonaro:,1
Democracia,1
barb√°rie,1
jair),1
Ficam,1
Fa√ßam,1
auto,1
critica,1
cegueira,1
ideol√≥gica.,1
sucesso,1
Parab√©ns,2
envolvidos...,1
amoedo,2
continuem,1
ou√ßo,1
rua,1
carreata,1
usa,1
adesiva,1
carro,1
toa.,1
J√∫lio,1
Brant,1
Vasco,1
podcast,1
359,1
datado,1
30min,1
tendencia,1
lan√ßou,1
21.,1
Vitor,1
divulga,1
poucoooo,1
agoniad..,1
fechad√£o,1
calheiros,1
oliveira,1
cia,1
papo,1
tensa,1
votasse,1
perdesse,1
sentiria,1
REAL,1
botem,1
anti-comunismo,anti-Venezuela,1
VAMOS,1
brinque,1
azar.,1
identificado,1
desvincular,1
tom,1
crescentemente,1
bo√ßal,1
impedir),1
Vera,3
L√∫cia,3
PSTU,3
Guilherme,3
PSOL.,3
Candidaturas,3
Centro-direita,3
Alckmin.,3
Direita,3
Amoedo,3
Dias,3
Fascistas,3
insanos,3
Largar,2
dela√ß√£ozinha,2
v√©speras,2
imparcialidade,2
tentam,2
minar,2
perpetuar,2
esperando,2
6%,1
curioso,1
substiuir,1
bulbassauro,1
ciririca,1
BURRO,1
MATA,1
SOBRE,1
MESMO,1
QUEREM,1
COLOCANDO,1
NOSSA,1
DEMOCRACIA,1
RISCO!,1
S√ÉO,1
DESGRA√áA???,1
devolver,2
'objetos,2
levaram,2
distraidamente,2
acervos,2
Presid√™ncia,2
esquendeu,2
Barnardo,2
escondeu,2
Porto,2
Alegre,2
laia,2
recebe,2
ordens,2
Conclus√£o,1
embrion√°rio,1
carrega,1
semente,1
fermentado,1
ressentido,1
coisificado.,1
cavou,1
sepultura,1
anulo,1
poder.,1
assistindo,1
fiquei,1
gravata,1
vermelha,1
bolinha?,1
Mas",1
FODASE,1
CIRINHO,1
agrade√ßo,1
tirado,1
t√≠tulo,1
imagino,1
TER,1
ATAQUE,1
NERVOS,1
tempo.,1
Continuo,1
D√≥ria,1
horr√≠vel.,1
Lattes,1
Corto,1
naquela,1
urna,1
isto.,1
calar,1
devia,1
odeiam,1
voltarem,1
gostar,1
assumem,1
combate,1
ba,1
Chico,1
compor,1
Gil,1
Caetano,1
eita,1
doido!!,1
Opositores,1
espalham,1
‚Äúo,1
parab√©ns,1
envolvidos,1
inexplic√°vel,1
PAZ,1,1,
ESP√çRITO,1
estaria,1
coligado,1
pdt,1,1,
miss,1
motosserra,1
unido,1
atacou,1
jogou,1
marqueteiro,1
J√∫piter,1
franco,1
atirador,1
cabo,1
desce,1
Monte,1
daquilo,1
ing√™nuos,1
lavando,1
conivente,1
ajudando,1
Sai,1
Vote,1
miga,1
peso,1
:(((((,1
muitos,1
saturada,1
improv√°vel,1
CULPA,1
VOTOU,1
SUAS,1
paci√™ncia,1
c√≠nica,1
empatou,1
deixando,1
objetivos,1
mensal√£o,1
petrol√£o,1
financiamento,1
insista,1
democr√°tica.,1
RECORD,1
29%,1
11%.,1
47,1
39%,1
41,1
ando,1
vermelho,1
estrela,1
blusa,1
vestir,1
camisa,1
definido,1
adiantava,1
vencesse,1
"a,1
votos",1
encostando,1
aguentei,1
postei,1
text√£o,1
site,1
Ando,1
bola,1
sensa√ß√£o,1
desastroso,1
DADOS,1
ERRADOS...,1
neguinho,1
ajuda,1
opor,1
abram,1
filhos,1
brincadeira.,1
elei√ß√£o:,1
odiar,1
menor,1
esquecer,1
ideologia?,1
Tava,1
pedreito,1
meninas,1
negras,1
medicina,1
selado,1
rep√≥rter,1
Haddad:,1
"Os,1
sofreu,1
injustos?",1
"N√£o,1
ataque,1
perguntando,1
esclarecer,1
debate",1
Desarmou,1
li√ß√£o,1
√∫ltimo,1
inventar,1
mudan√ßa,1
inesperada,1
imprevis√≠vel,1
Lembrem-se,1
Montenegro,1
dera,1
Vice,1
quiseram,1
Cultura,1
Esses,1
ligando,1
arriscar.,1
atacando,1
inventando,1
hist√≥ria.,1
Elei√ß√µes,1
virou,1
Ta,1
Filtro,1
Dacilo,1
(O,1
presidiario,1
levada,1
s√©rio...,1
NINGU√âM,1
REJEITA,1
_fenomeno,1
rolou,1
garantir,1
pegue,1
bombeiros,1
f√©rias,1
desidrata,1
bolsonaristas,1
Significa,1
caos.,1
geniais,1
Dessa,1
veem,1
suposto,1
JB,1
deixar√£o,1
acreditando,1
(...),1
alcan√ßar,1
vota√ß√£o,1
BBB,1
conquistado..,1
larga,1
todos.,1
conseguir,1
ultrapassar,1
contar,1
esfor√ßo,1
dele.,1
god,1
nenhuma,1
igualzinho,1
alem,1
corrup√ß√£o,1
PESQUISEM,1
TAIS,1
quisessem,1
ATRASO,1
davam,1
apoiaria,1
l√°...,1
atoa,1
mulher,1
porcaria,1
ursal,1
Falando,1
mim:,1
brigo,1
grato,1
sofrer,1
assumam,1
sofram,1
etapa,1
Por√©m,1
apoiador,1
irrestrito.,1
explodiu,1
degringolar,1
transferidos,1
feia,1
amigos,1
hipocrisia,1
ciretes.,1
Num,1
Bolso?,1
#VotemNoCIRO,1
#haddadpresidente..,1
ciristas,1
putaria,1
CEU,1
acontecendo???,1
morar,1
covarde,1
Questionado,1
‚Äún√£o,1
ligar,1
Haddad‚Äù,1
peidar,1
Capit√£o!,1
OUTROS,1
MT,1
MAIE,1
PREPARADOS,1
ESSES,1
!!!!!!!!!!!!!,1
boicotou,1
‚Äújair,1
preparando,1
retrocessos,1
e/ou,1
tantos,1
demorou,1
sujeira,1
MELHOR,1
vdd,1
caso??,1
privil√©gio,1
juntar,1
sabe..,1
:/,1
amorddeus,1
DOEN√áA,1
alguem,1
Pessoal,
"nossa,1
COMPARAVEL,1
desesperadamente,1
pede,1
guinada,1
planos,1
ocorrer√°,1
disparando,1
flechas,1
envenenadas,1
Igreja,1
Universal(Eu,1
particurlamente,1
Respeito,1
contr√°ria,1",