ciro,1387
serio,914
turno,801
rejeição,614
bolsonaro,548
votem,499
12,454
primeiro,443
gente,429
ganhar,421
nao,402
pesquisas,392
agora,384
semana,363
pt,358
segundo,344
lugar,341
único,336
crescendo,320
chances,319
antes,317
fala,316
aécio,313
atenção,311
terceiro,307
desistam,305
ano,305
verdadeiras,305
bozo,304
passado,303
votar,283
pesquisa,276
subiu,233
reserva,228
ibope,212
voto,167
lula,164
38%,164
acho,163
27,150
importante,137
petistas,136
democracia,131
tempo,129
pontos,123
marina,122
candidato,121
votos,121
44%,120
amigos,118
informação,117
capitão,115
apertar,115
acionar,114
paraquedas,114
#cirotwelves,114
alckmin,112
amor,101
maior,92
contra,85
cresceu,83
vencer,77
palocci,76
eleição,75
esquerda,71
chance,63
vota,62
governo,62
melhor,62
delação,61
11%,61
#ciro12,61
presidente,61
vence,59
claro,59
4%,57
1,57
eleger,56
todo,56
bonoro,56
maioria,54
causa,53
dirceu,52
galera,52
deus,52
ganha,50
dessa,50
vitória,49
estável,49
bem,49
(=),49
ficou,48
fez,48
nessa,47
gomes,47
vc,47
mim,47
povo,46
vão,46
novo,46
21,46
acabar,46
país,44
pessoas,44
#elenão,44
dilma,43
culpa,43
mundo,42
31%,42
coisa,42
ir,42
porque,41
mostra,41
3,41
dar,40
at,40
resultado,40
útil,40
todas,39
fácil,39
13,39
falar,38
margem,38
sim,38
eleitoral,37
qualquer,37
golpe,37
candidatura,36
boulos,36
tomar,36
ja,36
6,36
empata,35
menor,35
constituinte,35
dois,35
esqueçam,35
dia,34
quase,34
geraldo,34
outro,34
milhões,33
menos,33
outra,33
pois,33
continuar,32
dinheiro,32
sendo,32
amoedo,32
alta,32
poderes,31
venezuela,31
verdade,31
sobre,31
viu,31
possibilidade,31
então,30
levar,30
bom,30
daciolo,30
fascista,30
twitter,30
disparando,29
ficar,29
capaz,29
forte,29
judiciário,28
propostas,28
eleitores,28
10,28
8,28
nenhum,28
antipetismo,27
partido,27
ditadura,27
existe,27
nunca,27
apenas,27
volta,27
ver,26
reduzir,26
toda,26
meirelles,26
segue,25
crescimento,25
medo,25
hj,25
vez,24
deixar,24
(pt,24
assim,24
pontos),24
manifestação,24
sei,24
apoio,24
subir,24
stf,24
sobe,23
força,23
fato,23
possível,23
cara,23
fragilidade,23
saira,23
pensar,22
opção,22
grande,22
turno.,22
disparar.,22
amigo,22
42%,22
excelente,22
índice,22
outros,21
mp,21
anteriores,21
whatsapp,21
7,21
dias,21
eleições,21
pessoa,21
feliz,21
moro,21
indulto,20
apoiando,20
igual,20
falta,20
enquanto,20
tanto,20
faz,20
vamo,20
bolsonaro.,19
direita,19
ia,19
tanto?,19
gleici/pimentel,19
cabo,19
passar,19,1,
mudar,19
diferença,19
hora,19
discurso,19
#eleições2018,19
vem,19
quatro,19
pesquisar,19
boa,18
tragédia,18
após,18
circulando,18
datafolha,18
corrida,18
silva,18
votando,18
2018,18
turno!,18
113,18
anti,18
escolheu,18
haddad..,18
potencial,18
inteligentes,18
iria,17
merece,17
#viradacomhaddad,17
ideia,17
atrás,17
passada,17
aumentar,17
ministro,17
bate,17
quem?,17
01/10/2018,17
rt,17
favor!,17
continua,17
empatado,17
eh,17
sempre,16
enorme,16
nível,16
instituto,16
certeza,16
(psl,16
constituição,16
campo,16
eleito,16
vao,16
aí,16
chega,16
segunda,16
cima,16
manu,16
pré-palocci.,16
político,16
ganhe,16
mandando,16
probabilidade,16
intelecto,16
quanto,15
botar,15
plano,15
fazendo,15
presidencial,15
tb,15
ninguém,15
haddad/manu,15
mãos,15
tendências,15
suficiente,15
muita,15
passo,15
quero,15
'ele,15
arriscar,15
#votemnociro,15
momento,14
abismo,14
tentar,14
demais,14
segurando,14
ajustar,14
preferindo,14
conheço,14
próprias,14
antecipado,14
ruídos,14
risadinhas,14
analistas,14
puxado,14
inferior,14
curva,14
problema,14
colocar,14
militância,14
vice,14
mesma,14
últimos,14
fortes,14
18%.,13
triste,13
renovação,13
tirar,13
estaria,13
verdadeira,13
joão,13
merda,13
apoiado,13
gráfico,13
afronta,13
neurônios,13
pau.,13
2o,13
cresce,13
concordando,13
absoluto,13
matariam,13
sobrevivência,13
declaro,13
encerrado,13
acordão,13
tudo.,13
pleno,13
imaginem,13
sofrer,13
pt.,13
única,13
apoiar,13
partir,13
democrata,13
cristão,13
“sinais,13
sinais”,13
absolve,13
64,13
1a,13
instância,13
vira,13
editoriais,13
equiparam,13
ubaldo,13
paranoico,13
henfil,13
começaria,13
desconfiar.,13
alguém,12
trampolim,12
percentuais,12
chegar,12
3%,12
dizer,12
ten,12
caos,12
arrisquem,12
saiu,12
restante,12
nacional,12
tava,12
relação,12
álvaro,12
ciro!!!,12
assista,12
público,11
manipulando,11
fortalecer,11
mascarar,11
(psl)?,11
amoêdo,11
2%,11
sinceramente,11
colocado,11
#elenao,11
tanta,11
poderia,11
branco,11
anos,11
américa,11
disse,11
trabalho,11
acredita,11
(-1),11
homem,11
divulgue,11
psol,11
crianças,11
domingo,10
presidência,10
passou,10
meireles,10
disparou,10
etc,10
tenta,10
aumentou,10
achar,10
ok,10
funcionários,10
brasileiro,10
certa,10
opinião,10
pessoal,10
não',10
pensem,10
atacar,10
recorde,10
enqto,10
candidatos.,10
brasil?,10
30,10
vontade,10
porra,10
preparado,10
mourão,10
declarações,10
mil,10
psdb,10
direito,10
anti-petismo,10
contrário,9
paulo,9
ciro.,9
ganhava,9
urnas,9
direitos,9
alvaro,9
henrique,9
0%,9
votarem,9
algo,9
jos,9
futuro,9
interessante,9
favor,9
conseguir,9
globo,9
empresa,9
foi:,9
67,9
23,9
pontuou.,9
98,9
terminaram,9
grau.,9
onde,9
al,9
votam,9
indecisos,9
começa,9
data,9
deve,9
negócio,9
entendo,9
fazem,9
(-2),9
(+1),9
8,9
disputar,9
avisa,9
foda,9
gigante,8
podem,8
assume,8
fundo,8
(psl),8
definitivamente,8
gleisi,8
escolher,8
parem,8
divulga,8
los,8
insistir,8
bater,8
né,8
guerra,8
paz,8
desespero,8
ajudar,8
pedir,8
cenário,8
querido,8
projeto,8
consciência,8
voto.,8
is,8
variação,8
(26/09):,8
(+4),8
estar,8
aguento,8
15,8
indo,8
começar,8
fim,8
salnorabo,8
coisas,8
time,8
big,8
artistas,8
presidente.,7
folga,7
fonte,7
bolso...,7
(eu,7
sou),7
bronca,7
#12,7
(j,7
verdade),7
jogada,7
pergunta,7
trata,7
bastava,7
afirma,7
aversão,7
identifica,7
mediocridade,7
preconceito.,7
curitiba,7
saber,7
deveria,7
empatam,7
ibope:,7
aparece,7
vencendo,7
renan,7
calheiros,7
brincadeira,7
(cresceu,7
orgulho,7
principalmente,7
vox,7
preciso,7
dispara,7
der,7
tiro,7
ódio,7
provando,7
governar,7
acham,7
ex,7
forma,7
entregar,7
tremendo,7
moro.,7
bancada,7
câmara.,7
nestas,7
negociatas,7
chamadas,7
premiada.,7
abrir,7
muda,7
erros,7
dando,7
bolsominions,7
junto,7
ai,7
mitou,7
quiserem,7
simples.,7
precisamos,7
viado,7
15,7
haddad...,7
general,7
sabemos,6
capiroto,6
completamente,6
ato,6
outubro,6
resposta,6
sociais,6
promovida,6
perto,6
1%,6
liderança,6
inominável,6
proposta,6
opção.,6
timaço,6
lindberg,6
nuuuuuunnnnccccaaaaa,6
lavada.aguardem!,6
antipetista,6
estranho,6
mercado,6
amanh,6
mandar,6
engraçado,6
curioso,6
cês,6
votaria,6
visitar,6
levem,6
pobres,6
record,6
crescer,6
resto,6
acha,6
continente,6
tirando,6
através,6
culpados,6
mano,6
grupo,6
aumento,6
plena,6
fizeram,6
live,6
limitar,6
descansar,6
implantar,6
vermelha,6
totem,6
mente,6
diabólica,6
seita,6
petista.,6
usar,6
representa,6
nome,6
história,6
maiores,6
nulo,6
namorado,6
conversando,6
"eu,12
daquilo,6
falou",6
"gostei""",6
min,6
"voc,12
valorizou",6
"ouve""",6
2019,6
aposentadoria,6
tratem,6
noite,6
vivo,6
facebook,6
combater,6
prejudicar,6
9,6
5,6
disso,6
boas,6
adversário,6
jogar,6
olhar,6
brincar,6
roleta,6
russa?,6
vale,6
ursal,6
reescrever,6
objetivo,6
btg,5
primeira,5
38%.,5
tweet,5
impedir,5
pronto,5
noção,5
38,5
parabéns,5
folha,5
república,5
afirmou,5
recebe,5
mês,5
36,5
chegando,5
entreguem,5
deu,5
pátria,5
#atenção,5
pequisa,5
(pt).,5
dúvida,5
brincando,5
decolar,5
membros,5
(e,5
disputa,5
sinal,5
consegue,5
situação,5
educação,5
bandido,5
importa,5
ordem,5
direto,5
reta,5
depender,5
daqui,5
buscas,5
victoria,5
obrador,5
ojalá,5
haría,5
girar,5
progresismo.,5
economías,5
más,5
latina.,5
vientos,5
quedarían,5
aislados,5
nuevo,5
aire,5
colombia.,5
subindo,5
dialogar,5
tentando,5
querendo,5
nordeste,5
diferente,5
significa,5
percebeu,5
sim',5
teto.,5
realidade,5
rápido,5
of,5
dividir,5
isso.,5
manuela,5
vítima...,5
cúmplice,5
lembre-se,5
inclusive,5
lula.,5
acontecendo,5
difícil,5
24%,5
200mil,5
visualizações,5
página,5
cerca,5
assistindo.,5
gravar,5
24,5
seguro,5
contar,5
polarização,5
desonestidade,5
passam,5
pano,5
enfrentam,5
mudança,5
ninguem,5
pontos.,5
democrático,5
qm,5
chegou,5
ruas,5
mao,5
puto,5
prefeito,5
dividido,5
números,5
foguete,5
níveis,5
alarmantes,5
sonho,5
supera,5
pai,5
acabo,5
prender,5
quarto,5
bonita,5
pazes,5
une,4
247,4
assumir,4
melhores,4
acesso,4
temer,4
alguns,4
disparar,4
quantidade,4
caindo,4
360,4
aproxima,4
(44,4
suicídio,4
coletivo,4
pau,4
empatados,4
desempenho,4
briga,4
rejeitado,4
"ateo,1
siguen,1
siendo,1
ricos,1
queria,20
mt,10
precisando,1
visao,1
alguem,2
insistência,1
previsto,2
perder,30
porem,1
despreparado,1
01/10:,9
cadeia,15
receber,4
instruções,6
chefe,5
quadrilha,35
preso,15
corrupção,16
lavagem,4
apoia,14
tipo,8
simplesmente,5
presta.,4
desde,22
tornou,3
expressiva,1
candidatos,18
oscilaram,1
erro,27
bolso,20
1%-2,1
confesso,2
sinto,1
firmeza,1
debate,28
gostando,1
desse,10
pena...,1
didática:,1
cambada,1
desgraça,3
infernos,2
adianta,12
textao,1
pró-ciro,1
aqui,20
rede,7
social,7
lacrar,4
puta,8
pariu,1
bando,4
arrombado,1
+11,1
linda,4
abriu,1
vantagem,54
breaks,1
into,1
the,11
30s,1
in,4
new,1
poll,1
and,5
rejection,1
rate,1
spikes,1
#brazil,2
casa,29
cair,42
lula,dilma,haddad,24
pt&gt,24
homologada,24
justiça,29
possui,24
800,48
páginas,24
roubalheira,24
fazia,24
parte,41
pertenceu,24
cúpula,24
governos,24
alienado,24
gente.,26
_scrf,1
_015,1
exatamente,7
ve,1
questão,13
política,14
intenção,27
partidária,1
movimento,6
ideias,2
dele...,1
tucanos,2
bico,2
dourado,1
coiso,82
transposição,1
filme,3
disponíveis,1
mostram,4
50,6
cento,1
ficam,4
haddad.,19
impressão,1
perdidos,1
vieram,2
novos,2
ibope?,1
estratégia,6
irei,5
facismo,1
não.,3
próximo,2
(que,3
globo),1
bombardeio,1
(isso,1
né?),1
pegarem,1
tendência,5
final,14
:(((,1
ibope.,25
parece,17
#ptnao,9
forte..,8
:d,8
ate,5
simpatizo,1
apesar,4
1°,1
correr,11
risco,21
so,8
pesquisa.,1
levarmos,1
2°?,1
lado,18
assuste,5
façam,11
repensar,5
feito,13
coração,13
bonito,6
funciona,5
ameaça,6
real,26
regulação",4
meios,4
comunicação,4
defendida,4
mentor,4
iniciar,4
vermelho,4
jamais,4
permitiremos,4
cometam,4
entendam,4
alturas,4
pé,4
ego,4
#haddad,4
decisivo,4
renda,4
financia,4
cuba,4
chova,4
canivetes,4
máfia,4
dela.,4
(vai,4
39%,4
ensino,4
puro,4
conta,4
escolha,4
passa,4
arqueólogos,4
suspendem,4
estado,4
cabeça,4
favorável,4
preocupante,4
monstro,4
estabilizada,4
44%.,4
surpreendemente,4
ptismo,4
refletir,4
subida,4
senão,4
depende,4
ignorar,4
voces,4
bastante,4
confirmar,4
umas,4
boca,4
qqr,4
#debaterecord,4
longe,4
dentro,4
pqp,4
próximas,4
motivo,4
prefere,4
candidaturas,4
timeline,4
algumas,4
fascista.,4
pastelão,4
nesses,4
tiquititinha,4
alma,4
televisão,4
ouvir,4
burras,4
serpes/o,4
popular,4
goiás:,4
ps:bolsonaro,4
ali,4
aliança,4
pocs,4
direitinho,4
paciencia,4
tentou,4
cagaço,4
criancinha,4
fique,4
entenda,4
rsrs,4
total,4
perde,4
supremo,4
candidata,4
convida,4
uruguai,4
(mojica,4
governante,4
(união,4
repúblicas,4
socialistas,4
latina),4
*foro,4
paulo*,4
criação,4
*“grande,4
comunista”*,4
rio,4
janeiro,4
bicho,4
hashtag,4
'vote,4
ciro',4
criada,4
pulando,4
navio,4
pulverizar,4
carlinhos,4
maia,4
indeciso,4
(provavelmente,4
ciro),4
instagram,4
ciro!!!!!,4
mto,4
bora,4
pressionar,4
bolsonaro!,3
6%.,3
empata.,3
conhece,3
eleição.,3
rs,3
manter,3
retirada,3
trabalhistas,3
michel,3
psdb...,3
consiga,3
empacou,3
transferencias,3
possivel,3
espaço,3
laboratorio,3
experiência.,3
graça.,3
(psol),3
(patriota),3
nenhuma,3
entendi,3
queimar,3
experiência,3
afirmo,3
mostrou,3
mais),3
pauta,3
prévia,3
legal,3
governabilidade,3
reagiria,3
reagiu,3
parado,3
veremos,3
arrisco,3,23,
corretas,3
pense,3
votar!,3
pablo,3
vittar,3
procurei,3
encontrei,3
simulação,3
entre:,3
publicassem,3
arrogante,3
prepotente,3
tucano?,3
fiquei,3
escudo,3
#ciropresidente,3
responsáveis,3
acordo,3
_,3
le,3
acreditam,3
anti-pt,3
emoções,3
petismo,3
birrinha,3
porca,3
ferido,3
acaba,3
compra,3
direta,3
mensalão,3
abre,3
agora.,3
#eleicoes2018,3
mentira,3
!,3
notícias,3
explicação,3
ambos,3
fiquem,3
críticas,3
defender,3
mostrar,3
age,3
termine,3
helena,3
chagas,3
vendo,3
mal,3
inferno,3
forçar,3
"bolsonaro,2
20,6
haddad",3
insistem,3
embraer,3
leia,3
luta,3
independente,3
comando,3
cai,3
aparelhamento,3
esconder,3
conduta,3
ladrões,3
visa,3
colaborar,3
mônica,3
bergamo,3
petistas.a,3
insuflar,3
comparação,3
tirou,3
cheio,3
andrade,3
capacidade,3
falou,3
posição,3
errado,3
políticas,3
menino,3
maneira,3
imagem,3
várias,3
arrogância,3
unificar,3
oportunidade,3
pulei,3
pensem!!,3
leva,3
internet,3
sp,3
pior,3
antipetistas,3
acreditar,3
pensa,3
partidário,3
estadistas,3
lideranças,3
mundiais,3
semanalmente,3
"política""",3
crítica,3
apertado,3
tranquilo,3
escroto,3
veja,3
hein,3
conceito,3
liberdade,3
impresa,3
toffoli,3
enfim,3
far,3
lava,3,1,
trocar,3,1,
tecla,3
ele.,3
igualzinho,3
anti-petista,3
porcentagem,3,1,
tendo,3
crise,3
abrindo,3
declarou,3
radical,3,1,
baixo,3
decisiva,3
hoje:,3
batendo;,3
colocarão,3
técnico;,3
manifestações,3
contribuíram,3
muito.,3
nós!,3
desejo,3
previsível,3
lamentavelmente,3
besta,3
mantém,3
firme,3
arautos,3
perderam,3
migraram,3
qq,3
descer,3
disparado,3
tranquilidade,3
44,3
meia,3
redes,3
visto,3
técnico,3
perdeu,3
cacete,3
saiam,3
palanque,3
pavor,3
lááá,3
solução.,3
manda,3
tal,3
burro,3
15:00,3
boato,3
preferido,3
distribuiu,3
mamadeira,3
formato,3
pênis,3
creches,3
gente!,3
conflitos,3
sozinho,3
desesperada,3
combinar,3
delações.,3
ameaçar,3
mp.,3
nada..,3
abala,3
corrupção..,3
gere,3
grana,3
também.,3
preferir,3
viados,3
40,3
29%,3
povao,3
efeitos,3
beijada,3
galerinha,3
1️⃣3️,3
"crescendo,4
lembram,4
recuso,2
bozossauro,1
impossível,2
somam,1
percentual,2
superior,1
entretanto,1
tamanho,1
repercussão,1
mundial,1
haver,2
narrativa,2
puxada,1
chamado,1
regulada.,1
esquerdista,1
moderado,1
ótimo!,1
gangue,1
r$800.000.000,00,1
roubou,1
contribuinte,1
roubaram,2
mostre,1
descontentamento,1
limpa!,1
dobrou,1
record/real,4
25,5
(12/9,4
29,6
7%,4
5%.,4
gosta,3
dividida,1
dificilmente,1
virada,1
vo,1
festa,1
kakaka,1
90,1
feitas,1
propina,2
década,1
moldando,1
leis,1
baseadas,1
costas,1
ler,1
arrombadinho,1
proteger,1
kkkkk,1
solução,2
desta,1
facção,1
devolver,1
certamente,2
economia,3
ira,1
melhora,1
topa?,1
virtude,1
criminalização,1
vista,1
latina,2
dória,2
entende,2
decisão,1
correta.,1
mande,1
13eijos,1
diga,1
palmadas,1
ctz!,1
boldemort,1
infelizmente,2
atual,1
situ,1
hexa,1
plebiscito.,1
1º,1
escapar,1
aspirante,1
ditador,3
capiroto.,1
era:”como,1
repetiram,1
fakenews,3
13.o,1
salário,2
“honrado,1
sabedor,1
cláusulas,1
pétreas,1
retiradas,1
cf,2
mexer,1
petistas?),1
é.,1
demonização,1
casos,1
+,2
absurdo,3
confusão,2
hr,2
td,6
algum,1
usando,1
governo.,1
aguardemos,1
rola,1
entanto,1
coro,1
inocentes,1
úteis,1
envergonhados,2
convictos,1
entrem,1
?&gt,1
choramingando,1
gargalhar,1
burrice,36
turno...,1
vv,1
ppde,1
#nemqueavacatussa,1
escambau...mas,1
não...,1
curtir,1
socialismo,1
venezuelano,1
indecisão,1
focarem,1
cerveja,2
?,2
aceitou,1
bozonazi,1
lágrimas,1
bz,1
‘votos,1
2022,1
servir,1
reitero,2
liberais,1
bestas,1
orgulhosos,1
6%,3
defende,3
muuuuito,1
competentes,1
oposição,2
aspecto,1
detesto,1
18,2
entao,2
porraaaaaa,1
_giii,1
analfabetos,1
funcionais,1
ideológico,1
jornalista,1
democratizar,1
critica,8
anarquia",3
jurídica,3
tabela,3
máximo,3
147,3
estagnado,3
bonossauro,3
#2,3
né?,3
censura,2
manipulado,2
avanço,2
diretor,2
prêmio,2
onu,2
arriscado,2
honesta.,2
impostos,2
(pt),2
(pdt),2
(psdb),2
(novo),2
(podemos),2
guilherme,2
sistema,2
último,2
familia,2
faria,2
mimimi,2
feitos,2
protestos,2
pontos!,2
presidenciáveis,2
impressiona,2
acelerado,2
amarga,2
polarizada,2
violenta,2
estabilizou,2
38),2
implorar,2
enxergar,2
óbvio?,2
sair,2
aprender,2
largar,2
explica,2
mudou,2
capeta,2
(por,2
motivos,2
facilidade,2
qu,2
golpistas,2
sanidade,2
curte,2
altas,2
prova,2
duvido,2
antipestismo,2
vésperas,2
ávaro,2
denunciar,2
escrita,2
modalidade,2
-um,2
prisão.,2
solnorabo,2
livro,2
teoria,2
lindbergh,2
palocci.,2
honesto,2
falava,2
o(a,2
chave,2
sigilo,2
(n,2
anos.,2
piso,2
17,2
divide,2
férias,2
lixando,2
flávio,2
dino,2
deputado,2
líder,2
importantes,2
haddad),2
compromisso,2
livre,2
setores,2
ajudando,2
começou,2
estagnação,2
olho,2
credibilidade,2
peço,2
sugestão,2
consistente,2
bomba,2
criticou,2
melhor.,2
#terranotícias,2
velho,2
insiste,2
inteiro,2
perdendo,2
amiga,2
dessas,2
brigando,2
filhos,2
goste,2
transferir,2
argumento,2
repetição,2
mandato,2
água,2
praticamente,2
fingir,2
unica,2
salvação,2
vivemos,2
ciro?,2
novas,2
foder,2
"chorar,1
poderiam,2
continuem,2
adorando.,1
nesse,16
caíram",2
"&gt;estagnaram&lt;""",2
"continua,2
mesmas,4
votos.",2
"estagnar,2
continuar",2
hahahuhuahuahuahuaa,2
projetos,2
carreata,2
carros,2
não!,2
01/10,2
somente,2
politico,2
econômico,2
cancela,2
texto,2
prato,2
mesmo.,2
ampla,2
12.,2
acordem,2
classe,2
choice,2
wants,2
dictatorship,2
democracy,2
juro,2
historia,2
li,2
perdoe,2
joga,2
conveniências,2
convicções,2
mimado,2
qquer,2
exame,2
competente,2
fantoche,2
permissão,2
utilizam,2
tática,2
teto,2
#haddadnarecord,2
neles,2
batendo,2
ditadura.,2
jogando,2
coiso.,2
fico,2
pouca,2
pega,2
massa,2
atingir,2
faça,2
gestor,2
entregue,2
encontro,2
aula,2
ciristas,2
chama,2
visão,2
galho,2
alimentar,2
ainda.,2
sentir,2
por,2
d’ávila,2
ganhar',2
escreve,2
andr,2
forastieri,2
família,2
condição,2
agr,2
fds,2
qlqr,2
parada,2
sequer,2
período,2
bomba!,2
revela,2
criminoso,2
comanda,2
compartilhe,2
volte,2
comandar,2
hoje.,2
46%,2
18%,2
perigo,2
insistindo,2
reclamar,2
cristãos,2
escolhas,2
difíceis,2
escolha:,2
kit,2
gay,2
escolas,2
criou,2
bolsatravesti,2
bolsacrack,2
aborto.,2
senado,2
cartas,2
jato!,2
brincar.,2
dizem,2
100,2
desesperar,2
confirmam,2
votei,2
vejo,2
btg/fsb,2
trump,2
confira,2
completa,2
clique,2
link:,2
viver,2
segura,2
novidade,2
antecipação,2
demais.,2
glover,2
#jn,2
1°turno,2
migrarem,2
enchendo,2
saco,2
continuemos,2
dispusermos,2
apontados,2
cnt,2
bola,2
ladrão,2
merenda,2
fogo,2
beira,2
forçando,2
exclusivamente,2
picuinha,2
ataca,2
duzia,2
anjo,2
#ovotonarecord,2
28,2
14,2
distância,2
apresenta,2
impressionante,2
enxergam,2
conversem,2
onibus,2
veio,2
local,2
foda-se,2
militando,2
profissional,2
:),2
lados,2
totalmente,2
saída,2
arriscando,2
entendem,2
nd,2
explodindo,2
custaram,2
caro,2
mais!,2
portanto,2
conscientes,2
bozonaro,2
falo,2
régua,2
desiste,2
fãclube,2
estável.,2
util,2
ah,2
oq,2
tl,2
baixa,2
durante,2
ceará,2
promessa,2
eleição:,2
manhã,2
12:00.,2
17:00,2
!!,2
organizar,2
vota!,2
#paz,2
bota,2
achou,2
hoje?,2
poderosa,2
mãe,2
criticar,2
cumpriu,2
"vocês,2
falam,4
votos?",2
pras,2
projeções,2
extrema-direita,2
populista,2
custo,2
jesus,2
enfraqueça,2
eminente,2
parar.,2
puxar,2
afinal,2
provável,2
cavalo,2
machista,2
brasileira,2
turno:,2
45%,2
41%,2
(jornal,2
record),2
sr,2
bolinha,2
rejeicao,2
ficha,2
defeitos,2
longo,2
prazo,2
reservo,2
pacto,2
contribuindo,2
#uolnasurnas,2
#informacaocontraoachismo,2
econômica,2
haddad!,2
objetivos,2
(,2
your,2
representar,2
garantia,2
torço,2
confiança,2
fu,2
#bolsonaro2018,2,10,1
mais.,2
enfraquecer,2
acalmar,2
ngm,2
blz,2
análise,2
detida,2
desidratação,2
atraso,2
conhecido,2
fenômeno,2
igualmente,2
previsível.,2
milhoes,2
monte,2
propaganda,2
gastem,2
salvem,2
sonhos,2
eunício,2
oliveira,2
tamo,2
alcançando,2
menstruação,2
relevante,2
governe,2
novamente,2
tá!,2
cargo,2
brasil.,2
",2
contraproducente,2
#elenão",2
direita.,2
conversa,2
acompanha,2
contato,2
inicio,2
bati,2
esperar,2
datafolha...,2
moçada,2
confraria,2
golpista,2
recibo,2
manobras,2
desesperadas,2
percebendo,2
deixam,2
manipular,2
facilmente,2
assim?,2
qrem,2
mágica,2
incríveis,2
voluntários,2
véspera,2
derrubar,2
empatando,2
parem.,2
bozoro,2
(12,2
chatice,2
obrigado,2
jb,2
today,2
1️⃣2️⃣,2
lila,2
rejeição),2
série,1
histórica,1
perdia,1
realista,1
caminhos,1
gravem,1
lembra,1
certinho,1
reeleição,1
criar,1
desnecessária,1
pipocou,1
lewandowski,1
maravilhosa,1
constituição.,1
conseguiram,1
queriam,1
cresceu.,1
r$9,1
recebeu,1
r$20,1
indignação,1
usado,1
financiar,1
registro,1
cassado.,1
tracking,1
partidos,1
nazi,1
magnífico,1
32,1
quinta,1
avante,1
camaradas!,1
absoluta,1
proconsult!!,1
coiso!,1
(rede),1
(mdb),1
tudo..,1
(marina,1
patifaria,1
indicou,1
temer.,1
#mito,1
ciro!!,1
_sz,1
leon,1
ludibriar,1
inscritos,1
consequência,1
entende..,1
plebiscito,1
surgir,1
bom.,1
turma,1
cresce!,1
confete,1
reza,1
braba,1
aconteça,1
torcer,1
completar,1
bomba.,1
mana,1
confuso,1
definição,1
sexual,1
nova..,1
exato,1
confiar,1
ache,1
“coincidências,1
estando,1
solta,1
frase,1
polêmica,1
início,1
compraram,1
botaram,1
acharam,1
bobosauro,1
#cironosegundoturno,1
mano..,1
bonanoro,1
avanços,1
escolaridade,1
banco,1
mundial.,1
fodido,1
pt),1
reflete,1
¿por,1
tumbaron,1
juan,1
bosh?,1
llamaron,1
jn,1
eufórico,1
ar,1
derrotam,1
#haddadmanu,1
capetão,1
possuem,1
identificar,1
pesar,1
_livres,1
teve.,1
fiel...,1
andrade...digo,1
pegando,1
instruções...,1
_pesado,1
_pontes,1
campanhas,1
criado,1
chegadas,1
agressivas,1
sabia,1
apertar+,1
escreveu,1
prática,1
correndo,1
ahhhh,1
nessas,1
eleições.,1
bokugunaro,1
cria,1
tirava,1
bateram,1
novo(a,1
rejeição.,1
eleitor(a,1
um(a,1
candidato(a,1
ele(a,1
simpatizasse.,1
não?,1
palavras,1
olhem,1
continuarem,1
tapa,1
fofo,1
matéria,1
"coincidentemente,1
levantado,1
juiz,15
sergio,1
estacionou,1
patéticos!,1
votou,22
caralho,28
achava,1
vinha,2
colocando,3
frente,17
chute,1
falei,6
ponto,23
ajustando,1
bagulho,3
trolha,1
sarracena,1
revista,3
crusoé,1
começaram,2
discutir,3
divisão,3
cargos,2
eventual,4
deixem,6
iludidos,3
serem,3
burros,11
óbvio,3
além,10
recebesse,1
lindo,7
recebendo,1
alegria,5
momentos,1
emocionantes,1
paranaense,1
simulações,13
traz,14
derrotar,26
diz,49
projeção,13
empate,21
42,19
venceria,29
psl,15
durou,1
duas,8
certo,17
demais!!!!!!,1
parta,1
abutres,1
usam,1
desinformar,1
população,8
programa,18
tv,5
obrigação,1
duro,1
apresentar,2
sermos,1
bonzinhos,1
bichado,1
injustiçado,2
reportagem,4
istoé,2
prisão,9
coordena,2
ação,5
mudem,2
benefício,2
#alvarodias19,2
#debatenarecord,9
impedido,5
sede,6
importam,6
pouco,21
acontecer,8
eleitos,5
(novo,2
(podemos,2
(mdb,2
cada,17
vera,3
(pstu),2
eymael,15
(dc,2
goulart,2
filho,5
(ppl,1
pontuaram,1
galera..,1
encontrou,1
sábado,3
logica,2
amostral,1
nesta,19
distorções.,1
desmereço,1
distorção,1
amostral.,1
(btg,1
cara.,1
pg,1
pegou,3
queda,6
transferência,1
últimas,4
fica,32
evidente,2
encerrou,1
conseguiu,5
herdar,1
próprio,4
partido...,1
hospital,1
voo,1
comercial,1
cidadão,1
viaja,1
jato,1
fretado,1
eis,1
grandes,7
diferenças!,1
paga,1
conta?????,1
condições,3
nação,1
olha,17
metendo,3
sério,5
altura,1
campeonato,1
apanhar,1
militar,3
ni,2
borracho,1
dopado,1
la,24
nierda,1
junta,1
,haddad,1
es,2
ellos,1
si,3
entras,1
seguido,1
su,1
infobae,1
fíjate,1
personajes,1
escriben,1
el,10
pedófilo,1
tenenbsum,1
zurdo,1
zoottogliada,1
julio,1
bárbaro,1
hay,4
otros,1
averigua,1
cómo,1
llego,1
dueño,1
un,2
canal,1
radio,1
mídia,12
fux,3
hahaha,5
maravilha,3
voz,3
própria,11
ferraram.,3
fugir,3
gente..,1
(inclusive,1
cresceu),1
decidir,6
to,26
quiser,10
gostar,3
honestos,1
parar,8
bosniro,1
patamar,1
fuder,1
obrigada,3
eleitor,10
convicto,1
pdtista,1
via,7
ptista,1
semana.,1
fudeu.,1
precisa,22
nele,25
erraram,1
muitas,8
vezes,10
durrube,1
desprezível,9
elenão,9
funciona!,9
#ibope,22
27%,9
12%,18
brancos,17
nulos,17
sabem,21
caiu,20
5%,9
antecessor,1
concorrentes.,1
atributos,1
bl,8
blá,4
digo,5
chuchu,1
merenda!!!!,1
glórias,1
deux!,1
#brasildecide,1
faltan,1
días,1
podría,1
ganar,1
primera,1
vuelta,1
según,1
encuestas.,1
fue,1
dado,2
pero,1
participa,1
en,12
debates,4
electorales.,1
después,1
las,7
protestas,1
del,1
feminismo,1
determina,1
electoral,1
achei,4
fraco,5
aliás,2
otimo,1
querer,6
aparecer,4
petista,36
associando,1
extrema,4
cu,14
beleza,3
muitos,4
respeito,3
parcialmente,1
geral,2
unir,10
pensando,8
perdido,2
48h,1
cheirar,1
cy,2
lyla,1
briguei,1
familiares,1
politica,4
natal,1
venho,5
tempos,27
dizendo,5
alternativa,5
talvez,11
perca,3
evitar,14
já.,3
ponha,1
nisso,5
estranhe,1
tbm,4
entrar,7
onda,6
nada,63
inflar,2
estagnar,1
ñ.,1
filha,2
deixe-me,1
explicar,2
vídeos,2
material,1
professores,2
usarem,1
alunos,1
pré-adolescentes,1
criancinhas,1
jovens,1
existem,5
homossexuais,1
iam,2
aceitar,2
respeitar,1
orientação,2
simples,7
assim.,2
empatar,2
avisei,1
lacra,2
achando,7
pais,5
ótimo,6
terror,4
psicologico,1
angariando,1
propin,1
lord,ataques,1
lado.ele,1
aumenta,4
tom,1
voz.calmo,ponderado,inteligente.meu,1
eleito.,8
imensa,8
lógico,10
ajuda,3
coloca,2
biroliro,1
ganhar.,3
(01/10,25
pts,17
podendo,24
considerada,16
baixíssima,16
1️⃣2️,16
razão,2
unico,3
2002,3
gosto,8
.,5
gostaria,1
creio,8
país.,3
elege,6
esperado,4
ataques,2
sofre,1
progressista,15
senão...,1
inflaram,3
orquestra,3
tocando,3
perfeita,3
harmonia,4
última,27
entrou,3
uns,5
acordes,3
contrabaixo,3
precisou,4
estagnou,5
querem,34
crer.,3
divulgada,24
(1º,11
aponta,11
manteve,17
intenções,23
planalto:,6
ontem,10
irresponsáveis,1
fresquinha:,9
ganhando,49
indecisos.,9
alckimin,12
pseudo,10
preocupada,10
ascensão,10
fascismo,12
devia,12
migrar,14
vote,31
sabendo,14
elegendo,6
aceitem,5
logo,11
derrota,8
#ibope.,4
#cirosim,24
lixo,8
chorar,3
rir,3
msm,7
detalhe,2
deixa,7
suspeita,2
subido,2
dobradinha,2
globo/moro,2
ver!!,2
figuras,1
concordo,2
porém,4
chapa,2
provavelmente,2
abrirei,1
mão,12
necessário,1
espero,5
petitas,1
sigam,1
caminho.,1
´que,1
(segundo,1
ibopt,1
ganha",1
43%,1,1,
tremenda,1
#dia07é17,1,1,
aprovar,1
emendas,1
constitucionais,1
53,1
59,1
alteraram,1
dispositivos,1
fundamental,1
nove,1
salarial,1,1,
publica,1
obrigatoriedade,1
traduzir,1
#bolsonaro,1
71%,1
malddad,1
circo,1
mandou,1
procurara,1
pc,1
guimarães,1
coube,1
orientações,1
momento!!!!,1
liguem,1
&gt;qualquer&lt,1
experimente,1
2012-2016,1
(gestão,1
surpreendente.,1
alô,1
atitude,1
irresponsável,1
lei,1
ibovespa,1
bolsas,1
informou,1
erra,1
eita!,1
2ºturno,1
vide,1
d'ávilla,1
fracassados...guardem,1
votos!,1
jaburu...,1
inocência,1
urnas...,1
novo..,1
colocaram,1
concorrer,1
suplicy,1
corrompeu,1
trisco,1
cariri,1
entrando,1
poucos,1
estranha.,1
ótimos,1
provou,1
prejudicial,1
tornando,1
mãos.,1
choradeira,1
clubinho,1
twitteiro,1
desocupado,1
twitterkkk,1
comentam,1
independência,1
deixar...,1
ganhei,1
bandeira,1
contrario,1
bosobosta,1
proprio,1
banda,1
simpatizando,1
barrar,1
analisando,1
confusa,1
separado,1
ironicamente,1
sincero,1
qd,1
sara,1
winter,1
lider,1
feminista,1
fêmem,1
conheceu,1
verdadeiro,1
mostrava,1
lado.,1
#haddadamarelou,1
"paran,1
juntar,7
constituição...,1
levando,1
consideração,1
péssimo,2
altíssima,3
claramente,6
taxa,2
voltar,4
divi,1
zero,3
apavorada,1
congresso,2
competência,1
exclusiva,1
convocar,7
consultas,1
populares,1
mr,1
spreading,1
good,1
vibes,1
cheer,1
because,1
drumline,1
just,1
got,1
tagged,1
sorry,1
colorguard,1
north,1
penn,1
high,1
school,1
tao,7
entregando,3
presidencia,3
alem,5
abraçando,3
desenhar,3
bonitas,3
entenderam?,3
ministério,10
federal,7
resolveram,2
ponta,2
dedo,3
digitando,3
sete,2
bonito!,1
ganharia,2
45,4
39,3
_vives,1
___costa,1
é..,1
provas,4
julgam,1
convicção,5
professor!,1
ignorar..curtia,1
virou,2
fanatismo,5
insuportáveis.,1
acredito,7
lula...o,1
bike,1
entrevista,11
caminho,3
parou,5
grafitar,1
muro,6
fones,1
ouvido,1
racionais,1
criolo,1
&lt;3,12
gostei,15
vídeo,21
acontece,2
bolsa,1
eleito?,1
caralhoooo,1
implorando,1
jeito,15
boniro,1
esquece,5
mobilização,1
:,4
disparou!,1
rumo,2
#b17,2
meio,7
curiosa,1
âmbito,1
_otero,2
camarote,2
#empauta,2
antes?,2
vi,8
ouvi,2
fogos,2
alto,7
afonso,2
pena-bh,2
comemorando,3
aecio,3
dada,2
ligou,2
avisando,2
2014,32
tecnicamente,3
superior.,1
reais,4
bolsonaro???,1
arriscar???,1
amo,5
11%??,1
_penachioni,2
tá,1
votassem,1
(o,2
pediu,2
raciocínio,2
transe!,1
podemos,7
surpresas,1
hehehe,1
hurr",1
durr,1
"marina""",1
tomem,1
vergonha,1
responder,1
coerente,1
marina?,1
manos,1
bubassauro,1
envolvidos,1
desgosto,1
geringonça,1
estacionado,1
(manchetes),1
boeing,1
produção,1
empregos,1
eua.,1
diário,1
compromete,1
reverter,1
venda,1
#pttambémnão,1
"o,6
estabilidade,2
governar",1
sugere,1
continuidade,1
rolado,1
2015/2016.,1
_oficial,1
faixa,1
bozo.a,1
contrário.#ciro12,1
“caminha-se,1
agentes,1
financeiros,1
adaptaram,1
eleitoral...”,1
coluna,1
leonardo,1
attuch:,1
bosnolaro,1
rua,1
opressão,1
diariamente,1
claro.,1
queimado,1
praça,1
numeros,1
comandou,1
role,1
enfiada,1
embalagens,1
antigos,1
interesses,1
baixar,1
músicas,1
ganho,1
comecem,1
_hang,1
fernandinho,1
beira-mar,1
combate,1
tráfico,1
drogas,1
cansam,1
vergonha.,1
fazemos,1
bocaiúva:,1
carreta,1
10.000,1
haddad/luladrão,1
paraguay,1
nuestro,1
acompañamiento,1
solidario,1
con,1
compañeros,1
restauración,1
preocupado,1
tiroteio,1
efeito,1
cadeado,1
porta,1
estacionado.,1
comparando,1
leitura,1
questiono,1
doença,1
voluntária,1
existência,1
manoela,1
lutando,1
reli,1
espera,1
autocrítica,1
questionar,1
acusá-lo,1
crítica..,1
assistindo,1
marionete,1
voto...,1
#somosbolsonaro17,1
virar,1
parlamentarista,1
ganhar!!!,1
transformar,1
comunista,1
kkkk,1
eleitora,1
triunfo,1
favorito,1
temperar,1
centro-esquerda,1
acenar,1
média,1
instituição,1
autonomia,1
perderá,1
mainstream,1
media,1
portrayed,1
moderate,1
democrat,1
his,1
extreme,1
left,1
equivalent,1
if,1
election,1
wasn't,1
between,1
fascist,1
who,1
*montando,1
serie*,1
marque,1
@,1
protagonista,1
vilão,1
par,1
amiga/o,1
apaixonar,1
armado,1
abandona,1
esquizofrenia,1
conceitos,1
lutou,1
esperançosos,1
ciro.para,1
dissecando,1
alckmin....,1
repetem,1
mesmos,1
coitado,1
tudo!,1
pig,1,4,
inflam,1,4,
fascistoide,1,4,
colocam,1
"voto,1
patos,1
fiesp,1
#abafa,1
quis,3
enfiar,2
egoísmo,3
12!!!!!!,1
poste,13
–de,2
absolutamente,1
tranquila,3
alertando,1
pessoas.,1
voltem,1
aí..,1
..,9
sorte,3
fodidos,2
bolsobosta.,1
acostumando,1
_riscala,1
haddad?,2
maquiando,1
conforme,2
precisam,2
responder.,1
deus!!!,3
rejeiçao,4
cometer,3
suicidio,3
isso!!,3
_curty,1
esperava,1
diante,3
garantiria,1
digno,2
lá,2
alcançado,1
teto""",1,4,
assombroso,1
atribuindo,1
plausível.,1
rafa,1
independem,1
carteira,1
assinada,1
solenemente,1
ama,1
#barba,1
aprendendo,1
amar..,1
famosos,1
cantando,1
aflitos,1
explosão,1
reply,1
famoso,1
"foram,1
avisados",1
cansado,1
falara,1
irresponsabilidade,1
enfiou,1
perdidaço,1
gostem,1
*falou,1
burrada,1
fazendo*,1
espumando,1
facada,1
rejeitada,1
provas.,1
caia,1
estagava,1
fizesse,1
mesa,1
ma,1
veriamos,1
inversões,1
preocupando,1
sustentar,1
conseguriram,1
enganar,1
4anos.obs,1
#amoedo30,1
sensatez,1
perceber,1
moeda,1
irresponsavel,1
racional,1
deixei,1
paixão,1
escolhi,1
oponha,1
penitenciária,1
visita,1
íntima,1
macho,1
pqp!,1
criteriosa,1
limitadíssimo,1
ciristas/ptistas,1
consistência,1
troca,1
farpas,1
repetir,1
performance,1
_barros,1
comunismo,1
escolho,1
saber...,1
majoritariamente,1
decidindo,1
resultados,1
peso,1
lacrosfera,1
norte,1
58,1
promessas,1
responsável,1
finanças,1
cidade,1
kátia,1,1,
“mais,1
avaliou,1
relatou,1
polêmicas.,1
fracasso,1
sarcástico,1
pede,1
desgraçados,1
mundo.,1
crescidinhos,1
faculdade,1
tachado,1
instruído,1
pele,1
lembrou,1
pula,1
porisso,1
imensa.,1
lobo,1
pessoal.,1
visualize,1
disso...,1
sensata,1
bolson*ro,1
disseram,1
bolsona*ro,1
melhore,1
saia,1
boz,1
presta,1
noite.,1
inteligente,1
doce,1
salgado,1
aaaaaaa,1
vida,1
querem?,1
marcos,1
optado,1
tomando,1
mulheres,1
revertida,1
gerador,1
serio?,1
facil,1
contabilizou,1
43,1
números:,1
32%,1
28%,1
17%,1
gostoso,1
pretendo,1
estrategista,1
solto,1
letras,1
investigação,1
declaração,1
ressonância,1
acharem,1
democracia.,1
ainda(pl,1
isso),1
dita,1
conquistar,1
votos.,1
felizmente,1
compactuei,1
diferentemente,1
preocupação,1
qualificado,1
saímos,1
pró-pt,1
diálogo,1
haddad/bolsonaro,1
posicionado,1
viúva,1
carente,1
sentar,1
dedada,1
anterior,1
(24/09):,1
(+3),1
(+2),1
fiquemos,1
tranquilos,1
seguros,1
haveria,1
artilharia,1
pesada,1
facista,1
idiota,1
lembra-se,1
juntou,1
unirão,1
dane,1
socorrooooo,1
ansiedade,1
9%,1
vitoria,1
garantida.,1
desunião,1
favorecendo,1
direita!,1
perde-se,1
capricho,1
alnguns,1
lideres,1
esquerda!!,1
mais..,1
bloquear,1
"haddad,1
bozo",1
"eleicoes,1
ciro",1
discorda,1
plenamente,1
propor,1
"vc,1
palavra,3
presid,1
constituições,1
nasceram,1
frear,1
prepotência,1
poderosos,1
propôs,3
amebas,1
bosta,4
vence,então,1
ciro!!!!,1
marketeira,1
monica,1
moura,1
delatando,1
presidiário,4
roubado,1
parana,1
esperança,4
pseh,1
aceitação,1
cinelândia,7
lotada,1
marcia,1
tiburi,1
cultura,1
venham,1
#marciatiburigovernadora13,1
devido,2
erguida,1
começo,5
subiria,1
moral,6
pensei,2
“bom,1
posso,1
custa,2
kkkkkk,7
ces,1
imagina,4
cachola,1
1989,1
brizola,3
collor,1
acabou,6
ex-governador,1
0,6,1
vimos,1
aconteceu,3
boçalnaro,4
repetir?,1
“nossa,2
bonotiro,2
ciro”,2
filtro,2
foto,2
1/3,2
eleitorado,4
sai,3
bolha,5
carajoooooooooooo,2
sentido,2
subestimar,1
lascou,2
então.,1
negativo,1
bichinha.,1
desvios,24
financiaram,24
custou,24
pagos,25
ilícito,24
recentes,24
apontou,24
acusado,24
caixa,24
tesoureiro,24
defendeu,24
controle,24
imprensa,37
fala.,24
melhor..,1
6577,1
biga,1
651,1
paim,1
131,1
&amp,1
baseado,1
vcs",1
fascistas,1
"ah,2
candidato!!!!!!!!,1
dura,1
villa,12
minutos,7
destrinchando,6
a+b,6
viraremos,6
venezuela.,6
santo,6
destruir,6
derrubaria,6
_magno,1
lógica,1
vive,2
dimensão,1
papai,2
noel,1
petralha,2
conhecem,3
reconhecer,2
alastrou,2
vivem,2
estrupício,1
pura,1
sim.,1
#haddadpresidente,14
colocada,11
cenários,11
retrocesso,12
#obrasilfelizdenovo,11
__,1
mecanismos,1
proteção,1
aparelhar,1
instituições,2
indicando,1
acredite,1
lá.,1
entender,8
deus.,1
higiênico,1
urna,2
fatalmente,1
capitão.,1
bateu,9
g5,6
(bolso,6
justamente,9
fazê-lo,6
2014.,6
sexta-feira,3
populi,4
78,3
claque,3
palma,4
urrar,3
ueba!!,3
19,4
avisou,3
merda.,3
gastou,3
1.4,1
bilhão,2
reeleger,1
apenas",1
sérios,1
problemas.,1
primeiramente,1
#elenão.,1
trabalhar,1
seguindo.,1
delicada.,1
tranquilao,1
"calma,1
gente...,1
gnt,7
plmds,1
postar,1
manifestacoes,1
mn,1
pfvr,3
próprios,4
dados,2
28/09,1
curiosidade,1
rever,1
cálculos?,1
saberemos,1
dilmao,1
bobagens,1
sinfonia,1
betoneiras,1
politicamente,1
passando,3
rolo,1
compressor,1
alckmin),1
senti,1
distante,1
motivo...,1
clima,1
carregado,1
língua,1
metralhadora,3
apontada,1
deixou,1
envolver,1
nuvem,1
negra.,1
calma,1
leveza,1
vibração,1
elevada,1
abundância.,1
estados,1
morrer,4
invés,2
hahahahahaha,1
felizasso,1
valeu,2
otários,1
mito,12
culpar,1
levado,1
#triste,1
amarrado,1
presídio,1
fucking,1
anda,2
pernas,1
eternamente,1
teleguiado,1
façanha,1
organização,2
criminosa,3
desespero.,1
teve:,4
datena,2
malafaia,2
edir,2
macedo,2
extremos,3
cirista,2
pedindo,3
truco,2
migo,1
recente,1
bozo..,2
sabe?,1
chão,2
mta,3
funcionar,2
válida,1
qnd,2
gov..,1
miga,1
piedade,1
deposita,1
votariam,3
1o,3
passasse,1
bola.,1
feira,1
(01),1
coligação,1
“o,2
novo”,1
visitou,1
ex-presidente,5
superintendência,1
polícia,1
mantido,1
seis,3
meses,1
tentei,1
argumentos,1
rolar.,1
''coiso',1
cacete.,1
turno?,1
“criar,1
virando,5
calcanhar,1
aquiles,1
perguntam,1
diabos,1
nisso?,1
nisso.,1
reelegeu?,1
dele??,1
galera...tentar,1
convencer,8
maximo,2
possiveis,1
incluindo,1
uai,1
certos,1
preocupar,1
bonde,4
cirão,7
inimigo,10
sairam,4
aderir,4
resumindo..,2
amoedo...,2
protagonizou,2
esquema,3
século,3
propõem,2
consertar,2
besteira.,2
nisso!,2
aceita,2
avançado,2
salvar,4
nazista,4
cirooooooooooooooooooooooooo,2
confio,8
olhando,10
manifestar:,8
hollywood,1
antro",1
"comunistas""",1
taí,1
danny,1
fama,1
"danny,1
tell,1
you,1
why,1
under,1
threat,1
brazil",1
#meuracistasecreto,1
#jh,1
#globonews,1
#bandnewsfm,1
#g1,1
dito,1
dele.,1
utilizar,1
rasteiro,1
desestabilizar,1
#hddadpresidente,1
fakes,1
situações,1
tipos,1
criadas,1
ó,1
problem,1
solved!,1
abobado,1
debaixo,1
câmera,1
apanhando,1
bobo,1
criançada,1
reagir,1
dignamente.,1
séria,1
impressione,1
#manuela,1
#13neles,1
av,1
raiva,1
_felipe,1
perdesse,1
ganhou,1
permanece,1
memo,1
bundas,1
representam,1
acabando,1
orgulhar,1
dedos,1
podia,1
mijado,1
inventou,1
mijar,1
chamces,1
foderrrrr,1
guardar,1
vá,1
certo!!!,1
mda,1
levantar,1
prumo,1
tentativa,1
invencíveis,1
+golpe.,1
experimentar,1
#joaonosdebates,1
#segundoturno,1
#ficadica,1
concedido,1
resposta.,1
imparcial.,1
#haddad13,1
coraçao,1
boulos..,1
irritando,1
socias.,1
alinhar,1
seguir,1
observar,1
próximos,1
episódios...,1
_jef,1
apoiadores,1
gostam,1
liga,1
maanooo!,1
época,1
descendo,1
btg/pactual,1
polarizar,1
relaxa,1
decide,1
dupla,1
primordiais,1
migrar.,1
esmurrado,1
ciroooooooooooo,1
doria,1
atenção!!,1
gigantesca,1
#haddad_fernando,1
batizada,1
esmorecer!!,1
tentarem,1
solbonaro,1
(não,1
15%.,1
impor,1
"meldels,1
aumentou?",1,1,
marina.,1
conveniência,1,1,
citar,1
herança,1,1,
maldita,1
desempregados,1
#geraldo45,1
cegos,1
“ah,1
acorda,1
xxi!,1
palpitar,1
soubessem,1
tudo.tem,1
preguiça,1
mastigadinho!!!!ainda,1
presidente!,1
balança,1
nítido,1
melhor...,1
(s,1
vista),1
weverton,1
pensou,1
“melhor,1
sartar,1
banda”.,1
desisti,1
envie,1
tronco,1
árvore,1
gire,1
38%!!!!,1
acordem!!!!,1
bandeja,1
disso!!,1
negativa,1
queda/oscilação,1
“normal”,1
demonizando,1
cara...,1
barato,1
teto...,1
sinceros,1
avós,1
conversar,1
poderosíssimo,1
obviedade,1
alarmante,1
barra,1
teimosia,1
majoritário,1
impede,1
admitir,1
fecha,1
consciente,1
culpada,1
monstro.,1
_nogueira,1
pegar,1
"esquerda,1
vs,2
amados,2
seguinte,2
presidenciável,3
voltou,3
definindo,2
chamaria,2
elaborada,2
parlamentares,2
eleitos.,2
vencem,1
desculpa,3
apostar,1
liberdade.,1
45x,1
vaga,1
oferecida,1
literalmente,2
sobrou,1
doze,1
esqueçam",1
norte/nordeste,1
fiel,1
candidato..,1
andando,1
jatinho,1
particular,1
pagando,1
foro,1
esperto,1
mamata,1
#somostodosbolsonaro,1
namoral,1
pipipopo,1
ultrapassado,1
acompanhando,1
estavel,1
2%.,1
saíram,1
bolsonaro?,1
ciretes,1
mudarem,1
ficarem,1
mudarmos,1
acabei,1
dai,1
nordestina,1
desonesto,1
xingando,1
assi,1
criados,1
500,1
federais,1
m..,1
13h,1
aaaaaa,1
galeraaaaaa,1
22h,1
mdssss,1
ferrou,1
bozotário,1
bolsnaro,1
naonpode,1
alienados,1
pesquisas..,1
fomentando,1
regime,1
ditatorial,1
maduro,1
(haddad,1
igualitário,1
#euapoiobolsonaro,1
cruso,1
..ibopetralha,1
datafoice,1
inventar,1
favoráveis,1
calçadão,1
iguaçu,1
popular.,1
ansiosa,1
cumprir,1
calar,1
empregador,1
tira,1
milhões.,1
votasse,1
entregaríamos,1
sociopata,1
cravar,1
falei??,1
dividiram,1
dor,1
for..,1
#elenão!,1
kkkkkkkkk,1
organizem,1
movimentos,1
consolidar,1
afunda,1
#bolsonaro17eleito1ºturno,1
!!!,1
problema.,1
abstem?,1
apoiou,1
completo,1
desconhecido,1
“pelo,1
alguém”,1
certos!,1
suave,1
sigamos...,1
fiote,1
trabalhos,1
desficar.,1
né..,1
(sim,1
cogitando,1
assustadora.foi,1,etc,1
maravilhoso,1
vez...,1
mamis,1
prefiro,1
perde-lo,1
bag,1
poder.,1
74,1
ciro12,1
primero,1
absorver,1
informações,1
datafolha.,1
uol,1
acesse,1
2008,1
obama,1
apareceu,1
pastor,1
igreja,1
suscitar,1
posições,1
escorado,1
hita,1
mijo,1
hitmaker,1
luz,1
rihanna,1
industria,1
lenda,1
playlist,1
estao,1
luxo,1
minions,1
práticos.,1
super,1
pesquisas:,1
recebimento,1
propina;,1
administração,1
enrolada,1
jato;,1
órgão,1
ferrenho;,1
comentar.,1
falsos.,1
roubo,1
ajudo,1
oula,1
sido,1
humilde,1
pescoço.,1
amos,1
elegeu,1
honesto..,1
"cada,1
more,1
enfia,2
esmagado,1
textão,1
cirinho,2
aaaa,1
negando,1
conhecer,1
agora?,4
procurar,1
paciência,1
candidato",1
incompetente.,1
líderes,1
ficamos,1
ótima,1
bombas,1
esperando,1
soltar,1
imenso,1
infiltrado,1
nato,1
vingança,1
brasileiros,1,1,
veem,1
ajudado,1
(ou,1
lula),1
estaciona,1
@_malditoseja,1
mentir,1
medinho,1
confiante,1
pensamento,1
penhasco,1
prestes,1
jogou,1
corda,1
salvá-lo,1
puxando,1
presidir,1
carceragem.,1
uhum,1
enquete,1
concentram,1
ajudados,1
julgado,1
condenado,1
_tava,1
(01/10),1
certeza...,1
*elenão,1
mortadela,1
mercury,1
#helenão,1
nóiz,1
god,1
explodiu,1
rejeitados,1
entra,1
crescesse,1
acreditariam,1
turno..,1
histeria,1
rebanho,1
lebaraaaaaa,1
rache.,1
dei,1
pesquisada,1
quentinha,1
galera!!!,1
tratar,1
política.,1
cunhado,1
panela,1
cercada,1
considerando,1
universo,1
aposto,1
vc.,1
vai.,1
votar.,1
13!,1
grato.,1
páreo,1
conseguiremos,1
17.,1
sérgio,1
informar,1
corrente,1
ligando,1
eficaz,1
requentada,1
papel.,1
_ibopemedia,1
ladroes,1
ganhamos,1
caprichar,1
militancia.,1
ridiculo,1
laranja,1
disfarçar,1
nota,1
lulinha,1
jovem,1
"poste""",1
votamos,1
deixe,1
ignorância.,1
decidido,1
lo,1
pasando,1
dicen,1
plan,1
cóndor,1
derecho,1
persigue,1
pasa,1
gana,1
creo,1
buena,1
barrera,1
contención,1
yo,1
favoravel,1
máo,1
sensato.,1
comparar,1
àquele,1
cretina,1
argumento.,1
normal,1
garantir,1
disputando,1
base,1
#elenão!!,1
agradece,1
forcinha,1
semana!,1
egípcia,1
tortura,1
ficando,1
golpeado,1
militares,1
morrerrrr,1
conivente,1
sangue,1
toa,1
"não,2
convicção",1
inúmeras,1
disponível,1
quiser.,1
quiser...,1
estaremos,1
fudidos,1
jeitos,1
dá,1
viro,1
vácuo,1
pesadelo,1
torne,1
realidade..,1
preparar,1
aumentar?????,1
negocio,1
conduzir,1
defenda,1
venha,1
gera,1
desemprego,1
crise.,1
bolsolixo,1
#bolsonaro1ºturno,1
hitar,1
comeback,1
lead,1
single,1
pressupor,1
contingente,1
escondidos,1
virão,1
duvido.,1
lutar,1
daqueles,1
favorecer,1
delações,1
iremos,1
fígado?est,1
estampada,1
comum!!,1
perfil,1
subsequentemente,1
consumo,1
gozorabo,1
enorme.,1
deixando,1
histórico,1
petrolão,1
insista,1
democrática.,1
liked,1
video,1
analise,1
"a,2
enorme",1
anjos,1
maior.,1
liderando,1
medíocre,1
dois”,1
sábio,1
12!!!!!!!!,1
(...,1
"constituinte.""",1
verdadeiro.,1
demonio,1
parabens,1
amado,1
reclamem,1
bolossauro,1
indices,1
teimosia?,1
fanatismo?,1
burrice?,1
choose,1
side,1
geralmente,1
decisões,1
???????,1
?????,1
_kadu,1
auge,1
diabo,1
força.,1
piada,1
empatados.,1
significar,1
vitória.,1
lavar,1
rolam,1
votarei,1
pagar,1
isento,1
depois.,1
vitorioso,1
país?,1
que?,1
resume,1
spc?acenou,1
acenou,1
centrão,1
sabemos?quem,1
prometeu,1
desmente,1
mesmo?,1
divisao,1
prima,1
exemplo,1
ppr,1
muiro,1
otario,1
libertar,1
lula..,1
ali...e,1
tofolli,1
auxiliá-lo,1
isso?,1
opta,1
pouquinho,1
uóooo,1
_farias,1
soma,1
acaso,1
turno???,1
porra!!,1
saudoso,1
estudar,1
otário,1,1,
lançar,1
instável,1
fudido,1
razão??,1
migrem,1
mimimimi,1
parceiro,1
pros,1
banho,1
define,1
equipe,1
crescimento.,1
socorrooo,1
bozo!!!!,1
deviam,1
sensatos,1
espalhar,1
desembarcar,1
grosso,1
internet.,1
_d97,1
dps,1
adiantar,1
chance.,1
feita,1
setembro,1
(ibope,1
30),1
amostragem,1
41,1
voltarão,1
afirmam,1
votarão,1
magic,1
intelectuais,1
dutra,1
#reflita,1
now,1
leading,1
points,1
ahead,1
simulated,1
first,1
round,1
run-off,1
#brazilianelections,1
estudado,1
animal,1
gigabiga(além,1
despreparo,1
"bolzonaro,1
alcança,2
ibope",1
desanimar,1
preferência,1
clara,1
porém..,1
numericamente,1
prudente,1
eleição...,1
tiram,1
bonitão,1
tartaruga,1
ninja,1
rainha,1
critério,1
curti,1
enquadrada,1
(doideira,1
botando,1
bote,1
cornão,1
assim!,1
_l,1
assumindo,1
ventura,1
definido,1
preço,1
miunha,1
fome,1
agride,1
companheiros,1
históricos,1
twitter.,1
imbecil,1
tt,1
usuarios,1
bot,1
etc..,1
jurando,1
caralhooo,1
fortemente,1
liberação,1
captar,1
antecedência,1
avançada,1
ciência.,1
indecisas,1
sólidas,1
sera,1
machista?,1
assunto,1
comentando,1
número,1
bolsobosta,1
atras,1
publico,1
esquerdinha,1
“manda,1
(em,1
dobro,1
off-line,1
pt/haddad,1
liguem!,1
modo,1
colocados,1
impeachment,1
fizemos,1
seguramente,1
vencê-lo,1
carrega,1
(tanto,1
ônus,1
telhado,1
vidro,1
pena,1
sempre.,1
lembrado,1
_cia,1
amizade,1
negligenciou,1
cortejou,1
sarney,1
garotinho,1
acusava,1
golpe.,1
"golpe,1
termo,1
sacrificou,1
regional,1
comprar,1
neutralidade,1
psb,1
exagera,1
desvirtuar,1
assuntos,1
salva,1
presidindo,1
peguem,1
dão,1
surreal,2
haddad&amp;manu,1
comigo,4
explico,1
futuramente,1
justificar,1
confiabilidade,1
questionadas...,1
#direitaunida,1
#direitaseguedireita,1
companhêro,1
#palocci,1
confirma,1
roubalheiras,1
chefão.,1
#moro,1
quebrado,1
pera,1
deixarei,2
ideais,2
honra,2
marco,5
aurélio,5
propõe,6
convocação,5
assembleia,6
sugeriu,5
'notáveis,5
cheiradao,1
estilo,1
gloria,1
deux,1
invadiu,1
mae,1
judia,1
calcinha,1
cala,1
man,1
tir,1
alterar,1
empenho,1
buraco,2
cagou,1
minimo,1
cérebro,1
mulher,1
desce,1
fizer,1
ontem:,1
gato,1
sereno,1
elegante;,1
agressivo,1
necessidade;,1
alfinetadas,1
tristeza,1
rancor;,1
cinismo,1
botox;,1
descaramento;,1
dimensão.,1
traga,1
armação,1
only,1
end,1
socialism,1
he,2
not,3
be,1
perfect,1
but,1
infinitely,1
better,1
than,1
corrupt,1
socialist,1
on,1
team,1
venezuelan,1
voting,1
him,1
continuing,1
failed,1
policies,1
rousseff,1
nsda,1
ciro..,1
bolsonazi,15
clamar,1
deseja,2
coerentes,1
manifesto...,1
ciro!,3
adoro,2
propagando,1
rui,1
dançando,1
wagner,1
criativa,1
bahia,1
antipt,1
prestem,1
recado,1
catástrofe,1
unam-se,1
colegas,1
policiais,1
deem,2
foco,1
extra,1
gerações,1
dia!,1
cartada,1
nossa",1
unindo,1
unida,1
apagar,1
hetero,1
(se,1
derrubado,1
rs),1
9,1
forças,1
armadas,1
fizerem,1
menção,1
gesto,1
responsabilizados,1
disciplinar,1
perderão,1
cargo”.,1
corre,1
tornar-se,1
céu,1
mddc,1
sufoco,1
sobreviver,1
turno??,1
irem,1
pesares,1
terrorismo,1
impingir,1
pensamentos,1
diametralmente,1
opostos,1
concorrendo,1
um.,1
boso,1
continuam,1
bostanaro,1
necessidade,1
enraizada,1
custe,1
custar,1
dependendo,1
adorei,1
manobra,1
inverter,1
vitimizar,1
putas,1
três,1
deus!!!!!!,1
senhor,1
cristo,1
ultrapasse,1
né.,1
focar,1
escória,1
inteira,1
mote,1
atentem,1
decência,1
culhão,1
bozo!,1
menina,1
morrendo,1
começarem,1
fila,1
pão,1
bozzonaro.,1
citados,1
anulo,1
pesquis,1
9vinha,1
estagnou.,1
(ree:),1
dymi,1
sóbria,1
sul,1
bozonalta,1
ptistas,1
camisa,1
esfregar,1
tamanha,1
loucos,1
automaticamente,1
unissem,1
abrisse,1
ganhasse,1
demaisssss,1
lembrar,1
irracional,1
cobrir,1
existe.,1
acredita.,1
manuela.,1
#tiremsuasconclusões,1
#pás,1
bozonario,1
“nao,1
herda,1
novo!!!”,1
“e,1
tambem”,1
“ò.,1
bolos,1
pode”,1
_carvalho,1
consolidado,1
(convicto,1
muda),1
tem.,1
apoiam,1
agredido,1
favorzinho,1
alimentem,1
precisar,1
porraaaaaaaa,1
constituiçao,1
fascistinhas,1
assumem,1
resolver,1
passe,1
insultam,1
dms,1
inteligência,1
sério.,1
"ia,1
frizou,1
tratava-se,1
ganhar",1
"eleições""",1
as..,1
(1,1
desmontar,1
“voc,1
volta?”,1
garoto,1
admito,1
modelo,1
avatar,1
colocou,1
desesperado,1
kkkkkkķkkkkkkkk,1
finde,1
bebendo,1
nois,1
tiramo,1
pézinho,1
segurança,1
pública!,1
sofrendo,1
violência!!,1
trabalhadores,1
montou,1
desviou,1
quatrocentos,1
conhecimento,1
adotivo,1
tornar,1
p/deixar,1
joelhos,1
nação.,1
calvície,1
finalmente,1
olhos.,1
surpreendendo,1
maneira..,1
imaginar,1
acreditaria,1
conciso,1
notável,1
aparato,1
inerte.,1
+30%,1
cambadaa,1
roubar,1
mais...que,1
legal!,1
conclui-se,1
flor,1
cheire,1
atacam,1
mobilizam,1
surpreso,1
compostos,1
hardcore,1
inflados,1
generosa,1
suficiente.,1
obrigados,1
ciro???,1
interessados,1
voto..,1
embora,1
iludam,1
blogueiros,1
trabalhando,1
neutralizar,1
turnos,1
entendessem,1
parassem,1
birra,1
empurrar,1
mata,1
vixi,1
gorete,1
misteriosa,1
eleitorais,1
#segundosol,1
discordo,1
questionou,1
passos,1
inimigos,1
aliados,1
povo.,1
_bitch,1
paraguaio,1
estatística,1
bonazi,1
brasil...,1
dna,1
vencemos,1
perdemos,1
abandonar,1
barco.,1
_ci_fer,1
viável,1
convenhamos,1
enxerguem,1
porra!,1
#cirogomes,1
#ciro12nosegundoturno,1
reconhecemos,1
tantas,1
benecesses,1
analisar,1
saída!,1
altíssimo,1
alto.,1
preparação,1
algo.,1
rejeitam,1
simultaneamente,1
persiste?,1
herdeira,1
gutierrez,1
doações,1
coisinha,1
rede:,1
valsar,1
profunda,1
acontecido,1
mude!,1,1,
incentivar,1
travestem,1
anular,1
deus?,1
iminente,1
amor!!!,1
#foigolpemilitarsim,1
amiguinho,1
governador,1
senadora,1
deputados,1
estadual,1
ensinar,1
dou,1
site,1
dificuldade,1
parecida,1
propio,1
lulismo,1
liderar,1
cogitou,1
pena!,1
espere,1
surpresa,1
senso,1
gilmy,1
terminou,1
#1,1
52,1
válidos,1
89,1
dobrar,1
abstenção,1
grande.,1
problemas,1
aperto,1
captar;,1
“soluço,1
amostral”,1
erro.,1
lidar,1
varias,1
terem,1
apresentado,1
aproximação,1
explode,1
diminuir,1
acusam,1
leram,1
comparam,1
compare,1
planos,1
tirem,1
conclusões,1
instaurar,1
urnas?,1
esperanza,1
patria,1
van,1
estos,1
garcas,1
engajamento,1
extremamente,1
vença,1
decidi,1
pensado,1
ctz,1
mentira.,1
disparam,1
tiracolo.,1
moro?,1
conversar.,1
serve,1
implode,1
garante,1
“confiáveis,1
eletrônicas,1
desperdice,1
transforme,1
mudei,1
fanbase,1
provavel,1
tml,1
sigo,1
ps,1
migous,1
hehe,1
impossibilidade,1
brigar,1
abertamente,1
setor,1
conseguido,1
sorriso,1
atirar,1
kkk,1
soube,1
isentar,1
credo,1
mds,1
noiadas,1
produzir,1
marketing,1
cia,1
milhares,1
gambiarra,1
iluminação,1
celular,1
mini,1
trip,1
comprado,1
camelô,1
orgulhoso,1
madeleine,1
tsunami,1
indonésia...e,1
viajando,1
vitimismo,1
2.0,1
comprovado,1
destrói,1
intencionada,1
cairmos,1
parcelas,1
mbl,1
pensarem,1
sinceramente............,1
ladrao,1
controlar,1
agua,1
poupar,1
machuca,1
indivíduo,1
votador,1
deles..,1
mentiras,1
certas,1
incorporaram,1
07.,1
manh,1
cedo,1
11h,1
12h,1
15h,1
17h,1
#pas,1
rápida,1
boa?!?!?!,1
adulterados,1
induzir,1
desatentos,1
deveriam,1
beijar,1
pés,1
conquistas,1
sentimento,1
copo,1
sumir,1
vota...,1
ciroooooooooooooo,1
enterrando,1
bem-sucedido,1
comentário,1
tribunal,1
gilmar,1
mendes,1
respeita.,1
esperada,1
colheram,1
plantaram,1
cautela,1
falaram,1
pediram,1
realtime,1
r7,1
#r7,1
animos,1
cironeis,1
militância..,1
desanimo,1
vitoria!!,1
onze,1
deus!!!!,1
convençam,1
branco/nulo/e,1
nele!!!!,1
estrategicamente,1
dels,1
leiam,1
números!,1
botarem,1
entregaram,1
bandeija,1
eleiçao,1
fascista!!!,1
),1
toquem,1
):,1
esquece..,1
barriga,1
resultar,1
tbem,1
agora:,1
criticando,1
falhando,1
faltando,1
gente!!!!,1
empatem,1
aumente,1
disso!,1
sim!,1
hahahaha,1
ciro(na,1
vdd,1
queiserem,1
sonuma,1
sujestao,1
rsrsrrsrs,1
tios,1
doq,1
suaveson,1
nela,1
manuella,1
desperdiçar,1
satan,1
alcançou,1
(diz,1
pesquisa).,1
(((,1
preocupações,1
"vote,1
baseie,1
prática.,1
engodo,1
#elesimeno1turno,2
maconhaço,1
#helenao,2
elegeram,1
07,1
1️⃣7️⃣,1
-bolsonaro,1
ultrapassa,1
avança,1
11%.,1
dirigentes,1
devem,1
&gt;&gt;&gt,2
e",1
fraudes,1
facilitadas,1
ser..,1
crédito,1
amanhã?,1
revertendo,1
luta....,1
13.,1
leviano,1
neste,1
fraquíssimo,1
enfrentar,1
ejaculação,1
precoce,1
tamy,1
gretchen.,1
coragem,1
rejeita,1
escala,1
pacificação,1
digita,1
pt..,1
buscar.,1
giro,1
confiável,1
elite,1
(antes,1
apoios,1
incógnita,1
deste,1
suporto,1
daquele,1
ocupando,1
aderiram,1
modinha,1
#ptnunca,1
#todoscombolsonaro,1
-31%,1
-21%,1
-11%,1
(38,1
proprios,1
dizia,1
37,1
entendendo,1
deeeeeeeus,1
elecciones,1
#brasil,1
crece,1
encuestas,1
saca,1
diez,1
puntos,1
diferencia,1
siempre,1
ha,1
muy,1
delante,1
encuestadoras,1
#castro-chavistas,1
crear,1
confusión,1
manipulación,1
mariolas,1
divididos,1
haddad!kkkkkk,1
manja,1
consagrado,1
válidos.,1
si.,1
41,7%
6,7%
turno,