Ciro,304
PT,204
Bolsonaro,144
#DebateNaRecord,130
fugiu,183
debate,466
medo,260
HOMICÃDIO.,176
anti-PT,72
Ele,70
bobagem,67
fÃ©rias,67
cirurgias,66
tamanho,66
conforta,66
tradicionais,66
fala,57
turno,53
Alckmin,53
2014,45
contra,44
candidato,44
amarela,36
Daciolo,35
Ãlvaro,34
eleiÃ§Ã£o,34
votar,34
campanha,33
esquerda,33
eleitoral,32
Sem,31
lado,31
sai,27
menor,27
entrou,27
estelionato,26
desonesto,26
antipetismo,26
chances,25
negociou,25
centrÃ£o,25
flerta,25
apequena-se,25
povo,25
desespero,23
defender,21
fracos,21
arte,21
usar,21
criticar,21
dissemina,21
Kiko,21
Nogueira,21
grosso,21
Lula,21
discurso,19
urnas,19
governar,18
13,17
presidente,16
atacando,15
presente,15
falsa,15
virou,14
Collor,14
pesquisas,13
Curioso,13
bloqueou,13
corrigimos,13
informaÃ§Ã£o,13
divulgou,13
Amarelou!,13
eleiÃ§Ãµes,13
you,13
bolsonaro,13
expressividade,12
utilizam,12
perguntas,12
rÃ©plicas,12
trÃ©plicas,12
atacÃ¡-lo,12
Bando,12
covardes!,12
feio,12
dizer,12
existe,12
TODOS,12
lo,12
al,12
seguir,12
assim,12
so,12
millones,12
bem,12
Alvaro,12
sei,12
Todos,11,1,,
poder,11
deu,11,1,,
pode,11
vez,11
falando,11,1,,
parece,11,1,,
triste,11
tienen,11
Maria,11
fazer,11
aÃ±os,11
tava,11
sabe,11
polÃ­tica,10
je,10
gosto,10
coiso,10
governo,10
coisa,10
Acho,10
si,10
todo,10
joven,10
familiares,10
igual,10
cara,10
Cabo,10
atrÃ¡s,10
Bozo,9
on,9
Partido,9
certo.,9
humano,9
I,9
erra,9
governos,9
existem,9
dona,9
tan,9
mesma,9
tener,9
BTG,9
ganha,9
tudo,9
poderia,9
extremo,9
Brasil,9
sus,9
anti,9
Devia,9
encerrado,9
invejosozinho,9
Marina!,9
haddad,9
pt,9
brasileiro,9
vil,9
asesinato,9
Nuestro,9
Serra,9
Aguirre,9
levantamos,9
grito,9
protesta,9
decimos,9
#RobertVive,9
acho,8
Parece,8
partiram,8
Trabalhadores,8
chavÃµes,8
ultrapassados,8
Engrossando,8
parecido,8
Michel,8
Temer,8
Brasileiro,8
Todo,8
nao,8
jogo,8
mulher,8
sair,8
Pactual,8
Alkimin,8
#LaHaya,8
sido,8
ontem,8
AmoÃªdo,8
corrupÃ§Ã£o,8
corrupto,8
les,8
forma,8
alckmin,8
agride,8
Record,8
nada,8
Dilma,8
boulos,8
penso,8
are,7
your,7
#OVotoNaRecord,7
Cada,7
vcs,7
junto,7
van,7
mÃ¡s,7
segue,7
lideranÃ§a,7
Jos,7
Emael,7
dentro,7
margem,7
erro,7
basta,7
destas,7
duvidosas,7
#1MilhÃ£oNaPaulista,7
hay,7
ficar,7
_marina,7
1,7
familia,7
nunca,7
vÃ£o,7
ni,7
pÃ©,7
brasil???,7
ğŸ‡§ğŸ‡·,7
caralho,7
bagulho,7
pocas,7
unidos,7
agredindo,7
chamaram,7
medroso,7,1,,
insensato,7
radical,7,covarde,falso,1
intolerante,7
odiento..,7
princÃ­pio,7
bÃ¡sico,7,1,,
lÃ­der.,7
eleitor,7
escolha,7
vontade,7
hizo,7
soy,7
amoedo,7
disse,6
od,6
ouÃ§o,6
dela....,6
eleitores,6
dar,6
Nacional,6
EjÃ©rcito,6
tiene,6
bonoro,6
chegar,6
fue,6
sim,6
envolvidos,6
zero,6
processos,6
identifica,6
amigo,6
â€œMurieron,6
5,6
intenÃ§Ãµes,6
As,6
palavras,6
aceitar,6
resultado,6
Ãºnica,6
planeta,6
vÃ­a,6
Pra,6
percam,6
vencendo,6
ranÃ§o.,6
Vejam,6
aconteceu,6
Silva......,6
buat,6
ada,6
Isso,6
10,6
mudar,6
Nunca,6
polÃ­ticos,6
Los,9
mueren,9
pueden,9
llamarse,9
muertos..,6
muriÃ³,6
yo...,6
meirelles,6
-Todo,6
organizando,6
mesinha,6
tough,5
pontos,5
hacer,5
muy,5
gosta,5
Bolivia,5
dessa,5
querem,5
via,5
invade,5
vamos,5
Defensa,5
ningÃºn,5
ninguÃ©m,5
their,5
our,5
100,5
perder.,5
Disse,5
caindo.,5
son,5
Empresarios,5
empeÃ±an,5
construir,5
Laguna,5
Nichupt,5
indicar,5
finalidad,5
destruir,5
list,5
causa,5
tentar,5
Lembrando,5
alguÃ©m,5
foda,5
demais,5
this,5
mi,5
DE,5
superaram,5
terem,5
preteridos,5
Tentam,5
esconder,5
desculpas,5
esfarrapadas,5
perdem,5
acabam,5
deixando,5
escorrer,5
Parecem,5
eternos,5
adolescentes,5
serÃ£o!,5
poucos,5
levar,4
#ToryDuplicity,4
Jeremy,4
Hunt,4
talks,4
Russia,4
but,4
his,4
party,4
has,4
accepted,4
nearly,4
Â£1million,4
Russian,4
money,4
how,4
her,4
will,4
sujo,4
polÃ­tico,4
ausÃªncia,4
estoy,4
_b612,4
im,4
ne,4
he,4
desses,4
ja,4
siendo,4
nosotros,4
lados,4
â€œSi,4
extranjero,4
patriaâ€,4
â€œ(Ya,4
cargo,4
ayudarnos,4
Seguridad,4
Interiorâ€,4
recuerdo,4
declaraciÃ³n,4
peligrosa,4
Amoedo,4
precisa,4
Est,4
Em,4
reta,4
final,4
habÃ­a,4
nessa,4
centro,4
algo,4
quero,4
sendo,4
dijo,4
6,4
desde,4
fuego,4
mil,4
respuestas,4
apoia,4
deveria,4
lugar,4
Port,4
PSDB,4
Å¡to,4
Y,4
&amp,4
mundo,4
fingir,4
outro,4
falou,4
its,4
Na,4
espaÃ§o,4
algumas,4
lÃ¡,4
apoiar,4
le,4
J,4
past,4
riÃ±Ã³n,4
Ã³rgano,4
donarse,4
donaciÃ³n,4
Ã³rganos,4
habitual,4
directos,4
MariÃ±a,4
lucense.,4
anos.,4
Es,4
much,4
Ã¡gua,4
QUE,4
toda,4
cristao,4
duvida,4
daciolo,4
pobre,4
endividado,4
sonhador,4
rico,4
impulsos,4
homicidas,4
pouquinho,4
Maltempo,4
42,4
Pearl,4
ano,4
favor,4
maltese,4
anche,4
(antes,4
she,3
mostrando,3
quÃ£o,3
sujo..,3
EscÃ³ria,3
CrÃ©dito,3
perder,3
30,3
muchas,3
die,3
nÃ©,3
fazendo,3
_Fernandes,3
maior,3
tiempo,3
chance,3
errado,3
Vai,3
mediterrÃ¡nea,3
teniendo,3
Almirante,3
inutil,3
nuestro..,3
NÃƒO,3
deixa,3
polarizaÃ§Ã£o,3
fragata,3
#CristÃ³balColÃ³n,3
_esp,3
ğŸ‡ª,3
#MOPS,3
entra,3
puerto,3
Aksaz,3
ğŸ‡¹,3
resto,3
agrupaciÃ³n,3
_2,3
_MARCOM,3
reuniones,3
previas,3
ejercicio,3
multinacional,3
#MAVIBALINA,3
organizado,3
turca,3
ğŸ‡¹ğŸ‡·,3
#NuestraMisiÃ³nTuLibertad,3
base,3
DO,3
Sra,3
respeito,3
2T,3
TambÃ©m,3
Romero,3
fosa,3
detenido,3
Porque,3
botam,3
percebem,3
fazem,3
reforÃ§o,3
convocatÃ³rio,3
plebiscito,3
domingo.,3
prÃ³prio,3
To,3
_ngt48n,3
nela,3
chata,3
You,3
Ali,3
Una,3
civil,3
twitter,3
ocult,3
habÃ­an,3
matado,3
infractores,3
ley,3
comunicado,3
Dos,3
niÃ±as,3
padres,3
fueron,3
vÃ­ctimas,3
â€œDispararon,3
helicÃ³pteroâ€,3
dicen,3
cruzadoâ€dijo,3
luego,3
#QueremosPazConVerdadyJusticia,3
ellos,3
estos,3
malos,3
bozo,3
turno.,3
Saludos,3
pesar,3
700,3
bÃºsquedas,3
132,3
pesos,3
gastados,3
PGR,3
justicia,3
#Ayotzinapa4AÃ±os,3
#AyotzinapaSinJusticia,3
Ontem,3
oportunidade,3
vous,3
eso,3
pobres,3
pensando,3
nele,3
fim,3
estÃ¡.,3
verdade,3
Dulu,3
sampai,3
Demo,3
BERSIH,3
sbb,3
nama,3
org,3
mati,3
dlm,3
Skrg,3
mana,3
Ambiga,3
Chin,3
dll,3
yg,3
kata,3
SPR,3
tau,3
keje,3
Sbb,3
PRK,3
Dickson,3
agenda,3
lain,3
ke,3
korang,3
bising?,3
Munafik,3
punya,3
manusia!,3
agua,3
nenhum,3
neÅ¡to,3
pior,3
apenas,3
pedra,3
representa,3
cosas,3
_T,3
zapadu,3
oq,3
msm,3
curioso,3
fato,3
candidatura,3
prega,3
haha,3
vote,3
acham,3
ruim,3
opÃ§Ã£o,3
D,3
destroy,3
Ãºltimas,3
just,3
querida,3
diamonds,3
levam,3
meia,3
guerra,3
3,3
otros,3
Yo,3
David,3
without,3
muita,3
dor,3
aparece,3
adianta,3
denegrir,3
fake,3
news,3
Pet,3
Gente,3
igualar,3
Esqueceram,3
ministros,3
isso...,3
bosta,3
ficou,3
hipÃ³critas,3
video,3
vaca,3
Oh,3
propostas,3
inclusive,3
deixar,3
time,3
Quem,3
we,3
aguas,1
marrones,1
Itâ€™s,1
mad,1
used,1
veggie,1
limited,1
diet,2
started,1
eating,1
chicken,1
18,1
now,1
Iâ€™d,1
prefer,1
eat,1
pepperoni,1
beef,1
proud,1
my,2
expanding,1
though,1
Putz,1
escuto,1
olhar..,1
sempre,4
horroroso,1
peidar,1
dias,6
Ibope,2
errou,2
17,2
Sartori,2
RS.,2
austeridad,1
Republicana,1
Jajajaja,1
ilusos,1
donde,2
deshaga,1
ejÃ©rcito,1
ya,2
proponer,1
cuando,5
quitamos,1
encima,1
#PejeChairosImbeciles,1
peleas,2
pensada,2
Â¿A,2
QuiÃ©n,2
Bancan?,2
Iliana,2
Calabro,2
Like,2
Laurita,2
fraquejadas,1
piram,1
Bolsonazi,1
invÃ©s,1
page,1
incentivo,1
preferem,1
vir,1
Cambada,1
esqueÃ§a,1
MILHÃ•ES,1
HOMOSSEXUAIS,1
assumidos,1
escondidos,1
cadidatura,1
#EleNÃ£o,1
desrespeita,1
ameaÃ§a!,1
aumentaram,1
preÃ§os,1
maluco,2
bÃªbada,1
ta,7
atropelada,1
crll,1
å‰ã€ã€Œè™«ãŒã‚­ãƒ¢ã„ã£ã¦ã„ã†äººé–“ã¯é…·ã„ã€ã¿ãŸã„ãªã“ã¨è¨€ã£ã¦ãŸã®ã§çµ‚ã‚ã‚‰ãªã„æ°—ãŒã—ã¾ã™,1
suggestione,3
Positano,3
[news,3
aggiornata,3
17:07,2
possibilidade,1
ficaria,1
complicado,1
å°‘ãªã„ãƒ•ã‚©ãƒ­ãƒ¯ãƒ¼ã§ç”³ã—è¨³ãªã„ã‘ã©,1
ã‚„ã‚Œã‚‹ã“ã¨ã‹ã‚‰ï¼,1
ã‚³ãƒ„ã‚³ãƒ„ã¨,1
åƒé‡Œã®é“ã‚‚ä¸€æ­©ã‹ã‚‰,1
é›¨å‚ã‚ŒçŸ³ã‚’ç©¿ã¤,1
ã¨ã„ã†æ°—æŒã¡ã§RT,1
digital,1
indica,1
mudanÃ§as,1
migraÃ§Ã£o,1
(o,1
refletiria,1
favorÃ¡vel,1
combate,1
PT),1
desaparece,1
definitivamente,1
resistÃªncia,1
para..,1
_seiyuLove,1
ç§ã®ã‚¯ãƒ©ã‚¹ã¯æˆæ¥­æ—¥æ•°å°‘ãªã„ã‹ã‚‰,1
æ™®é€šã«æˆæ¥­ã ã£ãŸã‘ã©,1
å¤šã„ã¨ã“è¦‹ãŸã£ã¦èã„ã¦,1
ç™ºç‹‚ã—ã‹ã‘ãŸww,1
ã€Œç„¼ããã°ä¸€ä¸ã€ç´…ç”Ÿå§œå¤šã‚ã«ã—ã¨ã„ãŸã‚ˆï¼ã€ã€Œã‚ã‚ŠãŒã¨ã†ã”ã–ã„ã¾ã™ï¼ï¼ˆç´…ç”Ÿå§œå¥½ãã˜ã‚ƒãªã„ã‘ã©ãªã‚ï¼‰ã€ã€Œå¥³ã¯èµ¤ãŒå¥½ãã ã‹ã‚‰ã­ã€‚ã—ã‹ã—ãƒ‘ãƒ•ã‚§ã˜ã‚ƒãªãã¦ç„¼ããã°ã§ã„ã„ã®ï¼Ÿã“ã†ã„ã†ã®é£Ÿã¹ã‚‹ã®ãŒåªšã³ã¦ãªã„å¥³ã‚¢ãƒ”ãƒ¼ãƒ«ï¼Ÿç”·ã®å½±éŸ¿ã‹ãªï¼Ÿæ€’ã‚‰ãªã„ã§ã‚ˆã€ç”Ÿç†å‰ã˜ã‚ƒã‚ã‚‹ã¾ã„ã—ã€ãŠã£ã±ã„è¦‹ã›ã¦ã€ã€Œã‚„ã¹ã‡ã€,1
temperamento,1
principalmente,1
incoerÃªncia,1
amnÃ©sia,1
seletiva,1
hipocrisia,1
velada,1
quiero,1
llegar,1
leÃ­do,1
comentario,1
racismo,1
falso,1
patriotismo,1
solo,2
sirve,1
pa,1
enamorarse,1
morirse,1
dan,2
miedo,3
caricaturas,3
presidenciÃ¡veis,3
caÃ­ram,3
limbo!,3
Vamos,4
aposta,eu,3
aposto,3
Aspirina,3
traveco,6
turno,como,3
Mico,3
rei,3
caganeira,3
Cear,3
bolor!,3
Alckfim,3
Merenda,3
neutro,3
#AraguaIniciaClasesConMaduro,3
muertos,3
#JuventudAClases,3
coraÃ§Ã£o,3
told,3
about,3
Deixa,3
CÃ­nico,3
Ganha,3
DEFUNTO,3
ELEITORAL,3
BRASIL,3
Esquecer,3
questionado,3
usado,3
15,3
novo,3
organizada,3
(apesar,3
conta,2
queria,2
hate,2
pearl,2
bc,2
big,2
close,2
SILVA,2
Tengo,2
grave,2
ignorancia,2
lijeÄenje,2
jer,2
carrega,2
Mami,2
votarei,2
Ser,2
estado,2
cansados,2
alguien,2
firme,2
moeda.,2
T,2
ex,2
afirmando,2
Eles,2
pegar,2
carona,2
3a,2
Acabam,2
acirrando,2
conflito,2
alimentam,2
desuniÃ£o,2
ultrapolÃ­tica,2
PÃ©ssimos!,2
covardia,2
comer,2
-Daciolo,2
Ğ½,2
asesinada,2
agosto,2
Arko,2
avisou,2
estaria,2
AchÃ¡vamos,2
resiliÃªncia,2
tb,2
aguentar,2
Erramos,2
parcialmente,2
falamos,2
aguentariam,2
3o.,2
hijo,2
MarÃ­a,2
Dolores,2
14,2
hallado,2
clandestina,2
Nuevo,2
Laredo,2
Tamaulipas,2
elemento,2
colocar,2
parte,2
Claro,2
deberÃ­a,2
asÃ­,2
chica,2
irm,2
disputa,2
Ciro/Marina,2
mesmas,2
9,2
staff,2
work,2
talvez,2
one,2
Esto,2
amor,2
libro,2
sensibiliza,2
violencia,2
gÃ©nero,2
adolescente,2
deberÃ­as,2
leer,2
tus,2
hijos,2
mis,2
amigas,2
universidad,2
bottom,2
down,2
iskustvo,2
hello,2
guardia,2
carne,2
R,2
ã‚„ã€ã›ã„ã›ã„ã—ã‹å†™ã£ã¦ã¸ã‚“ã‘ã©ï¼Ÿwwwã£ã¦ä¸€ç¬ãªã£ãŸwww,2
Entiendo,2
zurdos,2
gustaron,2
lgbt,2
(a,2
diestros,2
tampoco,2
tratar,2
inhumana,2
IrÃ³nicamente,2
pendejos,2
aplauden,2
verdugos,2
tachan,2
quienes,2
han,2
permitido,2
florecer.,2
#esdezurdos,2
antecipar,2
Ou,2
tiro,2
podemos,2
acreditar,2
perdia,2
ladainha,2
pronta.,2
Enfim,2
acabou,2
mito,2
rede,2
nacional.,2
#SomosBolsonaro17,2
dÃ©teste,2,1,,
race,2
humaine,2
sÃ©rieusement,2
dÃ©goÃ»tez,2
verde,2,1,,
ã€è­²æ¸¡ãƒ»äº¤æ›ã€‘åæ¢åµã‚³ãƒŠãƒ³,2
canallas,2
Tu,2
professor,2
disso,2
cuidado,2
acha,2
fica,2
feito,2
o,4
declaraÃ§Ã£o,4
derrota,4
Michael,1
Aquino,1
Max,1
Spiers,1
Abramovic,1
Investigator,1
Found,1
Dead,1
After,1
Exposing,1
New,3
Details,1
On,1
Elite,1
Pedophile,1
Ring,1
#QAnon,1
alegando,1
fraude,2
Houve,1
alegaÃ§Ã£o,1
sÃ©ria,1
desenvolve,1
caminho,3
destino,1
cruel,1
preferiu,1
beija,1
mÃ£o,4
AÃ©cio,8
curar,1
cicatrizes,1
luta,1
massacre,1
viveu,1
Ãºltimos,3
anos,5
abriria,1
histÃ³ria,2
apoia-lo.,1
chileno,1
promedio,1
siempre,1
tratando,1
indios,1
fotografias,1
momento,3
necessariamente,1
retrato,1
fiel,1
tendÃªncia,1
eleitorado,1
acompanhar,1
lembrem-se,1
rolou,1
semana,5
antes,2
pleito,1
_bollain,1
Enseguida,1
vienes,1
verla,1
Tiene,1
collar,1
nuevo,1
veas,1
pesada,1
Vete,1
preparÃ¡ndote,1
inflaciÃ³n,1
baje,1
controle,2
Gobierno,1
genera,2
aumentos,1
tiempo.,1
Â¿Las,1
tarifas,1
estaban,1
atrasadas,1
SÃ­,1
sin,11
duda,1
Pero,2
correcciÃ³n,1
puede,9
hacerse,1
tonto,1
cuenta,1
esto,2
blusa,1
tÃªnis,1
festa,2
porra,1
vi,9
pessoas,3
marido,1
matou,1
mentira,3
obviamente,1
problemas,1
2018,5
subterrÃ¢neo,1
zap,1
difÃ­cil,2
combater.,1
iria,1
conversou,1
comigo,3
#Ciro12,1
tamo,1
MENTIU,1
SEM,1
PESTANEJAR,1
2X,1
SOBRE,1
MESMO,1
ASSUNTO,1
COMO,1
CONFIAR,1
NUMA,1
MULHER,1
DESSA,1
Pior,1
crente,1
endemoniada,1
envergonha,1
evangelho...#marinasilva,1
ã€è­²æ¸¡ã€‘éŠæˆ¯ç‹,1
ã‚¢ã‚¯ã‚­ãƒ¼,1
ãƒ©ãƒã‚¹ãƒˆ,1
ç¼¶ãƒãƒƒã‚¸,1
è­²ï¼‰ç”»åƒã®æµ·é¦¬ã€ãƒã‚¯ãƒ©ã€ãƒãƒªã‚¯ã€ãƒªãƒœãƒ«ãƒãƒ¼ã€éŠæˆ¯ã€ã‚¯ãƒªãƒœãƒ¼ã€ãƒ’ãƒ¼ãƒˆãƒ©ã‚¤ã‚ªã€ä»–,1
æ±‚ï¼‰å®šä¾¡ï¼‹é€æ–™,1
1æšç›®ä¸Šæ®µã¯2æšç›®â‘ ç‚¹ï¼‹2æšç›®â‘¡ç‚¹åŒæ™‚å¼•å–â€»ã‚¢ã‚¯ã‚­ãƒ¼orãƒ©ãƒã‚¹ãƒˆã‚’â‘ ç‚¹ä»¥ä¸Šå«ã‚“ã§ä¸‹ã•ã„,1
1æšç›®ä¸‹æ®µã¯2æšç›®â‘ ï¼‹3æšç›®â‘ åŒæ™‚å¼•,1
Ã‡a,1
saoule,1
jss,1
nulle,1
plÃ¡stico,2
afectando,2
gravemente,2
fauna,10
veces,3
invisible,2
ojo,2
Ya,2
ha,7
vuelto,2
tristemente,2
normal,2
encontrar,2
desechos,2
plÃ¡sticos,2
playas,2
cursos,2
Queda,2
poco,2
trabajemos,2
OcÃ©anos,2
limpio,2
sano,2
louco,2
entende,2
TeÅ¡ko,2
pitanje,2
TeÅ¡ka,2
situacija,2
bismo,2
svi,2
mogli,2
doÅ¾ivjeti,2
cae,2
Yers,2
Como,2
uso,2
:(,2
vivo,2
precisar,2
daqui,2
pouco,2
GA,2
pÃºblico,2
pobreza,2
historia,2
VocÃªs,2
unir,2
certeza,2
continuar,2
deve,2
foto,2
quarto,2
agressividade,2
7,2
comeÃ§ar,2
doÅ¡li,2
smo,2
evropske,2
farmacije,2
kineskog,2
trÅ¾iÅ¡ta,2
jednom,2
tvitu,2
Jer,2
priÄamo,2
kod,2
Kineza,2
farmakorobi,2
Zli,2
uvijek,2
negdje,2
drugdje,2
Nisi,2
ti,2
Å¡kolovala,2
Ti,2
ispirala,2
mozak,2
dugo,2
godina.,2
desesperada,2
Fica,2
chorando,2
tartaruga,2
casca,2
hoje,2
serve,2
racista,2
minimamente,2
decente,2
Latina,2
trouble,2
synonym,2
votar:,2
votando,2
Venezuela.,2
terrorismo,2
TÃ£o,2
irrelevante,2
projeto,2
internacionalmente,2
ceda,2
mencionar,2
algum,2
livro,2
rs,2
_agustini,2
@_JaoRibeiroo,2
facÃ§Ã£o,2
kkkkkkk,2
qr,2
ideias,2
ruins,2
mesmice,2
vem,2
hm,2
80,2
largar,2
muitos,2
veem,2
iso,2
get,2
lana,2
pessoa,2
fallo,2
Nadie,2
perdi,2
peor,2
dont,2
hear,2
not,2
maduro,2
falas,2
Pelo,2
acharam,2
.os,2
caras,2
brigarem,2
vaga,2
possivel,2
.s,2
falavam,2
.contra,2
.coitado,2
.chamando,2
amiga,2
...s,2
daquela,2
leite,2
.secou,2
been,2
iâ€™m,2
va,2
esos,2
Un,2
out,2
noticias,2
imaginario,2
quis,2
ComisiÃ³n,2
Federal,2
tomar,2
loca,2
TambiÃ©n,2
consigo,2
mientras,2
escucho,2
ouvindo,2
$6000,2
aprender,2
otro,2
sÃ³lo,2
Thank,2
Vitaly,2
Koshman,2
contribution,2
Viscun's,2
film,2
Last,2
Night,2
took,2
us,2
goal,2
We,2
couldn't,2
done,2
you.,2
ciento,2
pensar,2
Al,2
O,2
derrota,2
#Eleicoes2018,2
debater,2
opiniÃ£o,2
sentido,2
super,2
puta,2
chamar,2
tarde,2
hora,2
Nos,2
extraÃ±o,2
brasil,2
extremos,2
Bom,2
seguiu,2
burocracia,2
tributaÃ§Ã£o,2
liberdade,2
empreender,2
punir,2
produzir,2
criar.,2
julga,2
Concordo,2
corja,2
lixo,2
vivi,2
Huesca,2
aÃ±os..,2
idÃ©ias,2
dice,2
gusta,2
dÃ­a,2
encontrei,2
tweet,2
vencer,2
extremismo,2
OMG,2
KINDA,2
LOOK,2
LIKE,2
AND,2
DIAMONDS,2
DOFJJF,2
SORRY,2
!,2
relaÃ§Ã£o,2
destrÃ³i,2
quanto,2,1,,
lot,2
aÃºn,2
doida,2
alÃ©m,2
filho,2
niet,2
reservada,2
#BV,2
*Pearl,2
Squidbeak,2
Splatoon*,2
So,2
exactly,2
agents,2
DO?,2
Capâ€™n,2
Cuttlefish,2
brutally,2
murder,2
machines,2
rescue,2
Zapfish!,2
.....Neat!,2
estudio,2
expertos,2
worst,2
find,2
didn't,2
preocupo,2
voy,2
odio,2
mala,2
considerar,2
proyecto,2
cÃªs,2
surpresos,2
fundamentalista,2
atirando,2
ressentida,2
Alckimin,2
inexpressivo??,2
CÃªs,2
acompanham,2
Copa???,2
Flashnews,2
procÃªs,2
Eneias,2
doido,2
Brizola,2
caudilho,2
ACM,2
coronel,2
Bozolino,2
fascista.,2
Harry,2
Potter,2
misterio,2
cojones,2
cierran,2
puerta,2
habitacion,2
salen,2
passado,2
kkk,2
enquanto,2
mÃ­dia,2
JudiciÃ¡rio,2
gostei,2
apoiaram,2
perdendo,2
Fique,2
quieta,2
Coisa,2
_Olimpico,2
vezes,2
burra,2
Questa,2
mattina,2
soccorso,2
barca,2
migranti,2
bordo,2
câ€™era,2
questa,2
cagnolina,2
razza,2
chiama,2
Bella,2
pesa,2
chili,2
Adesso,2
diranno,2
â€œNon,2
accontentano,2
invaderci,2
vengono,2
rubare,2
pappa,2
dei,2
nostri,2
cani,2
Vergogna,2
diffondeteâ€,2
45,2
41,2
43,2
41),2
44,2
as,3
fraudadas,3
aquece,3
fascista,3
boÃ§al,3
farsa,3
jato,3
nervosismo,3
dicÃ§Ã£o,3
horrÃ­vel.,3
nk,1
leu,1
ouviu,1
medchefes,1
medmigs,1
apoiando.Dia,1
perdida,2
ajuda,1
precisava,1
esforÃ§o,1
expliquei,1
meritocracia,1
Minha,1
aguardar,1
desenrolar,1
fatos,2
nesta,1
irem,1
mudarei,1
evitar,1
tragÃ©dia,1
Ana,1
Matamoros,1
mamÃ¡,1
imagÃ­nate,1
Miriam,1
Â¿CÃ³mo,1
sentirÃ­as?,1
DECLARO,1
FAN,1
ESTA,1
CHICA,1
PENA,1
TENGA,1
VENIR,1
ALGUIEN,1
FUERA,1
PARA,1
PONER,1
CORDURA.,1
#GHVIPDBT3,1
#RespetoParaMiriam,1
Independente,1
posiÃ§Ã£o,1
pÃ©ssimo,1
chamÃ¡-lo,1
anta,1
misÃ³gino,1
ofensivo,1
xingamentos,1
bestas,1
maternal.,1
mÃ­nima,1
decÃªncia,1
abandonar,1
â€œsair,1
fogo,1
cair,1
brasaâ€,1
comove,3
beberia,3
cerveja,3
(ou,3
suco,3
fruta,3
conde,3
coco,3
vices,3
prestam,3
everyday,2
wish,2
release,2
new,2
single,2
desconto,2
aÃ­,2
abraÃ§ada,2
Ã¡rvores,2
Afinal,2
Voc,2
merda?,2
siga,2
lengua,2
domesticado,2
alguns,2
viendo,2
At,2
exo,2
ears,2
OF,2
soluÃ§Ã£o,2
Amg,1
pois,1
briga,1
Haddad.,1
æ•°ãƒ¶æœˆå‰ã«ãƒŠãƒ³ãƒ‘ã—ã¦ããŸç”·ãŒã€Œä¿ºãƒ•ã‚©ãƒ­ãƒ¯ãƒ¼500äººã„ã‚‹ã‚ˆï¼ï¼Ÿã€ã¤ã£ã¦ããŸã‹ã‚‰ã€Œãˆï¼Ÿç§ã¯8000äººã„ã¾ã™ã€ã£ã¦å¿œãˆã¦ã—ã¾ã£ãŸãŸã‚ã«ã€ŒåŠä¸»ã£ã¦çŸ¥ã£ã¦ã‚‹ï¼Ÿã€ã£ã¦è¨€ã‚ã‚Œã¦ã—ã¾ã£ãŸã®ã„ã¾ã ã«æ‚”ã—ã„ãª,1
love,1
dudebros,1
who,1
isn't,1
titty,1
waifu,1
ignore,1
never,1
suck,1
dick,1
likes,1
pussy,1
UÃ‰?!,1
Estar,1
recuperando,1
quase,1
ASSASSINADO,1
medo,1
#MGPterecuerda,3
En,5
el,64
#DÃ­adelPeriodista,3
la,145
hace,6
un,48
reconocimiento,3
aquellos,3
hombres,3
mujeres,3
con,27
esfuerzo,3
dedicaciÃ³n,3
profesionalismo,3
Ã©tica,3
responsabilidad,3
veracidad,3
mantienen,3
informados,3
del,44
acontecer,3
nacional,4
internacional,4
#FelizdÃ­adelPeriodista,3
#2DecadesForChiranjeeviCharitableTrust,7
Enno,7
lakshala,7
mandiki,7
upayoga,7
padina,7
Trust,7
Kevalam,7
chiranjeevi,7
gari,7
pyina,7
Base,8
ayi,7
ippudu,7
Hyd,7
lone,7
Mega,7
fans,7
ki,7
devalayam,7
chotu,7
Qual,15
partido,12
dessas,8
mulheres,10
movimento,8
elenao?,8
indiquem,8
Ãºnico,11
Lembrando..,8
PT.,8
#MulheresSubmissasAoPT,9
Triste,1
situaÃ§Ã£o,2
pra,30
mim,3
candidata,9
sensata,1
todas,2
opÃ§Ãµes,2
infelizmente,1
mt,2
apoio,9
estar,36
frente,34
Haddad,82
atacou,15
bate,15
jogou,15
marqueteiro,15
trÃ¡s,16
JÃºpiter,15
Boulos,51
franco,15
atirador,15
bateu,16
E,39
cabo,18
sobe,15
desce,15
Monte,16
acabei,1
ver,19
pesquisa,5
BTG/FSB,1
provavelmente,4
dois,6
candidatos,40
SOMADOS,1
55,1
votos,6
vÃ¡lidos,1
primeiro,11
lidera,1
Ã­ndices,1
rejeiÃ§Ã£o,11
Eu,31
milÃ­metro,1
desistir,1
entender,3
paÃ­s,11
vota,12
:,2
foda-se,5
Gomes,15
NinguÃ©m,1
quer,15
...,1
tranquilo,1
estressa,1
ataques,2
desesperados,1
outros,10
candidatos..,1
ciro,15
cita,1
Eunicio,1
PDT,1
juntinho,1
Se,14
esquentado,1
perguntado,1
sobre,11
benÃ§a,1
pediu,2
Agripino,1
Maia,1
RN,1
#DebateRecord,1
â€œBolsonaro,1
Falou,1
cristÃ£,1
alto,1
barriga,1
entanto,1
aproveita,1
mais..,1
preguntas,1
confuso,1
dunkelbraune,1
Affenpinscherin,1
braucht,1
sich,1
doch,1
sowieso,1
nicht,1
zu,1
sorgen,1
Mezclar,1
PolicÃ­a,1
crear,1
locura,1
nacida,1
mentes,1
calenturientas,1
fruto,1
insano,1
patologÃ­as,1
serias,1
Hagamos,1
gracejadas.,1
Mhmm,1
doktori,1
hrv,1
bolnicama,1
Å¾ive,1
provizije,1
Sam,1
bog,1
nitko,1
doÄ‘e,1
tak,1
placa,1
Sto,1
tice,1
skupljanja,1
moÅ¾emo,1
ignorirati,1
rekla,1
kazala,1
strane,1
oÄajnih,1
roditelja,1
koji,1
prepricavaju,1
ono,1
kaj,1
kuÅ¾e,1
jako,1
stresnoj,1
situaciji.,1
ĞœĞ°Ñ€Ğ¸Ğ½,1
Ğ¥Ğ»ĞµĞ±Ğ½Ğ¸ĞºĞ¾Ğ²,1
Ğ½Ğ°ÑˆĞ»,1
Ğ¼ÑƒĞ¶,1
Ğ¼ĞµÑ€Ñ‚Ğ²Ñ‹,1
ĞœĞ¾ÑĞºĞ²Ğµ,1
#Ğ½Ğ¾Ğ²Ğ¾ÑÑ‚,1
#news,1
ConclusÃ£o,1
embrionÃ¡rio,1
semente,1
fermentado,1
ressentido,1
desonesto,1
coisificado.,1
mÃ£e,1
tbm,1
causar,1
mini,1
infarto?!,1,1,,
continuo,1
Salnobaro,1
Daciolo..,1
qlqr,1
PT...,1
...voto,1
maluca!,1
@_LMELLO,1
obcecado,1
Manu,1
fÃ¡cil,1
Marina?,1
Quero,1
gif,1
coraÃ§Ã£ozinho,1
mesa,1
demagogo.,1
Fazer,1
dobrinhas,1
covarde,1
pilantra.,1
Alguna,1
habÃ©is,1
jodidos,1
tristes,1
querÃ­ais,1
solos??????,1
mismo,1
necesitabais,1
estuviera,1
ah,1
vosotros,1
quiÃ©n,1
hablar,1
llorar??????,1
despreparado,1
escolhendo,1
adversÃ¡rios,1
estagnada,1
comendo,1
beiradas,1
Bonofauro,1
possÃ­veis,1
armÃ¡rio...,1
18:00,1
preguiÃ§a,1
monstra,1
academia,1
Coringa,1
ensaiado.,1
Entram,1
extremos.,1
faces,1
H,1
abismo,1
eles.,1
democrata.,1
defende,1
torturadores.,1
Parem,1
isso.,1
feio.,1
candidatando,1
presidÃªncia,1
traÃ­da,1
Concentre-se,1
projetos,1
velha,1
polÃ­tica.,1
æˆ‘ãŠãƒã‚«ã€‚æŒ‡ç—›ã„ã€‚,1
ãŠã‚„ã™ã¿ã€‚,1
ahi,1
conozco,1
lago,1
Titicaca,1
Ouvir,1
cangaciro,1
revoltou,1
grau,1
absurdo,1
nojo,1
imundos,1
entÃ£o...,1
Espero,1
Evo,1
haya,1
disfrutado,1
concho,1
sopita,1
marina..,1
mire,1
llegando,1
mar..,1
PerdÃ³n,1
mÃ¡s.,1
RESUMO,1
SEGUNDO,1
BLOCO:,1
satÃ©lite,1
nacionalista,1
vÃ´lei,1
-bonoro,1
-Marina,1
pistola,1
juntando,1
-Boulos,1
invadir,1
-Meirelles,1
infartando,1
-Haddad,1
modo,1
ĞšĞ²Ğ°Ñ€Ñ‚Ğ¸Ñ€,1
19.4,1
Elche,1
Playa,1
Pinet,1
(Ğ½Ğ¾Ğ²Ğ¾,1
ÑÑ‚Ñ€Ğ¾Ğ¸Ñ‚ĞµĞ»ÑŒÑÑ‚Ğ²Ğ¾),1
ĞŸÑ€Ğ¾Ğ´Ğ°ÑÑ‚Ñ,1
ĞºĞ²Ğ°Ñ€Ñ‚Ğ¸Ñ€,1
Ğ½Ğ¾Ğ²Ğ¾,1
Ğ¶Ğ¸Ğ»Ğ¾,1
ĞºĞ¾Ğ¼Ğ¿Ğ»ĞµĞºÑĞµ,1
Ñ€ÑĞ´Ğ¾,1
Ğ¿Ğ»ÑĞ¶ĞµĞ¼,1
Ğ´Ğ¾Ğ¼Ğ°Ñ…-Ğ±ÑƒĞ½Ğ³Ğ°Ğ»Ğ¾,1
Ñ…Ğ¾Ğ·ÑĞ¸Ğ½Ğ°,1
ÑĞ¿Ğ°Ğ»ÑŒĞ½Ğ¸,1
Ğ²Ğ°Ğ½Ğ½Ñ‹Ğµ,1
Ğ³Ğ¾ÑÑ‚Ğ¸Ğ½Ğ°,1
ĞºÑƒÑ…Ğ½Ñ,1
ĞšÑƒÑ…Ğ½,1,2,,
Ğ¿Ğ¾Ğ»Ğ½Ğ¾ÑÑ‚ÑŒ,1
Ğ¾Ğ±Ğ¾Ñ€ÑƒĞ´Ğ¾Ğ²Ğ°Ğ½Ğ½Ğ°Ñ,1
Ğ°Ğ¼Ğ½Ñ€Ğ¸ĞºĞ°Ğ½ÑĞº.,1
reprovou,1
cadeiras,1
curso,1
psicologia,1
reflexÃ£o,1
consciÃªncia,1
mesma..,1
imersa,1
aparecer,1
Ã©pocas,1
PolÃ­tica,1
presenÃ§a,1
Marruecos,1
manifestaciones,1
masivas,1
marroqu,1
patera,1
bien,1
recordarlo,1
compararlo,1
respuesta,1
dimos,1
masacre,1
Tarajal.,1
__Cadiz,1
Very,1
sad,1
ã„ã„ã­100å›æŠ¼ã™ã­ï¼(è¿·æƒ‘w),1
Pode,1
aspas,1
comento.,1
_W0lf,1
Siempre,1
form,1
sobresueldo,1
Fui,1
secretaria,1
Contador,1
General,1
muuucho!,1
intendencia,1
peronista,1
Ahora,1
Pasaban,1
hasta,1
facturas,1
supermercado,1
caja,1
secretarÃ­as.,1
armadilha,1
armando,1
denunciada,1
mudanÃ§a,1
total,1
constituiÃ§Ã£o,1
constrangido,1
assunto...,1
Isadora,1
idÃªntica,1
haushaushaus,1
chocado,1
Pq,1
burro?,1
Sim.essas,1
davam,1
turno.Ciro,1
nunca.,1
CRC,1
traveled,1
south,1
Saturday,1
assist,1
Florence,1
State,1
Park,1
annual,1
cleanup,1
project,1
In,1
two,1
hours,1
removed,1
coolers,1
road,1
barrel,1
125,1
plastic,1
bottles,1
assorted,1
other..,1
ã¾ãŸã€ã¨ã‚‚ã«é ‘å¼µã‚Œã‚‹ã“ã¨ãŒã‚ã‚Œã°å”åŠ›ã—ã¾ã™ï¼,1
Ela,1
estereÃ³tipos,1
Ã¡lbuns,1
entÃ£o,1
sinta,1
certo,1
simplesmente,1
acostumada,1
atenÃ§Ã£o,1
night,1
stand,1
festas,1
Camila,1
receio,1
SÃ³lo,1
vengo,1
twittear,1
_Daowz,1
crush,1
lÃ©sbico,1
Esto,1
desgraciadamente,1
verdad.,1
havenâ€™t,1
hit,1
rock,1
until,1
sit,1
standing,1
shower,1
Da,1
Objasnila,1
sam,1
iza,1
moje,1
propovijedi,1
stoji,1
puno,1
godina,1
Å¡kolovanja,1
radno,1
iz,1
tog,1
podruÄja,1
plus,1
Å¾ivotno,1
gledanja,1
bliskih,1
oboljelih,1
lako,1
odbaci,1
Netko,1
netu,1
rekao,1
pharma,1
truje,1
zato,1
Å¾ivotni,1
vijek,1
standard,1
bolji,1
neg,1
ikad.,1
imaginas,1
ponerte,1
llorar,1
persona,1
pelas?????,1
it's,1
integrada,1
federal,1
encabezada,1
psicÃ³pata,1
SerÃ­a,1
civiles,1
seriamos,1
caÃ±Ã³n,1
Habla,1
invasiÃ³n,1
defenderemos,1
circo,1
4ta,1
Maldito,1
enfermo,1
HZ,1
C,1
U,1
Perdon,1
porquerÃ­a,1
Pues,1
Altro,1
Uso,1
GINEPRO,1
#yelenamammablogger,1
#seguimi,1
#spezie,1
#ginepro,1
#dituttoeunp,1
#oil,1
#essential,1
#bacche,1
#estratto,1
#olio,1
#massaggi,1
#massages,1
#impacchi,1
#wraps,1
#emorroidi,1
#hemorrhoids,1
#bronchite,1
#bronchitis,1
#know,1
#conoscere,1
#sapere,1
#naturopathie,1
#naturopathy,1
#lifestyleblogger,1
bandidos!,1
divididos,1
ambos,1
receber,1
loucura,1
Bosta,1
unÃ¢nimes,1
confirmar,1
?,1
Ğ¯,1
ĞºĞ¾Ğ³Ğ´,1
ĞºÑ‚Ğ¾-Ñ‚,1
ÑĞ¾Ğ³Ğ»Ğ°ÑˆĞ°ĞµÑ‚ÑÑ,1
Ñ‡Ñ‚,1
Ñ€Ñ‹Ğ¶Ğ¸,1
Ğ¾Ñ…ÑƒĞµĞ½Ğ½Ñ‹,1
â€œbolsonaro,1
derrotaâ€,1
ganhe,1,2,,
mae,1
colou,1
adesivo,1
carro,1
hj,1,2,,
linha,1
gritou,1
VAI,1
PLANTA,1
ÃRVORE,1
SAI,1
TRÃ‚NSITO,1
ã‚¢ã‚¯ãƒªãƒ«ã‚¹ãƒˆãƒ©ãƒƒãƒ—,1
ã¡ã‚‡ã“ã‹ã‚,1
ã‚­ãƒ£ãƒ©ãƒªã‚¦ãƒ ,1
è­²ï¼‰â˜†èµ¤äº•ã€â˜†ã‚¸ãƒ³ã€â˜†æ²–çŸ¢ã€ã‚­ãƒƒãƒ‰ã€ç°åŸã€ã‚³ãƒŠãƒ³ã€å¹³æ¬¡ã€æ–°ä¸€,1
æ±‚ï¼‰ãã¤ã‚ãå®‰å®¤orå®šä¾¡ï¼‹é€æ–™,1
èµ¤äº•è­²æ¸¡ã¯è˜­å«ã‚ãŸç„¡å°â‘¢ç‚¹åŒæ™‚å¼•å–,1
ã‚¸ãƒ³ã€æ²–çŸ¢ã¯ç„¡å°â‘¡ç‚¹åŒæ™‚å¼•å–(è˜­å¼•å–å„ªå…ˆ,1
ãµãµã€æ¥½ã—ã¿ã­ã€‚,1
ã§ã‚‚ã€æ¼”å¥ã«ãƒ€ãƒ³ã‚¹ã«ãŠèŠå±…ã£ã¦ã€,1
ã‚„ã‚‹ã“ã¨ãŒãŸãã•ã‚“ã‚ã£ã¦å¤§å¤‰ãã†ï¼,1
å¯ãªã„ã‹ã‚‰é¢¨é‚ªæ²»ã‚“ãªã„ã‚“ã ã£ã¦â€¦â€¦ã‚¹ãƒ¤,1
izquierda,1
vÃ­ctima,1
relativismo,1
incoherentes,1
llegan,1
exigen,1
sacrificios,1
visten,1
Louis,1
Vuitton,1
marxismo,1
seduce,1
manipulen,1
mantengan,1
viviendo,1
smithsianamente.IdeologÃ­a,1
imbÃ©ciles,1
coloriais,1
1/4,1
nuage,1
ton,1
feutre,1
Ã©tait,1
vide,1
pendant,1
ce,1
temps,1
tâ€™avais,1
Julie,1
avec,1
ses,1
feutres,1
saveur,1
rÃ©glisse,1
fraise,1
ananas,1
qui,1
nous,1
peignait,1
du,1
Picasso,1
uvv,1
ouvi,1
apesar,1
fiquei,1
decepcionadÃ­ssima...,1
Ãºltima,1
apresentar,1
PresidÃªncia,1
Virou,1
metralhadora,1
cheia,1
mÃ¡goas,1
analisar,1
ego,1
levÃ¡-lo,1
estranho,1
debates,1
ataque,1
destrata-la,1
provar,1
Ã­ndole,1
popularidade,1
justificÃ¡vel.,1
citando,1
papel,1
ridÃ­culo,1
assinatura,1
AÃ©cio.,1
vivendo,1
tensa,1
jogar,1
truco,1
tio,1
sinal,1
joga,1
cartas,1
aleatoriamente.,1
å¿œå‹Ÿè€…å…¨å“¡ã‚µãƒ¼ãƒ“ã‚¹,1
å…¨ã‚µ,1
ãŠã™ã‚ã‚Šã¬ã„ãã‚‹ã¿,1
è­²ï¼‰çŠ¯äºº(çŠ¯æ²¢ã•ã‚“),1
æ±‚ï¼‰å®‰å®¤orå„1330å††ï¼‹é€æ–™,1
2ã‚»ãƒƒãƒˆå¿œå‹Ÿäºˆå®šã§ã™,1
æ–°è¦æ§˜ã¯ã‚­ãƒ£ãƒ³ã‚»ãƒ«é˜²æ­¢ã®ç‚ºã€ãŠå“ä»£ã®ã¿å…ˆæ‰•ã„ã‚’ãŠé¡˜ã„ã—ã¾ã™,1
çŠ¯äººãŒ2ä½“(ã¾ãŸã¯3ä½“åˆ†)æ±ºã¾ã‚‹ã‚ˆã†ã§ã—ãŸã‚‰3ã‚»ãƒƒãƒˆå¿œå‹Ÿã—ã¾,1
impressÃ£o,1
comando,1
falha,1
opor,1
resposta,1
incisiva,1
mentiras,1
pechas,1
tentam,1
falsamente,1
carimbÃ¡-lo,1
exemplo,1
empulhaÃ§Ã£o,1
repetida,1
contestaÃ§Ã£o,1
toma,1
aparÃªncia,1
salnorabo,1
repÃºblica,1
longe,1
cenÃ¡rio,1
possÃ­vel,1
digo,1
afirmar,1
prÃ³pria,1
experiÃªncia,1
didÃ¡tica,1
nesse,1
embate,1
â€œcruz,1
espada,1
intolerÃ¢nciaâ€,1
banquinho,1
BalanÃ§o,1
penÃºltimo,1
debate:,1
apanhou,1
tentou,1
manter,1
dignidade,1
sumido,1
saiu,1
apagado,1
cheirou,1
crack,1
cu,1
soro,1
veia,1
ANNOYING,1
UNTIL,1
NOW,1
'jangan,1
ganggu,1
mau,1
nyelem,1
mentab,1
dulu'',1
LU,1
MAU,1
NYELEM,1
KE,1
PALUNG,1
PUN,1,1,,
GUA,1
PEDULI,1
NYENGGGGGG,1
Con,1
dinero,1
malgastado,1
acabarÃ­a,1
ineficiencia,1
presupuestos,1
gubernamentales,1
regiÃ³n,1
220.000,1
anuales,1
pÃ©rdidas,1
segÃºn,1
BID.,1
DÃ³nde,1
ICBF,1
(Instituto,1
Colombianos,1
Bienestar,1
Familiar,1
NiÃ±a,1
quemada,1
FundaciÃ³n,1
Esa,1
terrorÃ­fica,1
instituciones,1
indignados,1
alarmados.,1
aqu,1
pasa,1
nada!!,1
paisaje!!!,1
Vo,1
processa,1
sdds,1
excessivas,1
ALCKMIN,1
destila,1
CIRO,1
postura,1
patÃ©tica,1
insinuaÃ§Ãµes,1
desestabilizar,1
precisam,1
acertar,1
...Querem,1
desse,1
jeito,1
Com,1
ficando,1
levava,1
ganhar,1
nunca!,1
Disculpenme...,1
entiendo...,1
Armada,1
Bolivia........serÃ­a,1
instalar,1
Prefectura,1
Naval,1
CÃ³rdoba,1
Mercante,1
Andorra,1
å¥½ããªäººã®2ç•ªæ‰‹ã®å½¼å¥³ã€ã‚‚ã—ãã¯éƒ½åˆã®ã„ã„å­˜åœ¨ã®è¦–ç‚¹ã®æ›²ãŒä¸€é€”ã§åˆ‡ãªãã¦å¥½ãã§ãŸã¾ã‚‰ãªã„ã‚“ã§ã™,1
ama,1
secretamente,1
monte,1
espalhada,1
coraÃ§Ãµes,1
volta,1
tÃ¡ticas,1
meter,1
shuffle,1
empolgaÃ§Ã£o,1
nota..,1
escuta,1
coraÃ§Ã£o...,1
febre,1
quinta,1
fugir,1
globo,1
meditando,1
lyla,1
respirand,1
fino,1
agir,1
agr,1
consequÃªncias,1
apoiado,1
olha,1
metade,1
agora.,1
_Cabello,1
Outro,1
respeitar,1
reporter,1
manda,1
prender,1
pergunta,1
dormir,1
holiday,1
alem,1
carrasco,1
nordeste,1
ligada,1
ent,1
farinha,1
saco,1
protege,1
prisÃ£o,1
desconstruÃ­do,1
(s,1
qdo,1
perguntada),1
Deus,1
jamais,1
Faces,1
Decididamente,1
plataforma,1
apresentada,1
calote,1
criar,1
qualquer,11
perguntada,1
salvar,1
inferno,1
refazendo,1
fizeram,1
errado.,1
engano,1
Boulos.,2
Segundo,2
pequisas,1
olhei,1
leva,3
incluindo,2
inominÃ¡vel,5
empata,1
tecnicamente,1
empate,1
velho,1
BTG/Pactual,1
mostra,5
oscilaÃ§Ã£o,1
negativa,1
Jair,1
crescimento,1
JoÃ£o,1
chega,2
ultrapassa,1
Semana,1
comeÃ§ando,1
defendem,1
liberalismo..,1
MY,1
LITTLE,1
COUSIN,1
IS,1
MISSING!!!,1
Her,1
car,1
was,5
found,1
the,32
San,1
Leandro,1
area,1
(her,1
coming,1
from,3
Richmond,1
with,4
other,2
people,1
it,8
None,1
of,10
friends,1
have,5
seen,1
or,2
hasnâ€™t,1
picked,1
up,3
check,1
PLEASE,1
LET,1
ME,2
KNOW,1
IF,1
YOU,3
SEE,1
HER!!!,1
Please,1
RT,3
spread,1
word,1
fernandes,1
amo,2
guria,1
amorrrr,1
louca,1
Yâ€™all,1
ever,2
fucked,2
song,1
restart,1
before,1
even,2
over,5
volcanoes,1
planets,1
plugs,1
eventually,1
earths,1
plate,1
kicks,1
back,1
another,1
way,1
which,3
make,2
them,1
explode,2
dismay,1
cave,1
bury,1
crusts,1
weak,1
spots,1
anyway,1
..,3
trench,2
should,1
showed,1
by,2
know,2
Sim,3
entendo,2
passam.,1
mulher.,1
otÃ¡rio,1
debate.,1
Spettacolare,1
tromba,5
tra,1
Vada,1
di,8
Cecina,2
Si,3
formata,1
tardi,1
mattinata,1
lambito,1
costa,2
avvicinandosi,1
pericolosamente,1
alle,4
strutture,1
uno,2
stabilimento,1
balneare,1
Il,1
fenomeno,1
poi,1
esaurito,1
naturalmente,1
senza,1
fare,1
danni,1
a..,1
ä»Šå¹´ã¯ã€ã¾ãš2012å¹´ã§,1
ã‚ˆã‹ã£ãŸã¨ã“ã‚ã‚‚æ‚ªã‹ã£ãŸã¨ã“ã‚ã‚‚,1
è¦‹ã¤ã‚ç›´ã—ã¦..,1
åŠ‡å ´å…¬æ¼”ã‚„,1
ãã®ä»–ã®ãŠä»•äº‹ãªã©ã‚’é€šã—ã¦ã€,1
é£›èºã§ãã‚‹å¹´ã«ã—ãŸã„ã¨æ€ã„ã¾ã™ï¼,1
Advierten,2
graves,2
daÃ±os,2
produce,2
tabaquismo,2
vida,22
_info,1
tipo,3
refiro,1
oponente,1
tal,3
horrÃ­vel,3
mostrar,1
pulso,1
voz,1
melhor,1
querendo,1
metendo,1
pÃ©s,1
mÃ£os,3
raiva,2
perdedores,1
impede,1
bom,1
senso,1
AmbiÃ§Ã£o,1
pessoal,3
frustrada,1
crÃ­ticas,2
fundamento.,1
AlguÃ©m,5
manifestaÃ§Ã£o,7
candidatos???,5
Tipo,5
is,11
almost,2
all,5
gotta,2
say,2
what,4
fuck,3
that,6
Qu,8
gran,7
noticia,7
Chile,15
pesqueras,7
industriales,7
podrÃ¡n,7
devorando,7
preocuparse,7
cambien,7
reglas,7
juego,7
Los,7
pescadores,7
artesanales,7
qu,13
pescar,7
ese,7
mero,7
detalle,7
gan,7
Weâ€™re,1
counting,1
days,2
OCTOBER,1
Safety,1
Summit,1
10th,1
11th,1
Will,1
marine,1
business,1
be,4
there,1
#marina,1
#esmta,1
#theesmta,1
#marine,1
#trades,1
#convention,1
#business,1
Mi,1
mam,1
yo,3
tengo,1
Catalina,2
grande,2
osea,1
yo),1
Vanesa,1
beb,2
_blat,1
Sono,1
lembra,1
propaganda,1
dilma,1
falava,1
coisas,2
absurdas,2
tv??,1
perfil,1
ridiculooooo,1
dando,2
mto,3
cy,1
lula,1
graca,1
ç´ äººå¥³å­ã®é–“ã§è©±é¡Œã®ã‚¢ãƒ—ãƒªã«å‡¸ã£ã¦ã¿ãŸï½—,1
#è£å¢ç”·å­ã¨ç¹‹ãŒã‚ŠãŸã„,1
#è£å¢å¥³å­,1
#ã‚»ãƒ•ãƒ¬,1
Yeah,1
like,2
Japanese,1
version,1
Splatoon.,1
Normally,1
every,1
game,4
text,1
display,2
katana,1
some,4
Kanji,1
While,1
Octarians,3
quote,1
(Expect,1
only,2
Katana.,1
Resumo,7
acuado,7
:desesperado,7
mentiroso,7
sagaz,7
Meireles,9
morreu,7
caiu,7
proposta,7
protagonista,7
imagina,1
formada,1
trabalhando,1
saindo,1
redaÃ§Ã£o,1
capricho,1
andando,1
rua,1
qnd,2
Marina,1
Semensato,1
presa,1
jornalista,1
contrÃ¡ria,1
regime,1
militar,1
disfarÃ§ado,1
retorno,1
valores,1
1500a.c.,1
nenhuma,1
outra,1
pura,1
birra,1
passando,1
pano,1
Calheiros,1
apoiou,1
queda,1
Dilma.,1
olha..,1
burrice,1
gosto.,1
devo,1
decidi.,1
letâ€™s,1
B,1
beto,1
oâ€™,1
rourke,1
elected,1
ted,1
cruz,1
_Marina,1
ãƒãƒªãƒŠã•,1
ãƒ¡ãƒ³ãƒ,1
ç„¡ç†ã®ãªã„ã‚ˆã†ã€‚ã€‚,1
neutra,1
(pq,1
tÃ­pico,1
dela),1
florence,1
ve,1
olmasa,1
bu,1
hayata,1
katlanamam,1
Nas,1
unica,1
bolsa,1
innombrable,1
festejando,1
comida,1
lapidario,1
semejante,1
tribunal.,1
MoralLess,1
eres,1
pudo,1
pasar,1
lejos,1
Mal,1
naciste,1
destruirlo,1
â€œI,1
scary,1
movies,1
ass,1
bitch,1
if,1
blasting,1
okay,1
_whovian,1
Vi,1
Quer,1
tortura,1
Matando,1
aleatoriamente,1
protestos,1
Tirando,1
incoerente,1
AbraÃ§os.,1
ive,1
listening,1
non-stop,1
few,1
means,1
really,1
rn,1
Filhinhos,1
MamÃ£e,1
chegou!,1
Haha..,1
#ForaPT,1
#LulaInelegivel,1
#Lulanao,1
#G1,1
#bolsonaro2018,1
#Bolsonaro,1
#B17,1
#BolsonaroPresidente17,1
#BolsonaroEleito1Âºlugar,1
#MarinaNaRecord,1
_xime,1
enseÃ±e,1
leerse,1
threads,1
canciÃ³n,1
odeio,1
vocÃª.,1
_nch,1
peu,1
d'honneur,1
enfants...le,1
jour,1
surmonterez,1
mÃªmes,1
galÃ¨res,1
parents....,1
ã‚ãªãŸãŒè‡ªåˆ†ã§ã‚„ã‚‰ã­ã°ãªã‚‰ãªã„ã¨è€ƒãˆã‚‹ã“ã¨ã¨ã€å‘¨ã‚Šã®äººãŒã‚ãªãŸã«ã‚„ã£ã¦ã»ã—ã„ã¨æœŸå¾…ã™ã‚‹ã“ã¨ã¯å¿…ãšã—ã‚‚ä¸€è‡´ã—ãªã„ã€‚çœŸé¢ç›®ãªã„ã„äººã»ã©è‡ªåˆ†ã«èª²ã—ãŸ100%ã®ã“ã¨ãŒã§ããšã«ã€70%ã¨ã‹40%ã—ã‹ã§ããªã‹ã£ãŸã¨è‡ªèº«ã‚’è²¬ã‚ã‚‹ãŒã€ãã‚“ãªã‚ãªãŸã®40%ã§æ•‘ã‚ã‚Œã€ç¬‘é¡”ã«ãªã‚ŒãŸäººãŒã„ã‚‹ã“ã¨ã‚’ã©ã†ã‹å¿˜ã‚Œãšã«ã€‚,1
ChurrascÃ£o,1
sustentÃ¡vel,1
pÃ³s,1
Eleitores,1
birita,1
lanchinho,1
vegano,1
carvÃ£o,1
socialistas.,1
lets,1
put,1
trash,1
The,1
pressure,1
would,1
flatten,1
paper,1
thin.,1
Camarada,1
malas,1
bolivia,1
ingresa,1
formar,1
haciÃ©ndole,1
compaÃ±Ã­a,1
gobierno,1
queimou,1
mimado,1
esperar,1
Solo,1
semana:,1
FÃ©lix,1
Salgado,1
Macedonio,1
Nacional.,1
Responsabiliza,1
(sin,1
pruebas,1
EMP,1
â€˜68.,1
Reitera,1
amenaza,1
fusionar,1
Policia,1
sola,1
Guardia,1
jugando,1
fuego.,1
acciÃ³n,1
pandillas,1
fondos,1
preguntar,1
pandilla,1
Polimer,1
JesÃºs,1
Reynosa,1
Montilla,1
Gustavo,1
Zins,1
Ines,1
GarcÃ­a,1
Soto,1
daÃ±an,1
cilindros,1
multiloc,1
pega,1
robaron,1
Mazda,1
Optra,1
moto,1
estando,1
chateado,1
chato,1
campo,1
progressista..,1
Ã©.,1
Empiezo,1
cantar,1
bajo,1
mÃºsica,1
cuarto.,1
oye,1
pues,1
canto,1
Salgo,1
salÃ³n,1
Ãngel,1
cantando.,1
vaya,1
ã¾ãŸä½“èª¿ãŒæ‚ªããªã£ã¦ããŸã‚“ã§ã™ã‘ã©ã€ä»Šæ—¥14æ™‚é–“ãã‚‰ã„å¯ãŸã®ã§ã€Œã„ã‚„å……é›»æ™‚é–“ã¨å‹•ã‘ã‚‹æ™‚é–“ã®ã‚³ã‚¹ãƒ‘ã€ã‚¨ãƒ´ã‚¡ãƒ³ã‚²ãƒªã‚ªãƒ³ã˜ã‚ƒã‚“ã€ã¨ãªã£ã¦ã¾ã™,1
Andei,1
Madonna,1
-32,1
Sheryl,1
Crow,1
-21,1
Lima,1
-16,1
ABBA,1
-11,1
Shakira,1
-9,1
Ace,1
-6,1
Guetta,1
(6,1
#jotafm,1
acuerdo,1
Flia,1
BahÃ­a,1
Blanca.,1
Cobra,1
$15000,1
paga,1
gas,1
debemos,1
ponernos,1
comprenderemos,1
despropÃ³sito,1
algunos,1
paguemos,1
$1000,1
Sr,1
mal!,1
levantei,1
madrugada,1
comecei,1
sentir,1
consegui,1
andar,1
espero,1
encaixado,1
ã¤ã„ã«å¤‰ã«ãªã£ãŸã“ã®å€‹,1
EspaÃ±a,1
cerca,1
aguas,1
protegidas,1
supera,1
compromiso,1
alcanzar,1
aÃ±o,1
2020,1
#ods,1
canhoto,1
ele,1
linda,1
justamente,1
decidir,1
sistema,1
#EleSimNo1Turno,1
justificando,1
Neves,1
2014!,1
ahorran,1
ejercito,1
cada,1
kkkkk,1
Acompanhe,1
ãƒ›ãƒƒã‚­ãƒ§ã‚¯ã‚¦ã‚µã‚®ãŒç«‹ã¡ä¸ŠãŒã£ãŸæ™‚ã®ã‚³ãƒ¬ã‚¸ãƒ£ãƒŠã‚¤æ„Ÿwwww,1
ãŠå‰ã»ã‚“ã¾ã«ã‚¦ã‚µã‚®ã‹wwwwww,1
ah,1
estao,1
pipopo,1
meio,6
Ã³bvio??,1
SÃ©rio,2
passar,2
cabeÃ§a,3
adversÃ¡rio?,1
Emmanuel,1
Ayotzinapa,1
presuntamente,1
torturado,1
muri,2
investigaciÃ³n,1
timeline,1
divida,1
C1r0,1
fico,1
E,1
EU,1
GOSTO,1
NENHUM,1
MUDO,1
MEU,1
VOTO,1
OS,1
DIAS???,1
irei,1
assunto,1
motivo,1
corrupto.,1
Marina:,1
organizaÃ§Ã£o,1
criminosa,1
ODIENTO,1
â‚©â‚¬Â¥Â£&amp;$%#â‚©Â¥,1
paz.,1
kkkkkkkkk,1
inacreditavel,1
ouse,1
reforma,1
midiatico,1
levanta,1
bandeira,1
estatal,1
meios,1
comunicaÃ§Ã£o,1
chamada,1
neoliberal,1
acredita,1
autoregulaÃ§Ã£o,1
imprensa,1
virar,1
olhinhos.,1
ã„ã¤ã‚‚ã®é»’ã®çœ¼é¡ã‚‚ã™ã,1
Tinha,1
bobear,1
Para,1
chorar,1
visualizar,1
Custa,1
samu,1
ajudar?,1
MILITARE,1
CONSEGNA,1
DELLA,1
BANDIERA,1
DI,1
COMBATTIMENTO,1
NAVE,1
RIZZO,1
MILAZZO,1
(ME),1
_gustD_03_09,1
ã‚“ãã‚“ãªä¹…ã€…ã ã£ã‘ï¼Ÿï¼ï¼,1
ãŠã¡ã³ã¡ã‚ƒã‚“ã¨å‘¼ã°ã›ã¦ã‚‚ã‚‰ã†ã‚ˆ,1
ä»Šåº¦ã¯ã¡ã‚ƒã‚“ã¨éŠã¼ã†ã­ã‚“,1
ï¼¾Pï¼¾),1
_moreira2,1
_baesso,1
pÃ©ssima,1
esperou,1
MArina,1
propriedade,1
alheia,1
destruindo,1
plantaÃ§Ãµes...desses,1
unico,1
presta,1
apareceu,1
tapa,1
ACUARELA,1
LONG,1
ISLAND,1
NY,1
Amanecer,1
cairia,1
fanfic,1
Ciro.,1
porta,1
casa,1
Questiono,1
mentalmente,1
ser,1
alianÃ§a,2
comigo?,1
Logo,1
recebi,1
sala,1
servi,1
cafe,1
repente,1
toca,1
dele.,1
beijamos,1
profundamente,1
varias,1
departamento,1
parecen,1
quemadas,1
senhora,1
engana.,1
mostrou,1
venha,1
discursos,1
confusos,1
beijar,1
banqueiros.,1
#HaddadPresidente,1
ã€æ³£ãã“ã¨ã€‘,1
æ³£ãã“ã¨ã£ã¦ã€,1
æ°—æŒã¡ãŒå¼±ã„ã‹ã‚‰ã§ã¯ãªãã¦ã€,1
æ–°ã—ãè‡ªåˆ†ãŒå¤‰ã‚ã‚‹ãŸã‚ã«å¿…è¦ãª,1
ã¨ã¦ã‚‚å¤§åˆ‡ãªã“ã¨ãªã‚“ã§ã™ã€‚,1
ã ã‹ã‚‰æˆ‘æ…¢ã—ãªã„ã§ã€,1
æ³£ããŸã„ã¨æ€ã£ãŸã‚‰æ³£ãã¾ã—ã‚‡ã†ã­ã€‚,1
ele..,1
Ã­ndice,1
rejeitado,1
Haddad?,1
Compartilhado,1
Discover,1
Tomei,1
ranÃ§o,1
conheÃ§o,1
flor,1
cheire,1
votaria,1
MAS,1
fria,1
gomes,1
encostadinho,1
prÃ³xima,1
sufre,1
continua,1
okupaciÃ³n,1
locales,1
vacÃ­os,1
#La-meteo.it,1
#lameteo,1
#meteo,1
Toscana,1
grossa,1
il,1
_neri,1
SÃ©rio.,1
Probablemente,1
muebles,1
usados,1
hubo,1
accidente..,1
raro,1
Caralho,1
nadie,1
olvide,1
debajo,1
Ã©l,1
pede,1
Et,1
cerrado.,1
ator,1
pornÃ´,1
Hitlerzinho,1
homofÃ³bico,1
Globo,1
Alckmin..,1
melhorar,1
saÃºde,1
educaÃ§Ã£o,1
economia,1
bobagens?,1
esperanÃ§a,1
aecio,1
shippea,1
julright,1
plan,1
serio,1
liar,1
dave,1
8,1
nominar,1
Noelia,1
gala,1
fandom,1
ig,1
juanan,1
thalia,1
_llanos,1
sabia,1
pap,1
accidente,1
ruta,1
buscÃ¡ndola,1
escuch,1
pedido,1
ayuda,1
auto,1
condiciones,1
Estado,1
negÃ³,1
increÃ­blemente,1
nefastos,1
(mientras,1
llenan,1
subsidios,1
hablando,1
DDHH),1
apavorada,1
cogitando,1
ansiosa..,1
falta,1
aula,1
chuva,1
maldita,1
prova,1
Voltei,1
line,1
20,1
setembro,1
procurar,1
Rede,1
Zdrav,1
razum,1
kaÅ¾e,1
ako,1
lijeÄiÅ¡,1
tako,1
Äini,1
sve,2
obratno,2
onoga,1
tijelu,1
treba,1
izlijeÄi,1
onda,1
debelo,1
Å¡tima,1
Truje,1
ga,1
izgladnjuje,1
obara,1
imunitet,1
Nije,1
Äudo,1
Kubanci,1
Kinezi,1
imaju,1
viÅ¡e,1
uspjeha,1
Rade,1
Ploro,1
somric,1
Tot,1
alhora.,1
_Mil,1
Naravno,1
ima,1
malo,1
pre,1
proÄitala,1
jedna,1
njih,1
postala,1
uÄiteljica...,1
treinadores:,4
â€œvcs,4
engolirâ€,4
confiscaria,4
almoÃ§o,4
elenco,4
Chamaria,4
manicure,4
concentraria,4
expulso,4
daria,4
beijo,4
irmÃ£o,4
Ã¡rbitro,4
invadiria,4
Ã¡rea,4
tÃ©cnica,4
IM,3
SERIOSULY,1
FUCKIGN,1
CRYING,1
CANT,1
BELIEVE,1
ITS,1
FINALLY,1
HAPPENING,1
WHAT,1
THE,3
FUCKEKWSIWHHSSJSJBSJSNSSKDNNDJSBSNDK,1
Seria,2
censurar,1
vice,3
falaram,1
certos!,1
ã«ã„ãŒã£ãŸãƒ•ãƒ¬ãƒ³ãƒ‰ï¼,1
å¯‚ã—ã„ã„ã„ã„ã„ã€œã€œã€œã€œã€œã€œã€œã€‚ã€‚ã€‚,1
POR,1
QUÃ‰?,1
AnÃ­bal,1
FernÃ¡ndez,3
todavÃ­a,5
preso?,3
Daniel,1
Scioli,1
Sergio,1
Berni,1
Viviana,1
Fein,1
presa?,2
Cristina,1
Kirchner,1
Weg,1
met,1
lelijkerd,1
ä»Šæ—¥ã‚‚ãŠç–²ã‚Œæ§˜ã§ã—ãŸã€‚,1
can't,1
believe,1
internet,1
thought,2
joyce,1
kidnapped,1
forced,1
sponsored,1
videos,1
aasbdkjfwkajbkjscbfkjsabfjabfk,1
Has,1
always,1
clumsy,1
#SANGYEONDAY,1
ixi,1
unir,1
errada,1
enfraqueceu,1
(Ciro),1
Segue,1
populaÃ§Ã£o,1
si.,1
cega,1
ponto,1
faÃ§a/fala,1
perguntar,1
Glifosato.,1
hein.,1
atrasada,1
pesq,1
25,1
60,1
atitude,1
comparado,1
atitudes.,1
otra,1
atragantÃ¡ndose,1
Magdalena,1
Marta,1
ahogÃ¡ndose,1
zumito,1
melocotÃ³n,1
comparan,1
shippeo,1
alba,1
natalia,1
ella,1
cantando,1
Eleni,1
encontrando,1
neurona,1
coÃ±o,1
VIVA,1
OT.,1
BOLSA,1
EMPREGO,1
desemprego,1
familiar,1
sociedade,1
interessa,1
proliferaÃ§Ã£o,1
melhor.,1
#brexit,1
we're,1
likely,1
see,1
under,1
Army,1
Morris,1
Marina's,1
why,1
indulging,1
#conbrexit,1
#labbrexit,1
#cpc18,1
coitada,1
Aos,1
nÃºmeros,1
surgindo,1
peito,1
estÃºdio,1
criou,1
classes,1
sociais,1
ConÃºmero,1
SenÃºmero,1
Meirelles.,1
Las,1
peores,1
decepciones,1
esperas,1
Peor,1
estructura,1
alta,1
mar,1
marÃ­tima,1
Paraguay,1
clara,1
dulce,1
cano,1
Ã³dio?!,1
odeia,1
completamente,1
idiota,1
pensa,1
qtde,1
preferir,1
â€œqqr,1
1o,1
assustadora..,1
juntasse,1
realmente,1
TRAGÃVEL,1
poderiamos,1
2o,1
Descobri,1
onde,1
moram,1
hein,1
Agr,1
colocou,1
informaÃ§Ã£o?,1
Zij,1
lief,1
maar,1
naief,1
tw,1
don,1
geven,1
Ella,1
Chica,1
Clima,1
reemplaz,1
Sol,1
PÃ©rez,1
NUNCA,1
mostrado,1
manera,1
SeÃ±oras,1
seÃ±ores,1
NACE,1
potencia,1
volver,1
locos,1
quedo,1
salir,1
23:00,1
llego,1
quince,1
horas,1
#OTDirecto30SEP,1
Nuestros,1
hÃ¡bitos,1
consumo,1
manejo,1
residuos,1
amenazan,1
#AcciÃ³nPorElPlaneta,1
serÃ­ssimo,1
GlÃ³ria,1
Luccas,1
carlos,1
rael,1
3030,1
Other,1
then,1
Venice,1
cypress,1
cove,1
place,1
hell.,1
Muchas,1
compaÃ±eros,1
comentamos,1
narra,1
escueta,1
iter,1
criminal,1
vital,1
delincuente,1
datos,1
nuestros,1
estudios,1
intentamos,1
calcular,1
reincidencia,1
trazar,1
patrÃ³n,1
delictivo...ninguno,1
dedica,1
aquello,1
vale,1
triste.,1
fixaÃ§Ã£o,1
Ã³dio!,1
Tenemos,1
personas,1
cuya,1
carrera,1
universitaria,1
basa,1
delincuencia,1
gÃ©nesis,1
prevenciÃ³n,1
formas,1
tratamiento...y,1
participan,1
valoraciones,1
riesgo,1
delictivo,1
temÃ¡tica,1
sencillamente,1
surrealista.,1
Thee,1
feeling,1
when,1
mean,1
someone,1
did,1
feel,1
stupid,1
caring,1
Allow,1
man.,1
tarada,1
Amoeba,1
quinto,1
viÃ©s,1
descarto,1
mesmo.,1
Bolsonnaro,1
quatro,1
Novo.,1
Creo,1
dejar,1
tiempo..,1
demasiado,1
gratuito,1
decir,1
mitad,1
sea,1
OT,1
escrib,1
daba,1
niveles,1
entiendo,1
vemos,1
gira,1
sÃ©rio,1
TEM,1
Hay,1
tambiÃ©n,1
Leguia,1
Presidente,1
renacimiento,1
nuestra,1
Guerra,1
despuÃ©s,1
infausta,1
Mucho,1
gloriosa,1
instituciÃ³n,1
ello,1
compro,1
primeros,1
sumergibles,1
tuvimos,1
SudamÃ©rica,1
Dois,1
trairas,1
desesperados...,1
tuit,2
idealizando,1
drogas,1
horrible,1
hable,1
empanada,1
pasarse,1
Access,1
definitely,1
rough,1
they,1
bumpy,1
track,1
I've,1
driven,1
down!,1
DALE,2
DURO,1
_macleod,1
All,1
Huns,1
nasty,1
shit....take,1
day,1
off,2
man..,1
embarrassing,1
these,1
replies.,1
Animals,1
quite,1
an,1
apt,1
description.,1
faltando,4
cabelo,1
intestino,1
Trutjes,1
zich,1
omhoog,1
neuken,1
het,1
zijn,1
gewoon,1
carierehoeren,1
youp,1
doet,1
nu,1
weer,1
eens,1
erg,1
goed,1
Dat,1
mens,1
Amerika,1
zo,1
duidelijke,1
leugenaar,1
Prutmens,1
voor,1
democraten,1
dus,1
wijs,1
YOUP,1
IN,1
GODSNAAM,1
JE,1
NIET,1
EXCUSREN,1
EN,1
ZO,1
authenticiteit,1
heb,1
ik,1
nodig!,1
Quien,1
bloqueado,1
wtf,1
merendeiro,1
Kkkkkkk,1
continuando,1
direita,2
porÃ©m,1
maioria,1
pensam,1
sabem,1
despreparados,1
ei,1
votam,2
sao,1
sujeiras,1
motoserra,1
pedetista,1
viram,1
falsas,1
denuncias,1
Sinto,1
informar,1
engolem,1
refletir!,1
ãã†ã€ç§˜å¯†ã€‚ã“ã®ä¸å®Œå…¨ãªã€ˆå‡¶ç¦æ¥½åœ’ã€ã‚¨ãƒ‡ãƒ³ã€‘ã€‰ã®ã“,1
#date_a_live,1
é™¸ä¸Šé¸æ‰‹ã€ã‚ã¡ã‚ƒãã¡ã‚ƒè¶³ãŒé€Ÿã„ã ã‘ãªã®ã«é ­ã®è‰¯ã„äººæ ¼è€…ã¿ãŸã„ãªã‚¤ãƒ¡ãƒ¼ã‚¸ã«ãªã£ã¦ã—ã¾ã†ã®æ„å‘³ä¸æ˜ã§æ€–ã„ã‚“ã§ã™ã‘ã©ã€ä¾‹ã¨ã—ã¦é«˜æ©‹å°šå­ã¯ä»Šãƒ‘ãƒãƒ³ã‚³ä¾å­˜ç—‡ã®ä¸Šã«ç¾å½¹é¸æ‰‹ã«å¯¾ã—ã¦ã€Œç§ãŒç¾å½¹ã®é ƒã¯ã‚‚ã£ã¨é ‘å¼µã£ã¦ã„ãŸã€ã¨ã„ã†ã‚ˆã†ãªç™ºè¨€ã‚’ç¹°ã‚Šè¿”ã—ã¦ã„ã¾ã™,1
tomo,1
ciertas,1
decisiones,1
definitivas,1
irreversibles,1
hacerlo,1
Se,1
obrigar,1
filhos,1
militares,2
hospital,1
atendimento,1
outro,1
â€œCuando,1
besitos,1
cuello,1
Pa,1
entiendan,1
chino,1
sale,1
sonrisa,1
tonta,1
habla,1
jodio,1
17:23,1
morte,1
florestas.,1
Bradaram,1
entrar,1
JosÃ©?,1
Foi,1
assustadora,1
frase,5
reconhecer,2
eleiÃ§Ã£o,1
amarela,1
reforÃ§a,1
_romao02,1
wsh,1
petit,1
vrmt,1
rigole,1
pas,1
_B98,1
JOPE,1
tenÃ­a,1
acabar,1
feliz,1
sÃ­..,1
unas,1
pringadas...,1
_LA,1
_Jimny,1
Ğ¢ÑƒĞ´,1
Ğ¿Ğ¾Ğ¿ÑƒÑ‚Ğº,1
Ñ‚ÑĞ¶ĞµĞ»,1
Ğ½Ğ°Ğ¹Ñ‚Ğ¸,1
Ñ‚Ğ°,1
Ñ…Ğ¾Ñ‚ĞµĞ»Ğ¾Ñ,1
Ğ¾Ñ‚Ğ¿Ñ€Ğ°Ğ²Ğ¸Ñ‚,1
Ğ²Ğ°,1
Ğ³ÑƒĞ¼Ğ°Ğ½Ğ¸Ñ‚Ğ°Ñ€Ğº,1
Ğ´Ğ»,1
Ğ¿Ğ¾Ğ³Ğ¾Ñ€ĞµĞ»ÑŒÑ†ĞµĞ².,1
MÃ´nica,1
herdando,1
23,1
vermelho,1
bandidos,1
vermelhos,1
eleger,1
aÃ§aizeiro,1
namorar,1
entender..,1
complicada,1
geek,1
vera,1
lucia,1
fenÃ´meno,1
(Cabo,1
Daciolo),1
odeiam,1
tempo,1
Assim,1
tiram,1
odiado,1
PalÃ¡cio,1
_17,1
nojento.Vergonha,1
milhÃ£o,1
SÃ£o,1
Paulo,1
domingo,1
avenida,1
fechada,1
carros,1
aberta,1
lazer,1
bolsosimpatizante!,1
Brighton,1
Development,1
Brunswick,1
Developments,1
Limited,1
East,1
Sussex,1
Queria,1
almoÃ§ar,1
cmg,1
sumiuuuu,1
cuidem,1
amiguinho,1
desanimado,1
namorada,1
chora,1
motivos,1
passa,1
sobrinho,1
preguiÃ§a..,1
enfrentando,1
batalha,1
interna,1
menospreze,1
fazia,1
acusava,1
querer,1
controlar,1
MP,1
voltarÃ£o,1
caixinha,1
acusa,1
Ruim.,1
somewhere,1
thereâ€™s,1
things,1
wonâ€™t,1
brand,1
awareness,1
apparently,1
ASMR,1
wasnâ€™t,1
sorry.,1
confiar,1
especialmente,1
historicamente,1
eduardo,1
jorge,1
aÃ©cio,1
termos,1
inviÃ¡veis,1
Centro,1
OceanogrÃ¡fico,1
Canarias,1
ECOAQUA,1
reÃºnen,1
65,1
taller,1
MarSP,1
planificaciÃ³n,1
espacial,1
prÃ³-Bolsonaro,1
ViÃ§osa,1
ofendida,1
EntÃ£o,1
ignorante,1
bem,1
mal,1
Infelizmente,1
juntos,1
merda.,1
called,1
???,1
camila,1
falo,1
dm,1
turno:,1
40),1
40,1
39,1
36),1,1,,
enterando,1
nefasto,1
_avila,1,1,,
qued,1
Senado,1
pregunta,1
mayorÃ­a,1
permite,1
_Nacional,1
16,1
pluris,1
å«Œã‚ã‚Œã¦ã‚‹ã¨æ€ã£ãŸã‚‰,1
ãã®äººã«ã€Œã©ã†ã—ãŸã‚‰ã„ã„ï¼Ÿã€,1
ã£ã¦èããŸãã¦ã—ã‚‡ã†ãŒç„¡ã„ã€‚,1
_w_h,1
ãã†ã€ãƒ‘ãƒ¼ãƒ†ã‚£ãƒ¼ã«ã‚‚è¡Œã‹ãªã„ã¨ã„ã‘ãªã„ã€‚ã‚ã®ã€ã™ã”ãé£²ã¾ã•ã‚Œã‚‹ãƒ‘ãƒ¼ãƒ†ã‚£ãƒ¼ã«(ï¼›Â´Ğ”ï½€),1
Ministra,1
chegou,1
bilhetinho,1
lÃ¡...,1
Santiago,1
siervo,1
Dios,1
recuerda,1
12,1
tribus,1
bestia,1
pÃ¡jaro,1
reptil,1
criatura,1
humanidad,1
domar,1
(Santiago,1
3.3-12),1
Discordo,1
Vejo,1
pragmatismo,1
usa,1
torto,1
Detesto,1
vejo,1
tucanato,1
Pessoal,1
cachorrinha,1
proximidades,1
Gavola,1
Net,1
suja,1
Contato,1
(64,1
99662-9957,1
Ese,1
empiezas,1
musical,1
YouTube,1
terminas,1
cÃ³mo,1
salmÃ³n,1
JapÃ³n.,1
diga,1
pote,1
mÃ¡goa,1
conseguiu,1
ressentimento,1
geral,1
particular,1
democracia,1
Deu,1
explÃ­cito,1
golpista,1
recusou,1
golpe,1
2016,1
veemÃªncia,1
crÃ©dito,1
tem.,1
modelo,1
argentina,1
suele,1
MUY,1
calent,1
redes,1
sociales,1
infarto,1
enloqueci,1
seguidores,1
psicÃ³tico,1
mÃºmia,1
plastificada,1
distribuÃ­ram,1
chantagem,1
Esse,1
papo,1
radicalismo,1
cola,1
bonde,1
imaginem,1
botox,1
psicose,1
religiosa,1
mentiras.,1
Kkkk,1
dÃºvida,1
lembro,1
tira,1
Chegou,1
derrotar,1
Precisamos,1
varrer,1
mapa,1
Votar,1
4,1
quadrilha,1
cadeia,1
empresÃ¡rios.,1
least,1
think,1
dog,1
loves,1
Blood,1
Feud,1
Aquaman,1
Black,1
Manta,1
Lucas,1
Meyer,1
Art,1
#Aquaman,1
rt,1
gc,1
exo-ls,1
don't,1
shy,1
ã……',1
mutuals,1
theory,1
fucking,1
evidence,1
noticed,1
both,1
covered,1
despite,1
owning,1
very,1
long,1
OPINIÃƒO,1
â€œNatural,1
cacifar,1
improvÃ¡vel,1
legislaÃ§Ã£o,1
Marco,1
Antonio,1
Villa,1
ä»Šæ—¥ã‚‚1æ—¥ãŠç–²ã‚Œæ§˜ã§ã—ãŸï¼,1
senhor,1
Fernando,1
buscar,1
totalmente,1
impossÃ­vel,1
#eleicoes2018,1
Melodrama,1
lorde,1
ultraviolance,1
froot,1
lily,1
allen,1
art,1
angels,1
grimes,1
sisanya,1
gatau,1
diferencia,1
radica,1
Hasta,1
ahora,1
reactiva,1
sangrienta,1
confrontaciÃ³n.Resultado,1
300,1
muertos,1
desaparecidos.MÃ¡s,1
confrontar,1
requiere,1
prevenir,1
enfoque,1
pro-activo,1
recomposiciÃ³n,1
lograr,1
oh,1
twenty-four,1
books,1
include,1
HUNDREDS,1
PAGES,1
CANVAS,1
READINGS,1
PER,1
WEEK,1
esperei,1
morto,1
nutria,1
simpatia,1
pt,1
bolso,1
vomitar,1
juro,1
Passado,1
Conseguiste,1
concretizar,1
objetivos,1
marinismo,1
enterrado,1
rÃ¡pido,1
piores,1
produzidas,1
brasileira,1
critica,1
compromete,1
coragem,1
pacificar,1
barco,1
deriva.,1
votamos,1
corruptos,1
comunistas,1
organizaÃ§ao,1
Cangaciro,1
tao,1
envolvido,1
ate,1
teto,1
novamente,1
tremenda,1
carater,1
Nao,1
venezuelar,1
ã‚·ã‚§ã‚¢ãƒã‚¦ã‚¹ã—ãŸã‚‰ã€ä»•äº‹ãŒçµ‚ã‚ã£ãŸã‚‰æ¯æ—¥ãƒœãƒ¼ãƒ‰ã‚²ãƒ¼ãƒ ã¨æ ¼ã‚²ãƒ¼ã‚’ã‚„ã‚Šã€æ¯æ—¥ãƒ‰ãƒ³ã‚­ãƒ›ãƒ¼ãƒ†ã‹ã‚‰å°é“å…·è²·ã£ã¦ãã¦å‹æ‰‹ã«ãƒ¢ãƒãƒœã‚±ã‚’ã—ã¦ã‚¦ã‚¶ãŒã‚‰ã‚Œã‚‹ã ã‘ã®ç”Ÿãç‰©ã«ãªã‚Šãã†,1
Essa,1
completa,1
Estamos,1
fraudaram,1
2014.,1
nota,1
fire.,1
Tem,1
lados.,1
perdeu,1
noÃ§Ã£o.,1
errados.,1
Estamos,1
dino,1
Infelizmente.,1
sun,1
usually,1
works,1
any,1
help,1
Galera,1
tag,1
preparando,1
#VoteMarina18,1
profe,1
pille,1
explicando,1
mirÃ¡ndote,1
Tres,1
nuevas,1
especies,1
sorpresa,1
escondida,1
Atacama,1
#CuartoMilenio,1
plano,1
sinto,1
confianÃ§a,1
governabilidade,1
inclinaÃ§Ãµes,1
botar,1
umas,1
criticada,1
distorcida,1
Still,1
confused,1
tickets,1
book?,1
Here,1
seating,1
details,1
ticket,1
prices,1
namma,1
home,1
games,1
season,1
Come,1
support,1
Machans,1
#PoduMachiGoalu,1
@_KANI_CLUB,1
æœ€è¿‘æ ¼ã‚²ãƒ¼ã«ãƒãƒã£ã¦ãã¦ã„ã‚‹ã®ã§ã¿ã‚“ãªã‚„ã£ã¦æ¬²ã—ã„ã­ãˆï¼ˆï¼›ï¼›ï¼‰,1
Nem,1
Meu,1
amigos,1
Facebook,1
entendem,1
Ryanair,1
schlieÃŸt,1
Basis,1
Bremen,1
barulhinho,1
taehyung,1
ELE,1
LITERALMENTE,1
PESSOA,1
MAIS,1
FOFA,1
MUNDO,1
mim,
Haddad,