haddad,498,
gomes,462,
#debatenarecord,442,
debate,430,
pt,425,
bolsonaro,419,
turno,282,
chama,275,
marina,262,
melhor,227,
candidato,218,
bem,192,
gente,187,
segundo,181,
dia,176,
alckmin,173,,
preparado,155,
alta,147,
brasil,146,
sonda,144,
voto,142,
daciolo,140,
todos,140,
eleitor,128,
inteligente,126,
rio,125,
sbt,124,
pro,124,
minicirurgia,123,
bolsorabo,123,
recuperando,123,
presidente,123,
votar,119,
governo,117,
primeiro,111,
boulos,106,
vota,106,
lula,105,
contra,95,
pesquisa,90,
#ciro12,87,
educa√ß√£o,85,
campanha,82,
mulheres,82,
elei√ß√£o,81,
povo,80,
tudo,77,
plano,76,
ganha,74,
propostas,73,
menos,72,
#cironarecord,69,
bom,67,
pessoas,66,
pa√≠s,62,
amor,61,
sensato,60,
rejeitado,60,
ficha,59,
reizinho,59,
op√ß√£o,58,
√°lvaro,58,
esp√≠rito,55,
animal,55,
esperto,55,
preocupa,55,
lgbt,55,
deus,55,
lindo,54,
bozo,54,
pq,54,
pensa,53,
primeira,52,
governar,51,
tirar,51,
vote,50,
vc,50,
acaba,50,
boas,49,
limpa,49,
debochado,49,
ganhar,49,
cara,47,
sugar,46,
daddy,46,
competente,46,
forte,46,
debater,45,
√©tico,45,
simp√°tico,45,
educado,45,
argumentar,44,
memes,44,
carism√°tico,44,
nova,44,
firme,42,
ver,41,
contexto,41,
tomar,41,
nunca,40,
melhores,40,
media,40,
direito,40,
debates,39,
estado,38,
votos,38,
v√£o,38,
eleitores,37,
uns,37,
f√°cil,37,
eh,36,
continuo,36,
caiu,36,
dar,36,
certeza,35,
sim,35,
cora√ß√£o,35,
record,34,
quero,33,
anos,33,
silva,33,
corrup√ß√£o,33,
dizendo,32,
conseguiu,32,
elei√ß√µes,32,
cabo,32,
subiu,32,
resposta,32,
vi,32,
sei,32,
fim,31,
direita,31,
sendo,31,
pesquisas,31,
faz,31,
apoio,31,
diz,30,
maior,29,
chegou,29,
parece,29,
amo,29,
voc,29,
realmente,28,
final,28,
galera,28,
pdt,28,
popular,28,
enquanto,28,
√∫til,28,
causa,28,
fez,27,
projeto,27,
bater,27,
frente,27,
qualquer,27,
digo,27,
chuchu,26,
verdade,25,
pactual,25,
alvaro,25,
merenda!!!!,25,
gl√≥rias,25,
dessa,25,
v√≠deo,25,
homem,24,
disso,24,
deux!,24,
super,24,
pol√≠tica,23,
consegue,23,
eleitoral,23,
nao,23,
haddad.,23,
coisa,23,
representa,23,
tornar,23,
bons,22,
progressistas,22,
tanto,22,
nesse,22,
milh√µes,22,
fortalece,21,
passou,21,
is,21,
condi√ß√µes,21,
aluno,21,
estuda,21,
neg√≥cio,21,
desempenho,20,
programa,20,
outro,20,
certo,20,
cear√°,20,
8,20,
all,20,
good,20,
descansa,20,
recupera,20,
criticado,20,
cart√£o,20,
visita,20,
dele.,20,
s√©rio,20,
nerd,20,
justi√ßa,20,
entender,19,
viu,19,
presid√™ncia,19,
exemplo,19,
mudar,19,
√≥dio,19,
cada,19,
rir,19,
estabilidade,19,
esposa,19,
dama,19,
votam,19,
governador,18,
fascismo,18,
√∫ltimo,18,
claro,18,
devaneio,18,
durante,18,
rachando,18,
bico!,18,
hahahahahahhaaha,18,
deu,18,
indigna√ß√£o,18,
fizemos,18,
nele?,18,
roubo,18,
desmoraliza√ß√£o,18,
aparelhamento,18,
grita,18,
livre?,18,
#bolsonaro17,18,
antipetismo,17,
cu,17,
pessoal,17,
ordem,17,
nada,17,
vim,17,
poss√≠vel,17,
cear,17,
perder,17,
nome,17,
pediu,16,
amigo,16,
vamo,16,
mundo,16,
compra,16,
grande,16,
chamado,16,
paz,16,
poderia,16,
pena,16,
3,16,
quase,16,
real,16,
verei,15,
olhos,15,
desservi√ßo,15,
enfie,15,
amargura,15,
arrogancia,15,
advers√°rio,15,
acha,15,
m√£o,15,
eleger,15,
√°varo,15,
denunciar,15,
direta,15,
escrita,15,
modalidade,15,
-um,15,
mensal√£o,15,
direto,15,
pris√£o.,15,
caminho,15,
‚Äúeu,15,
veio?,15,
ap√≥s,15,
sinceramente,15,
a√ß√£o,15,
triste,15,
conseguir,15,
paulo,15,
guedes,15,
nenhum,15,
todas,15,
estaremos,15,
#haddadpresidente,15,
eun√≠cio,14,
discurso,14,
apenas,14,
outros,14,
#elen√£o,14,
ficou,14,
capaz,14,
merda,14,
to,14,
quiser,14,
come√ßa,14,
falado,14,
#haddadnarecord,14,
saiu,14,
apoiar,14,
chamar,13,
revanche.,13,
al√©m,13,
chance,13,
outra,13,
lado,13,
datafolha,13,
aparecer,13,
pires,13,
podia,13,
reta,13,
precisamos,13,
sair,13,
5%,13,
neste,13,
desse,13,
vejo,13,
vencer,13,
ok,13,
apoia,13,
limpa.,12,
fato,12,
sede,12,
comportar,12,
dignidade,12,
favor,12,
dois,12,
quesito,12,
forno:,12,
2%.,12,
1%.,12,
3%,12,
desidratando,12,
1%,12,
surpreende,12,
alcan√ßa,12,
superando,12,34
hor√°rio,12,
espalhar,12,
6%,12,1
eleito,12,
mudem,12,
puder,12,
#ciropresidente,12,
falou,12,
via,12,
seis,12,
n√£o.,12,
tiro,12,
deixar,12,
supera,12,
bastava,12,
ganhava,12,
afirma,12,
identifica,12,
del,12,
muitas,12,
irm√£o,11,
dinheiro,11,
presentes,11,
ciro!,11,
logo,11,
algo,11,
√∫nica,11,
esperan√ßa,11,
"admiro,1
trabalho,7
uahuahauhaua,1
af,2
duo,1
ia,11
esquerda,56
btg,29
tend√™ncia,4
fica,15
provado,1
limites,2
coer√™ncia,2
free,1
style,1
ciro.,26
cert√≠ssimo,1
criticar,11
respeito,6
proposta,24
assembleia,3
constituinte,14
prerrogativa,1
atual,4
levaria,1
risco,7
perdermos,1
direitos,2
cl√°usulas,1
p√©treas,1
hoje,47
.,14
ruas,5
cheias,5
m√≠dia,8
cheia,17
omiss√£o,5
cheio,35
orgulho,6
elen√£o,5
mentiras,5
xuxu,5
trejeitos,5
cinismo,6
defeitos,7
vento,5
coragem,7
jb,5
segue,13
l√≠der,9
mirou,1
nesta,2
prop√µs,1
convocar,4
mesma,9
forma,14
general,4
mour√£o,6
vice,14
rebateu,1
sempre,23
contr√°rio,1
governos,5
autorit√°rios.,1
nasceu,38
ditadura,41
militar,38
formado,38
oper√°rios,38
sindicalistas,38
camponeses,38
intelectuais,38
artistas,38
religiosos,38
etc,43
coloc√°-lo,38
partido,66
autorit√°rio,38
jeito,45
fazem,60
canalhice,38
gigantesca.,38
divulgado,1
n√∫meros,5
candidatos,60
(de,11
acordo,13
regras,1
tse):,1
12+1,1
meirelles,77
12+3,1
12+5,1
12+6,1
12+7,1
amo√™do,30
12+18,1
12+33,1
12+39,1
achou,10
estranho,1
geraldo,16
subir,2
cair,12
?,1
bolso,10
entendo,5
semana,38
ataques,6
assim,14
acho,36
30%,1
agr,4
bizarro,1
longe,28
√∫nico,33
tocar,9
quatro,9
dialogando,9
lados,10
vez,29
furada,16
total,18
hist√≥ria,30
constitui√ß√£o,29
congresso,16
piora,17
88,16
correla√ß√£o,16
for√ßas,18
favor√°vel,17
pobres,16
ruim,18
precisa,86
detonando,17
cima,27
bobagem,17
sobre,44
claramente,13
capacitado,6
destaca,1
meio,4
demagogismos,1
acusa√ß√µes,1
fal√°cias,1
apontamentos,1
coerentes,2
responde,1
perguntado,2
fechou,8
chave,7
ouro,6
pedindo,9
polariza√ß√£o,19
petistas,18
fascistas,7
monstro,6
participa√ß√£o,8
nestas,7
#ovotonarecord,33
devo,1
entendido,5
mal,6
entao?,1
pareceu,1
ce,2
quis,4
dizer,44
centro,10
isento,1
aguentar,8
deveria,8
cotados,1
deixava,1
participar,1
rir.,1
fizeram,2
parceiro,1
antes,8
manifesta√ß√£o,1
5,43
pesquisar,2
pouco..,1
[30/9,4
23:41,1
fernando,8
viana,2
ciro?,4
23:43,1
saulo,2
cuzao,1
23:44,1
pprt,1
23:45,1
falso,1
neide,1
gozou,1
(,21
n√≥s",11,
achar,11,
"reconcilia√ß√£o"".",11,
agride,11,
entrevistadores,11,
tapas,11,
socos,11,
negro,11,
discorda,11,
"capit√£o,11
mato,11
parte,37
razo√°vel,11
eleitorado,15
nacional,13
nazista"".",11,
identifico,11,
pois,11,
bonito,11,
problema,11,
comparar,11,
acabou,11,
excepcional,11,
poucos,11,
assistem,11,
arrebentou.,11,
vida,11,
lugar,11,
curitiba,11,
conclus√£o,11,
jogo,11,
mando,11,
parar,11,
comiss√£o,11,
pt.,11,
positivamente,11,
avers√£o,11,
assume,11,
mediocridade,11,
preconceito.,11,
muda,11,
decretar,10,
recomendo,10,
votarem,10,
ficar,10,
olha,10,
justamente,10,
n√©?,10,
trabalha,10,
desperdice,10,
ideias,10,
tentou,10,
coisas,10,
alvo,10,
importante,10,
dormir,10,
merece,10,
injusti√ßado,10,
reportagem,10,
revista,10,
isto√©,10,
pris√£o,10,
coordena,10,
benef√≠cio,10,
#alvarodias19,10,
concretas,10,
deixem,10,
pouco,10,
kkkkkkkkk,10,
pisa,10,
desperdi√ßado,10,
redes,10,
dentro,10,
√≥timo,10,
alma,10,
com√©dia,10,
erros,10,
7,10,
viver,10,
mt,10,
ministro,10,
economia,10,
luz,9,
agripino,9,
ganhou,9,
vivo,9,
avaliado,9,
interessante,9,
caralho,9,
tanta,9,
medo,9,
rea√ß√£o,9,
esfor√ßando,9,
manter,9,
normalidade,9,
ouvir,9,
serm√£o,9,
seguran√ßa,9,
decidir,9,
inclusive,9,
ganharia,9,
inten√ß√µes,9,
muita,9,
apoiando,9,
por√©m,9,
brasileiro,9,
correu,9,
amea√ßa,9,
igualar,9,
_fernando,9,
tse,9,
pedido,9,
implementar,9,
socialismo,9,
n√∫mero,9,
m√°s,9,
prefere,9,
diabo,9,
fa√ßo,9,
grupo,9,
perdia,9,
mudaram,9,
desanimem,9,
segndo,9,
entendam,8,
renan,8,
golpe,8,
vezes,8,
resumo,8,
#debaterecord,8,
mandando,8,
acabamos,8,
salvar,8,
falta,8,
rela√ß√£o,8,
mulher,8,
pol√≠tico,8,
escolher,8,
pensem,8,
bonoro,8,
brizola,8,
muitos,8,
importa,8,
33,8,
superou,8,
acreditem,8,
querendo,8,
moral,8,
a√≠,8,
modo,8,
foto,8,
coiso,8,
resultado,8,
rasgava,8,
elogios,8,
centro-direit√£o,8,
estocada,8,
decolou,8,
desesperou,8,
trag√©dia.,8,
pessoa,8,
acreditar,8,
mudan√ßa,8,
escolhi,8,
consigo,8,
rejeitou,8,
retirar,8,
ar,8,
confessa,8,
planos,8,
assistam,8,
compartilhem,8,
fofo,8,
mto,8,
ibope,8,
organiza√ß√£o,8,
na√ß√£o,8,
existe,8,
rejei√ß√£o,7,
mil,7,
governou,7,
fez.,7,
brasil!,7,
margem,7,
continua,7,
la,7,
juntos,7,
democracia,7,
teto,7,
maneira,7,
rachar,7,
corrida,7,
jair,7,
duas,7,
pros,7,
instituto,7,
chances,7,
saber,7,
podem,7,
_fernandes,7,
conhece,7,
respeitar,7,
internet,7,
juntar,7,
"contra,7
desequilibrado,7
xinga,9
geral.,25
representamos",7,
controlar,7,
raz√£o,7,
gostei,7,
batendo,7,
lata,7,
guerra,7,
elenao,7,
‚Äúnazista,7,
fdp.,7,
important√≠ssimo,7,
brado,7,
retumbante,7,
gomes.,7,
argumentos,7,
levem,7,
cometam,7,
terno,7,
ambos,7,
constitucional,7,
sonho,7,
timeline,7,
fazendo,7,
brasileira,7,
luciano,7,
hang,7,
chega,7,
comunistas,7,
paralela.,7,
pe√ßo,7,
volte,7,
liberal,7,
en,7,
el,7,
pare,7,
bonzinho,7,
1,7,
0,7,
turma,7,
iria,6,
quest√£o,6,
oliveira,6,
diferen√ßa,6,
infelizmente,6,
video,6,
dirigir,6,
gomes:,6,
polarizou,6,
murchou,6,
d√≠gito,6,
espantar,6,
defender,6,
votando,6,
13,6,
tiraram,6,
toca,6,
google,6,
tradutor,6,
pausadamente,6,
rob√≥tica..,6,
‚Äúmassa,6,
cara...marina,6,
competindo,6,
araci,6,
top-therm,6,
voz..,6,
remendado,6,
ajudar,6,
parab√©ns,6,
candidatura,6,
dilma,6,
prefiro,6,
serpes/o,6,
goi√°s,6,
(em,6,
v√°lidos):,6,
51%;,6,
17%;,6,
8%;,6,
6%;,6,
adoro,6,
reais,6,
palavra,6,
milit√¢ncia,6,
passa,6,
alian√ßas,6,
alckimin,6,
#haddad13,6,
eunicio,6,
possibilidades,6,
bola,6,
haver,6,
atr√°s,6,
calheiros,6,
estrat√©gias,6,
07/10,6,
prop√µe,6,
levou,6,
intensificar,6,
plaquinha,6,
gravar,6,
divulgando,6,
aqui.,6,
ja,6,1
palma,6,
adora√ß√£o,6,
bizarra,6,
votaria.,6,
troca,6,
bicho,6,
ganhe,6,
ah,6,
pr√≥pria,6,
viram,6,
certos,6,
pr√≥prio,6,
prioridades,6,
alkmin,6,
sa√∫de.,6,
ran√ßo,6,
tb,6,
engra√ßado,6,
cidade,6,
kkk,6,
prefeito,6,
galerinha,6,
1Ô∏è‚É£3Ô∏è,6,
votava,6,
psol,6,
atacar,6,
unir,6,
opini√£o,6,
metade,6,
amorzinho,6,
chomsky,6,
investimento,6,
100,6,
v√°lidos,6,
prefer√™ncia,6,
pol√≠ticos,6,
fingir,6,
revoltado,6,
2,6,
livre,6,
resultados,6,
l√°,6,
sa√∫de,5,
acabar,5,
maia,5,
diferente,5,
sincero,5,
anti-petismo,5,
abissal,5,
segura,5,
meme,5,
situa√ß√£o,5,
mem√≥ria,5,
"sei,5
segunda,19
todos..",5,
comunica√ß√£o,5,
contratou,5,
certamente.,5,
meireles,5,
extremos,5,
ganhando,5,
julgar,5,
come√ßo,5,
espero,5,
algum,5,
votaria,5,
fascista,5,
linda,5,
conhe√ßa,5,
centr√£o,5,
dialogar,5,
equipe,5,
sereno,5,
voto.,5,
fundador,5,
sorridente,5,
maravilhosa,5,
sentido,5,
bem.,5,
soma,5,
31%,5,
k√°tia,5,
ali,5,
ano,5,
superior,5,
(pt,5,
trazer,5,
bloco,5,
propor,5,
decidiu,5,
daciolo.,5,
sabotar,5,
centro-direita,5,
direitinho,5,
querer,5,
algumas,5,
cheios,5,
express√µes,5,
apostavam,5,
decolar,5,
iram,5,
entraram,5,
desespero!,5,
igual,5,
#elenao,5,
preconceito,5,
novo,5,
declarando,5,
porcentagem,5,
capacidade,5,
organizar,5,
experi√™ncia,5,
melhorar,5,
m√°ximo,5,
professores,5,
encontrou,5,
fds,5,
tra√ßar,5,
ensino,5,
ideb,5,
refer√™ncia,5,
frota,5,
sorrisinho,5,
mostram,5,
hahahaahaha,5,
denuncia,5,
gloria,5,
deuxxx!,5,
amado,5,
ajuda,5,
iriam,5,
alckmin.,5,
confirmar,5,
enxergar,5,
cartaz,5,
grudado,5,
pr√≥ximo,5,
desafiando,5,
(ciro,5,
amarela,5,
#cirosim,5,
fazenda,5,
criticando,4,
contando,4,
suuuuuper,4,
repetido,4,
cansei,4,
basta,4,
condi√ß√£o,4,
enfrentar,4,
mais.,4,
tava,4,
ne,4,
hein...,4,
cen√°rio,4,
voce,4,
argumento,4,
acabo,4,
perdendo,4,
paci√™ncia,4,
cu.,4,
obrigado,4,
gnt,4,
repito,4,
acredito,4,
bate,4,
sigo,4,
tendo,4,
folha,4,
ato,4,
leva,4,
sensatas,4,
aparece,4,
lembra,4,
simples,4,
rara,4,
credenciais,4,
estadista,4,
-,4,
propositivo,4,
lidera,4,
ajoelhando,4,
leonel,4,
c√¢ncer,4,
suspenderia,4,
concess√£o,4,
sustentou,4,
ditadura.,4,
destaque,4,
termina,4,
bolsonaristas,4,
62,4,
banco,4,
aula,4,
reflitam,4,
importantes,4,
fa√ßa,4,
liso,4,
alfinetadas,4,
preferencial,4,
afiado,4,
perdidos,4,
escanteado,4,
ursal,4,
dura,4,
continuar,4,
declara√ß√µes,4,
usa,4,
adianta,4,
nordeste,4,
sai,4,
mente,4,
kkkk,4,
rindo,4,
porra,4,
t√°,4,
malabarismo,4,
ol√≠mpico,4,
esquivar,4,
par√¢metros,4,
certamente,4,
assustar.,4,
desde,4,
nessas,4,
exatamente,4,
busca,4,
indo,4,
anti,4,
maioria,4,
quisesse,4,
simplesmente,4,
m√™s,4,
c√∫pula,4,
estaria,4,
pronto,4,
transitar,4,
ca√≥tica,4,
retomar,4,
perspectiva,4,
progressita,4,
democr√°tica,4,
necess√°ria,4,
aprova√ß√£o,4,
abreu,4,
temer,4,
dessas,4,
hadade,4,
comandar,4,
pais??acordem,4,
oi,4,
aperta,4,
mordeu,4,
inoculou,4,
veneno,4,
perdeu,4,
sintonia,4,
quadrado,4,
interpretativo,4,
polariza√ß√£o.,4,
querido,4,
vota.,4,
sauda√ß√µes!...,4,
queda,4,
rico,4,
saco,4,
"nesse,4
corta,4
bolsonaro.",4,
verdadeiro,4,
passes,4,
feito,4,
falam,4,
sido,4,
alian√ßa,4,
sabem,4,
acontece,4,
significa,4,
9,4,
0,4,
comunista,4,
base,4,
fortaleza,3,
destruiu,3,
engorda,3,
monop√≥lios,3,
p√∫blico.,3,
incrivelmente,3,
santo,3,
honesto,3,
@_olhaalua,3,
globonews,3,
lideran√ßa,3,
andrade,3,
ideia,3,
s√≥rdida,3,
venezuela,3,
jamais,3,
passar,3,
vejam,3,
loooonge,3,
pfvrrrrr,3,
extrema,3,
governabilidade,3,
explicar,3,
d√∫vidas,3,
azedando,3,
escalado,3,
vingan√ßa.,3,
rt,3,
postura,3,
mandou,3,
incr√≠vel,3,
pessoalmente,3,
"merda,2
anta,2
filho,5
put@,2
caras,5
poder,47
motivo,11
deixou,7
psdb,21
sabia,9
hora,11
demoraria,7
chegar,10
espa√ßo,18
dominada,7
historicamente,7
flerta,7
regular,1
controle,1
remoto,1
entrevistar,1
aberra√ß√£o,1
liberdade,2
imprensa,12
limite.,1
demais,38
presidenci√°veis,2
assumir,24
12.,8
btg/fsb,34
divulgada,36
(01/10,7
compara√ß√£o,9
anterior,8
(24/09):,7
31,44
(-2),9
24,37
(+1),11
11,45
(+3),9
9,13
(-1),26
(+2),10
4,22
(=),11
mbl,3
dando,3
cr√©dito,1
fico,2
orgulhosa,1
menino,2
falando,16
sala,1
aparentemente,13
ningu√©m,8
conhecia,1
nomes,2
falei,2
acreditando,2
nisso,6
torcendo,1
j√∫lia,1
desculpa,2
intrometer,1
pergunta,11
assiste,1
sabatina,1
youtube,1
faap/estad√£o,1
horas,1
globo,22
news,2
30,6
minutos,1
jornal,1
tbm,5
consistentemente,1
debates.,1
mim,18
apaixonada,4
mano,10
gracinha,3
aff,2
kkkkkkkkkkkkkkkkk,2
deixei,1
twitter,15
aberto,2
so,3
ve,1
sentie,1
diferen√ßas,2
pensar,4
momento,12
urna,8
comemorar,1
amigos,7
vit√≥ria,8
eleitoral.,1
coerente,15
preparada,9
projetos,10
quais,11
participo,7
mundo.,8
pior,2
hj,12
terceirizado,1
entusiasmado,1
spc,18
como?,1
valor,2
pago,1
cofres,1
p√∫blicos,1
pagos,1
toda,19
aumento,1
impostos,1
ademais,1
inadiplemento,1
incentivado,1
ent√£o?,1
‚Äúvoc,1
acredita,10
dizer‚Äù,3
afirmar,2
preciso,3
refazer,8
coisa.,3
encerrar,3
radicaliza√ß√£o",3,
acompanhe,3,
lembrando,3,
salnorabo,3,
ponto,3,
_barros,3,
p√∫blico,3,
conversar,3,
katia,3,
antipetista,3,
gosto,3,
deixa,3,
elei√ß√£o.,3,
6,3,
√∫ltima,3,
jo√£o,3,
falem,3,
coloquem,3,
mdb,3,
chapa,3,
pol√≠ticas,3,
enquete‚Ä¶,3,
haddad!,3,
(pdt,3,
conseguiria,3,
conquistar,3,
2¬∞turno,3,
katy,3,
perry,3,
hahahaha,3,
vi√°vel,3,
den√∫ncia,3,
vingan√ßa,3,
animado,3,
hahaha,3,
desonestidade,3,
intelectual,3,
virou,3,
honestamente,3,
alkimin,3,
devem,3,
arrumou,3,
lutando,3,
doida,3,
top,3,
lavar,3,
letras,3,
comprar,3,
sul,3,
reafirme,3,
acorda,3,
2018,3,
simpatia,3,
chegaremos,3,
hist√≥rica,3,
2¬∞,3,
curvar,3,
#manuvice,3,
#obrasilfelizdenovo,3,
#vote13,3,
bobonaro,3,
come√ßar,3,
oportunidade,3,
correr,3,
..,3,
:),3,
prop√¥s,3,
ciro...,3,
achei,3,
matou,3,
garante,3,
usar,3,
p√©s,3,
original,3,
deve,3,
t√≠tulo,3,
dupla,3,
perfeita,3,
duvidas.,3,
turno!,3,
#debatedarecord,3,
m√£os,3,
tentando,3,
dialoga,3,
tranquilamente,3,
apoiado,3,
ele.,3,
votarei,3,
racista,3,
percebi,3,
seu.,3,
bora,3,
feita,3,
vergonha,3,
tentar,3,
clareza,3,
objetividade,3,
cansa√ßo,3,
time,3,
lo,3,
17,3,
ganharam,3,
canalha,3,
livrou,3,
desgra√ßas,3,
_gomes2018,3,
deboche,3,
familia,3,
falaram,3,
criticaram,3,
argumentativa,3,
incisivas,3,
fanaticamente,3,
anti-petista,3,
pistola,3,
ctz,3,
raiva?,3,
pura,3,
su,3,
turno.,3,
oq,3,
dependesse,3,
apresenta,3,
dizia,3,
alguns,3,
rs,3,
apelaram,3,
flertaram,3,
joga,3,
quererem,3,
gera,3,
dubiedade,3,
afasta,3,
professor,3,
assisto,3,
aumentar,3,
migrar,3,
fariam,3,
(e,3,
contar,3,
independente,3,
tweet,3,
certa,3,
"engra√ßado,3
dilma",3,
a√©cio,3,
neves,3,
risadinha.,3,
!!!,3,
recusou,3,
"lind√≠ssima,1
ilustre,1
estimada,1
amiga,1
comadre,1
tudo!,1
soco,1
rep√≥rter,2
gratuitamente,1
brasi..,1
liked,1
filtro,1
√≠cone,2
sorriso,4
c√≠nico,2
superioridade,2
recibo,2
ajustar,2
suspens√≥rio,2
baforadas,2
charuto,2
brilho,2
notas,2
acertar,2
chap√©u.,2
entendedores,2
entender√£o.,2
noite!,2
diverg√™ncia,3
democratiza√ß√£o,3
democratizou,3
demanda,3
pretende,4
democratizar,3
oportunidades,3
produtivas,3
exige,3
inova√ß√£o,3
institucional.,3
loucura,1
apresentam,2
lapela,2
anteriores,2
adotou,2
conhecido,2
intervalo,2
wishful,1
thinking,1
somados,1
nenhum.,1
hum,1
tendi,1
inomin√°vel,2
!!,1
brigada,1
informa√ß√£o,1
imagem,2
cola,1
v√≠deos,1
viralizados,1
agredindo,2
xingando,2
provavelmente,5
perco,1
palmares,1
anular,1
armando,1
paulo...,1
aconteceria,2
alckmistas,2
isso!,2
alertei,2
chamaram,2
prova,5
3.1,1
ah",3,
fofinho,3,
concordo,3,
bolsonaro.,3,
ironia,3,
ontem,3,
conquistou,3,
representando,3,
elevou,3,
rompe,3,
paradigmas,3,
xenofobia,3,
tao,3,
botar,3,
7,3,
seguir,3,
lan√ßou,3,
branco,3,
fun√ßa,3,
bozzo,3,
pov√£o,3,
manifesta√ß√µes,3,
leem,3,
_s,2,
cid,2,
assumiu,2,
cargo,2,
geral,2,
confiar.,2,
gerar,2,
2014,2,
sabedoria,2,
n√©,2,
v√°rias,2,
disparado,2,
armas,2,
pouca,2,
desespero.,2,
centrado,2,
viva,2,
prevejo,2,
pinda,2,
n/cear,2,
perguntando,2,
'por,2,
ganhei?',2,
retomando,2,
confirmado,2,
convoca√ß√£o,2,
mentira,2,
momento.,2,
ficam,2,
sociedade,2,
soltou,2,
confirmou,2,
previ,2,
passada,2,
bozon√©scio,2,
caminho.,2,
(n√£o,2,
liguem,2,
variam,2,
curvas.,2,
acalmar,2,
helic√≥pteros,2,
arriscar,2,
bobagens,2,
tomara,2,
n√£o!,2,
massa,2,
confiando,2,
(pdt),2,
unica,2,
fun√ß√£o,2,
envolvido,2,
finalmente,2,
postou,2,
transforma,2,
"grande,2
p√∫blico",2,
ator,2,
categoria,2,
excelent√≠ssimo,2,
ministra,2,
alckmin..,2,
trata,2,
umas,2,
sinal,2,
negociou,2,
claras,2,
envolvendo,2,
demonstrou,2,
aceita,2,
baseadas,2,
assim.,2,
hein,2,
"eu,4
aceito,3
(eunicio,2
corrupto,3
ajeitou,2
ele...",2,
pr√≥xima,2,
#joaonosdebates,2,
pensei,2,
op√ß√µes,2,
autocr√≠tica,2,
atualmente,2,
duvido,2,
mostrar,2,
fonte,2,
amanh,2,
pocs,2,
empate,2,
_d,2,
bila,2,
je,2,
nulo,2,
acabe,2,
bozo),2,
capazes,2,
juntem,2,
procede,2,
maranhense,2,
comentando,2,
estranhas.,2,
racismo,2,
passando,2,
notifica√ß√µes,2,
abarrotadas,2,
monte,2,
(me,2,
refiro,2,
achando,2,
redund√¢ncia.,2,
dividido,2,
e-mail,2,
felizmente,2,
henrique,2,
√∫ltimos,2,
sao,2,
#votonarecord,2,
perfil,2,
musica,2,
kkkkk,2,
desculpar,2,
venha,2,
gl√≥ria,2,
mudei,2,
negocio,2,
desenvolvimento,2,
futuro,2,
gravata,2,
prop√≥sito,2,
encarregando,2,
eleitoras,2,
indecisas,2,
sabiam,2,
veja,2,
cr√≠tico,2,
entrevistas,2,
favorzinho,2,
apelo,2,
pensam,2,
culpados!,2,
aceitar,2,
lar√°pio,2,
posso,2,
acabando,2,
onda,2,
vendo,2,
desses,2,
#cironosegundoturno,2,
immobile,2,
palavras,2,
mentes,2,
politica,2,
etc...,2,
reclama,2,
ali√°s,2,
tom,2,
fortalecer,2,
#ciro,2,
#ciropresidente12,2,
rabo,2,
atacando,2,
estrat√©gia,2,
imagina,2,
dadas,2,
briga,2,
bateu,2,
tranquilo,2,
raio,2,
parta,2,
falas,2,
capit√£o,2,
ter√ßo,2,
ritmo,2,
cresce,2,
rea√ß√µes,2,
crist√£o,2,
apostar,2,
deputados,2,
senador,2,
indiscutivelmente,2,
aconter,2,
machista,2,
homof√≥bico,2,
(o,2,
prevendo,2,
nivel,2,
gay,2,
p√µe,2,
vs,2,
carinha,2,
puro,2,
outros.,2,
financiamento,2,
usurpado,2,
jogando,2,
lama,2,
manipulando,2,
ignorando,2,
esque√ßa,2,
ex-militantes,2,
diretrizes,2,
decis√µes,2,
patamar,2,
tocando,2,
fodasse,2,
preso,2,
realista,2,
12!,2,
"d√≠vida,3
zero,3
reforma,4
banc√°ria,3
juros,3
respons√°vel,8
sujo,4
corre,3
possibilidade,4
combatida,3
poc,2
beijou,2
devolveu,2
beijo!!!!!!!!!!!!!!,2
@_delrioz,2
_wins_2,2
_fogo,2
ga√∫cho,2
viado,4
mulher",2,
grelo,2,
"duro""",2,
gaba,2,
transar,2,
cabras,2,
protestantes,2,
humilha,2,
posto,2,
"momento,2
testosterona",2,
descupa,2,
busque,2,
quesitos,2,
agora!,2,
li,2,
melhor.,2,
pras,2,
2%,2,
coment√°rios,2,
analisar,2,
chamou,2,
si,2,
saboria,2,
prega√ß√£o,2,
apocal√≠ptica,2,
aparente,2,
humor,2,
arg√∫cia,2,
conten√ß√£o,2,
"garantir,2
resultado.",2,
the,2,
that,2,
it,2,
just,2,1
you,2,
and,2,
es,2,
cinco,2,
in,2,
amar,2,
sp,2,
ladr√£o,2,
mudou,2,
_twd,2,
elegeram,2,
confiante,2,
&amp,2,
nenhuma,2,
principal,2,1
coliga√ß√£o,2,
creo,2,
√∫ltimas,2,
daqui,2,
funcionam,2,
convic√ß√£o,2,
economista,2,
muro,2,
abertamente,2,
acreditam,2,
sementes,2,
precisar,2,
queimou,2,
dedo,2,
_com,2,
defende,2,
imagino,2,
duvidar,2,
nuestra,2,
50,2,
isso.,2,
minist√©rio,2,
s√©culo!,2,
n'eles,2,
sorrir.,2,
velho,2,
esquece,2,
picuinha,2,
sarc√°stico,2,
outro.,2,
al,2,
br,2,
podre,2,
portanto,2,
"n√£o,2
(...,2
constituinte.",2,
verdadeiro.,2,
desperdi√ßar,2,
brilhante,2,
janta,2,
mina,2,
medo.,2,
really,2,
of,2,
promete,2,
fatos,2,
vale,2,
pa√≠s!,2,
criar,2,
perdido,2,
vir,2,
imposs√≠vel,2,
gostam,2,
hey,2,
tio,2,
odeio,2,
reitero,2,
refor√ßo,2,
tese,2,
fuder,2,
teimam,2,
irrita,2,
gastrite,2,
inflar,2,
compet√™ncia,2,
diferencial,2,
afirma√ß√£o!,2,
nega√ß√£o!,2,
fermentando,2,
ultradireita,2,
aceitar√£o,2,
pacifica,2,
pa√≠s.,2,
gra√ßas,2,
calma,2,
manda,2,
caf,2,
leite,2,
acefalia,2,
merenda,2,
quebrar,2,
ladrao,2,
c√¢mera,2,
facada,2,
tr√™s,2,
√©?,2,
vinha,2,
conversa,2,
baixou,2,
saudoso,2,
trabalhismo,2,
genu√≠no,2,
golpistas,2,
ego√≠stas,2,
tratar,2,
cabar√©,2,
lembrei,2,
prometeu,2,
#elenunca,2,
psb,2,
fechar,2,
responsabilidade,2,
objetivo,2,
tds,2,
considero,2,
companheiros,2,
haddad...,2,
seguido,2,
distribui√ß√£o,2,
sopapos,2,
apagado,2,
perdedor,2,
pink,2,
money,2,
c√™s,2,
cnt/mda,2,
28,2,
25,2,
cerca,2,
anti-bolso,2,
anti-pt,2,
esperar,2,
observar,2,
mudan√ßas,2,
rede,2,
quadro,2,
bjo,2,
cheiroso,2,
pr√≥ximas,2,
rendida,2,
jogada,2,
sabemos,2,
dado,2,
(se,2,
tiene,2,
‚Äúvc,2,
ditando,2,
‚Äúnem,2,
chin√™s,2,
dizem,2,
far√£o,2,
equilibrado,2,
investir,2,
70,2,
arrependimentos,2,
janeiro,2,
haha,2,
+,2,
amei,2,
cumprir,2,
vera,2,
l√∫cia,2,
(pstu),2,
(psol),2,
centro-esquerda,2,
jango,2,
(ppl),2,
(mdb,2,
(rede),2,
(psdb),2,
(podemos),2,
extrema-direita,2,
(psl),2,
eita,2,
novamente,2,
"carnificina,1
chaidaniel,1
perigo?,1
aguardo,1
resposta,,1
atenciosamente,1
expor,1
for√ßam,1
barra,1
p√∫blica,5
ressuscitou,1
eleva,1
...,1
ciro/marina,1
vista,1
ok.,1
transformaram,1
assistiu,1
camarote.,1
adotado,1
tende,1
favorece,1
quem?,1
pol√™mica,1
light,1
proto,1
caudilho,1
desapontar,1
brizolistas,1
espalhados,1
contrari√°-lo,1
conhecer,1
autoritarismo,2
dividisse,1
levar√≠amos,1
corremos,1
literalmente,3
trabalhadores,1
uni-vos!,1
gostando,1
gente...,1
tornou-se,1
lionel,1
messi‚Äôs,1
son,1
looks,1
spitting,1
double,1
dad,1
cute,1
pic,1
shared,1
by,1
wife,1
antonella,1
cr√≠tica,1
levantar,1
errados,1
falarem,1
somente,1
imbecis,1
samuel,1
pinheiro,1
guimar√£es,1
nelson,1
jobim,1
luiz,1
furlan,1
ministros,1
extremista?,1
d√°,1
percebam,1
sinto,3
tes√£o,1
dividida,2
afirmam,1
taxa,1
baixa,1
atualiza√ß√£o,1
data,1
juntad,1
mandar,2
voto?,3
comp√¥s,3
mulheres.,3
rompeu,3
criou,3
pm,3
feminina,4
cear√°.,3
coisas.,3
canal,3
band,3
22/10/2017,3
#epelavidadasmulheres,3
#elenaoday,3
ligando,1
dita,1
2018.,1
25,1
bouso,1
(-4),1
15,1
(+7),1
nego,1
querem,1
bolzonaro,1
viadinhos,1
ganhasse,1
cirinho,1
presentear,1
camila,1
procuradores,1
deveriam,1
meter,1
formal,1
cf,1
determina,1
mundos,1
compromissado,1
norteia,1
tentaria,1
alavancar,1
pr√≥prios,1
logica,1
sobrevivencia,1
pqp,3
qu,1
dito,2
francamente...,1
votooooo,1
habilidade,1
aliar,1
exemplo.,1
#redespiertos,3
hola,3
tiempo,3
pero,3
siempre,3
presente,3
con,4
ustedes,3
aca,3
brunito,1
ya,3
salen,3
reja,3
negrito,1
alegra,3
est√©s,1
chimuelo,1
aunque,1
crean,1
quien,1
defienda,1
jajajaja,1
urnas,3
analfabetismo,1
reina,1
brasilz√£o,1
ia",2,
popula√ß√£o,2,
aguenta,2,
chim,2,
bien!!!,2,
bruno,2,
(camilo,2,
santana,2,
cearenses,2,
concordam,2,
posicionamento,2,
camilo,2,
abra√ßos,2,
pretendida,2,
parem,2,
dobradinha,2,
bomba,2,
record!!,2,
entrega,2,
esquema,2,
manipula√ß√£o,2,
cadeia,2,
enfraquecer,2,
oferece,2,
favores,2,
apoia-lo,2,
migrem,2,
haddad..,2,
jun√ß√£o,2,
completamente,2,
terceiro,2,
reclamo,2,
barriga,2,
cr√≠ticas,2,
errou,2,
nen,2,
_varela,2,
entendi..,2,
abra√ßando,2,
passeando,2,
kkkkkkkkkkk,2,
embaixo,2,
_01,2,
passo,2,
_azeved,1,
secret√°rio,1,
ocupa√ß√£o,1,
pacientes,1,
corredores,1,
hospital,1,
ocupa,1,
cumpre,1,
rico.,1,
esquerds,1,
surfando,1,
ondas,1,
lupi,1,
pais.,1,
bilhete,1,
core,1,
kkkkkkkk,1,
namore,1,
olhe,1,
#haddad13presidente,1,
#maisamor,1,
#menosbozo,1,
vier,1,
tens√£o,1,
#ERROR!,1,
escolheu,1,
odiosa,1,
candidata,1,
escanteou,1,
comprovando,1,
coberto,1,
raz√£o.,1,
curta,1,
inocentes,1,
√∫teis,1,
c√°.,1,
qualificado,1,
crise,1,
econ√≥mica,1,
institucional,1,
amadores.,1,
#gloriaadeuxx,1,
apontaram,1,
proposi√ß√£o.,1,
proposi√ß√£o,1,
soube,1,
gen√©ricas,1,
respondeu,1,
macho,1,
racha,1,
beijos,1,
dai,1,
trezao,1,
odienta,1,
quanta,1,
demagogia...apela√ß√£o,1,
honesta,1,
probabilidade,1,
1t,1,
evoluir.,1,
ne...,1,
arrombado,1,
#elen&amp;#.,1,
educacao?,1,
bolsonaro.....,1,
saude?,1,
disse....,1,
seguran√ßa?,1,
fala.....,1,
sras,1,
senhores,1,
desestabilizar,1,
conseguiu.,1,
loucuras,1,
mourao,1,
surpreendendo,1,
revelando,1,
bastidores,1,
minaram,1,
deixaram,1,
minuto,1,
inventaram,1,
racional,1,
agora.,1,
ditaduras,1,
veneram,1,
apartid√°ria,1,
assuma,1,
protestos,1,
precip√≠cio,1,
presidenci√°vel,1,
afirmou,1,
orgulhoso,1,
um,1,
sadio,1,
brasileira',1,
voltou,1,
hamilton,1,
psl.,1,
identificar,1,
fla-flu,1,
porem,1,
surtado,1,
acusado,1,
superfaturar,1,
improbidade,1,
licita√ß√£o,1,
pagou,1,
us,1,
19,1,
mi,1,
por..,1,
cabe,1,
democrata,1,
#agorasouciro,1,
origem,1,
assina,1,
baixo,1,
princ√≠pios,1,
escolherem,1,
respeite,1,
recolha,1,
limites.,1,
ven√ßa,1,
ultimo,1,
minuto!!!!!,1,
formiguinha,1,
recompensado,1,
despertar,1,
daqueles,1,
consolidando,1,
incompar√°vel,1,
alem,1,
petismo,1,
cheguemos,1,
f√©,1,
destino,1,
2022,1,
perguntar,1,
"nenhum,1
democr√°tico,3
presidente",1,
"o,7
podemos,3
promover,1
confian√ßa,1
entendimento,1
brasileiros,3
caia,1
radicalismo?",1,
narrativa,1,
cr√≠vel,1,
competitividade,1,
campanhas,1,
"puros,1
resto,14
boa,29
sorte,2
noite.,1
engolindo,5
surpresa,6
crescer,6
sexta,5
colar,5
petista,17
realidade,12
semanas,2
empatou,1
migo,1
oh,3
:,2
queria,28
votem,8
omha,1
puta,4
pariuuuyu,1
brasilllllllllllllllllllllll,1
combate,1
crime,1
intelig√™ncia,4
policial,1
prote√ß√£o,1
jovens,16
votemos,1
goste,1
amoedo,27
fundo,8
partid√°rio,14
tempo,22
tv,6
estar,11
d√©cadas,1
relevante.,1
levando,1
conta,8
erro,15
tecnicamente,2
empatado,5
olhando,1
responder,6
perfeito,4
preparados,2
:a",1,
tapa,1,
opoe,1,
maconheiro,1,
escandalos,1,
roubos,1,
coron,1,
merda!!!,1,
desvencilhar-se,1,
arguiu,1,
recado.,1,
2:,1,
timidamente,1,
suspirar,1,
opini√µes,1,
pr√≥prias,1,
percebe,1,
hospitalizado,1,
reaparece,1,
torto,1,
pol√™mico,1,
cria√ß√£o,1,
prerrogativa.,1,
antipatia,1,
cinismo,1,
bl√°bl√°rina,1,
desespero,1,
fanatismo,1,
educa√ß√£o,1,
"cara,1
pau",1,
fora!,1,
concorre,1,
esp√≥lio,1,
apareceu.,1,
sentimento,1,
motosserra,1,
livrar,1,
curtido,1,
debatidas,1,
questionamentos,1,
lava,1,
jato,1,
temperamento,1,
complicado,1,
fortes,1,
(ou,1,
pior).,1,
pontuaram,1,
cansado,1,
repetir,1,
favorecendo,1,
adoraria,1,
precisas,1,
permite,1,
colocarem,1,
sabendo,1,
perdem,1,
inverteu,1,
haddad/pt,1,
aliam,1,
apoiaram,1,
alia,1,
flertando,1,
uni√£o,1,
parlamentar,1,
aceita√ß√£o,1,
popular.,1,
encabe√ßando,1,
daria.,1,
arrepios,1,
inten√ß√£o.,1,
agrade√ßo,1,
in√≠cio,1,
coerentes...,1,
#NAME?,1,
explicando,1,
pactual/fsb:,1,
(psl,1,
(psdb,1,
(novo,1,
(rede,1,
eventual,1,
entregar,1,
tentada,1,
estrat√©gia.,1,
decisivo,1,
levarmos,1,
virada,1,
unido,1,
beijo,1,
hegem√¥nico,1,
vitoriosa,1,
"campanha""",1,
infinitamente,1,
relevantes,1,
esquerda,1,
l√°bia.,1,
_igor,1,
_ds,1,
_ciril,1,
@_wupe,1,
_skoberne,1,
saj,1,
nisem,1,
rekel,1,
ni,1,
dobra,1,
ravnateljica,1,
samo,1,
tale,1,
kandidatura,1,
bolj,1,
ponesrecena...,1,
faca,1,
queijo,1,
sim!,1,
concorrentes,1,
"bolsonaro!""",1,
processado,1,
abre,1,
mat√©ria,1,
sulistas,1,
nazismo,1,
regi√£o,1,
"tem,7
casa,18
solu√ß√£o,8
ocupar,8
tudo.,8
l√∫cido,7
come√ßou,2
assola,1
verdadeira,2
cortina,1
fuma√ßa,1
problemas,2
sociais,4
econ√¥micos,1
comentava,1
car√°ter,4
oportunista,1
pepsi,1
gomes..,1
aproveitou,3
mostrava,1
veio,9
acharem,1
bozonaro,2
saiba,4
nele,20
elegendo,1
atac√°-lo,1
folga,1
pense,5
elege,4
2.0,1
bastante,2
adesivo,25
mensagem,1
clara,2
camisa,14
bandeira,20
panfleto,13
partidos,28
aposto,14
idosos,13
crian√ßas,15
sobretudo,13
civilizat√≥rio.,13
entramos,1
full,2
mode,1
pensem..,4
vence,8
disputam,4
segue...,4
experiente.,1
01/10,27
9%,29
vitoria,27
garantida.,27
vivi,3
mostra,16
derrotar,5
desta,4
recado,1
valorizem,1
pequenas,1
bebam,1
√°gua,1
deem,1
risada,1
reclamem,1
noite,9
mude,2
sistema,3
coliga√ß√µes,2
possibilita,2
mandatos,2
sa√≠da,2
rep√∫blica,4
nanico,2
ataca,8
grandes,5
engana,2
sozinho.,2
finge,2
oposi√ß√£o,8
roubam,1
juntos.,1
colegas,2
estariam,1
vendendo,1
quanto,4
declara,1
extremista,1
fogo,1
cruzado,1
senhor,2
marina,ciro,1
propaganda,4
gratuita,1
colocar,18
‚Äúx,1
inv√©s,2
‚Äú@,1
refazer",1,
cuidado,1,
fortemente,1,
cirer,1,
gomer,1,
frider,1,
kalder,1,
receber,1,
regularizar,1,
estara,1,
(boulos,1,
resolver,1,
boloro,1,
dobradinhas,1,
nesses,1,
descontentes,1,
robalheira,1,
permitiu,1,
omitiu,1,
expurias,1,
inescrupulosas.,1,
_ortega,1,
inteligentes,1,
suficiente,1,
critic√°-lo,1,
motivos,1,
justos,1,
rebaixar,1,
rasteiro,1,
nacional.,1,
pai,1,
escutar,1,
considera√ß√µes,1,
finais,1,
reclamar,1,
√≥timas,1,
duvidas,1,
pararam,1,
ces,1,
besta,1,
universit√°rios,1,
d√≠vida,1,
acumulada,1,
bilh√µes,1,
fies,1,
refinanciar,1,
justo,1,
pagam,1,
arrumam,1,
trabalho.,1,
deeeus,1,
daquela,1,
bororo,1,
_zds,1,
‚Äúhaddad,1,
obs,1,
pintaram,1,
mo√ßo,1,
efetivas,1,
ch√£o,1,
organizando,1,
serasa,1,
parcelar,1,
iphone,1,
18x,1,
#magazineluiza,1,
itemzinho,1,
desenhando,1,
nele!,1,
copiadas,1,
biscoito,1,
pacote,1,
mas..,1,
honra,1,
am√©m!,1,
convincentes,1,
esperando,1,
mo√ßa,1,
vazia,1,
interessam.,1,
b√≠blia,1,
pegar.,1,
"ain,1
enganar,1
povo",1,
macaco,1,
ing√™nuo,1,
bonzinho?,1,
mostrou,1,
!!.,1,
provou,1,
!.,1,
#elesnao,1,
_n89,1,
s√≥:,1,
_fire5,1,
simpatizo,1,
filiado,1,
haveria,1,
defendo,1,
cegamente,1,
deixo,1,
simpatia...,1,
coiso.,1,
concordou,1,
olhar,1,
razoabilidade,1,
ex-presidente,1,
fant√°stico,1,
cujo,1,
zomba,1,
senten√ßa,1,
proferida,1,
√≥rg√£o,1,
colegiado,1,
sequestrar,1,
escond√™-lo..,1,
afastou,1,
trajet√≥ria,1,
t√©rmino,1,
derrotados,1,
pdt.,1,
analise,1,
baseado,1,
pactual...a,1,
ocorrer,1,
tradicionais,1,
atoa,1,
89...isso,1,
torna,1,
fraco...,1,
mta,1,
elei√ß√µes...,1,
bonojo,1,
valendo!,1,
consci√™ncia,1,
loco,1,
fantoche,1,
pensadores,1,
#jovemdoano,1,
#kevinho,1,
turno!!,1,
destrua,1,
fudendo,1,
nascido,1,
tristeza,1,
;-,1,
(ps,1,
botei,1,
baguio,1,
fifa,1,
first,1,
(pelo,1,
use,1,
abrir,1,
cegar,1,
lament√°vel,1,
competir,1,
acusa√ß√£o,1,
op√ß√£o.,1,
sensatos,1,
enquete,1,
apoiador,1,
cambada,1,
vagabundo,1,
hadadd,1,
lulinha,1,
manuelinha,1,
apoiam,1,
120,1,
confirmados,1,
critiquei,1,
tenta,1,
julgue,1,
m√©rito,1,
pregando,1,
carregando,1,
#cirogomes,1,
#petrobras,1,
recriar,1,1
soberano,1,
fofinha,1,
velhinho,1,
bombom,1,
administrar,1,
destacou,1,
magistral,1,
"indignado""",1,
mede,1,
metro,1,
nela,1,
geraldinho,1,
surgiram,1,
tweets,1,
abanando,1,
tucano,1,
nota-se,1,
varios,1,
auges,1,
debate:,1,
bozo;,1,
sabotagem,1,
questionando,1,
constitui√ß√£o;,1,
gaguejando,1,
horrores.,1,
arrependendo,1,
profundamente,1,
tirado,1,
presidencial:,1,
porta-voz,1,
d√≥i,1,
indica√ß√£o,1,
),1,
discutir.,1,
derrotamos,1,
come,1,
catioro,1,
quente,1,
beija,1,
__oyg,1,
tentador,1,
inebriou,1,
"mundo"".",1,
salvador,1,
escorando,1,
militante,1,
especialista,1,
humildade,1,
reconhecimento,1,
#debateaparecida,1,
#boulosnatvaparecida,1,
cedo,1,
mes√°rios,1,
lacrar,1,
personalidade,1,
parecida,1,
principalmente,1,
"exc√™ntricas,1
contatos",1,
mero,1,
cidad√£o,1,
forte.,1,
_club,1,
noutro,1,
verdade.,1,
estagnado,1,
natural,1,
diminui,1,
crescimento,1,
d√≠gitos,1,
modestamente,1,
mingua.,1,
lidar,1,
#ovotonarecod,1,
animais.,1,
esquerdista,1,
talo!,1,
ret√≥rica,1,
conte√∫do...mas,1,
esquerdalha!,1,
trag√©dia,1,
economia...jogo,1,
cena,1,
criticas,1,
aliado,1,
2¬∫turno,1,
ter√°!,1,
√∫nca,1,
sa√≠da!!,1,
alckimin.,1,
ignorancia,1,
estupidez,1,
identifica.,1,
gradativamente,1,
kkkkkkkkkk,1,
(marina,1,
curiosidade,1,
mesmo),1,
outubro,1,
traga,1,
bosta,1,
batido,1,
imbecilizado,1,
antipetismo.,1,
queimando,1,
lento,1,
rubinho.,1,
fedeu,1,
cheirou.,1,
apanhou,1,
figueira,1,
orlandes,1,
riu,1,
com/do,1,
feliz.,1,
@_siqueirakarla,1,
tornou,1,
defendido,1,
veem√™ncia,1,
desesperar,1,
acusa,1,
financiando,1,
abandonarem,1,
pedetista,1,
cita,1,
maranh√£o,1,
resposta.,1,
altura,1,
evitar,1,
~plebiscito,1,
(alckmin,1,
√∫nico.,1,
acontecer,1,
grandeza,1,
acima,1,
projetos.,1,
completo,1,
_oq,1,
n√£o..,1,
gritado,1,
√©..,1,
vis√£o,1,
homossexuais,1,
bandidos,1,
assassinos,1,
estupradores.,1,
"mito,1
darmos,1
alimentando,1
criticam,1
ocuparam,1
cargos,5
guilherme,1
esconde,2
admira√ß√£o,2
lula.,1
ofendeu,1
fabrica,1
homossexual,1
jornalista,1
dps,2
mandou..,1
voltar,6
sincera,2
sinjela,1
opiniao,1
subindo,2
dms,1
rejei√ßoes,1
pa,2
fudeu,1
pesquisas.,2
caraleo,1
usando,2
avisa,1
coordena√ß√£o,1
haddad...mas,1
palco,2
leviano.,1
comprove,1
12!!!,2
confi√°vel,1
discorde,1
aponte.,1
regime,1
preferir,1
concorda?,1
escolha,8
equil√≠brio,1
maravilhoso,2
efeito,1
kkkkkkk,1
protestar,1
afilia√ß√£o,1
m√≠nima,1
levantamento,10
mant√©m,10
oscila,10
ultrapassa,10
apertem,10
cintos,10
amorz√£o,1
quinta-feira,1
bolsorano,1
cse,1
valer.,1
verdade),1
falso),1
chandler,1
escolheria,1
precioso,1
idioma,1
sarcasmo,1
qual",1,
favorito,1,
chandler?,1,
representatividade,1,
#representatividadeimporta,1,
bonitinho,1,
derrubamos,1,
_gebhardt,1,
ligadas,1,
detalhes,1,
frente...hoje,1,
gigante,1,
laborat√≥rio,1,
experi√™ncias,1,
"coiso,1
coisa",1,
crescer.,1,
coe,1,
rapaziada,1,
domingo,1,
mam√£e,1,
fofura,1,
zoando,1,
local,1,
_do,1,
ver√≠dicos,1,
copiou,1,
reerguer,1,
c√≥pia,1,
;),1,
falasse,1,
ache,1,
poss√≠vel...,1,
pensando,1,
preparo,1,
empregos,1,
acesse,1,
acordaram,1,
povo!!,1,
#cir√£opresidente,1,
#bolsonaro,1,
#haddad,1,
24%,1,
#alckmin,1,
11%,1,
#amoedo,1,
#marina,1,
4%,1,
#meireles,1,
#dias,1,
simula√ß√£o,1,
1.tem,1,
cegueira,1,
ponderar,1,
coment√°rio,1,
completar,1,
alcunha,1,
apeguei,1,
vdd,1,
chorar,1,
td,1,
motoserra,1,
last,1,
night,1,
somebody,1,
had,1,
audacity,1,
tell,1,
better,1,
than,1,
francesco,1,
totti,1,
i‚Äôm,1,
sure,1,
he,1,
was,1,
saying,1,
piss,1,
off,1,
but,1,
did,1,
work,1,
screamed,1,
‚Äúare,1,
fucked,1,
went,1,
off.,1,
_bsb,1,
perderam,1,
enganada,1,
aqu√©m,1,
votos!,1,
dijeron,1,
grabar,1,
algo..,1,
aqu,1,
ando..,1,
curioso,1,
ac,1,
hemos,1,
llegado,1,
plaza,1,
vimos,1,
tiendas,1,
abiertas..,1,
:o,1,
san,1,
acosta,1,
_swift13,1,
estudo,1,
patriotismo,1,
p√°tria,1,
observe,1,
vem.,1,
seguint,1,
acabado,1,
fudido,1,
destru√≠do,1,
14,1,
demais.,1,
buongiorno,1,
buona,1,
settimana,1,
buon,1,
mese,1,
di,1,
ottobre,1,
anche,1,1
grazie,1,
preocupar,1,1
simbora!!,1,
rendido,1,
sotaque,1,
claro.,1,
utopia,1,
ganhando!,1,
digno,1,
sentar,1,
cadeira,1,
lazytown,1,
acontecer.,1,
#vemcomciro,1,
num√©ricas,1,
impedir,1,
(des)governar,1,
arrego,1,
mec,1,
fundou,1,
(pros,1,
termino,1,
amizade,1,
eymael,1,
arranja,1,
contornar,1,
g√≥mez..,1,
vasca,1,
le,1,
crea,1,
abuela...,1,
debocha,1,
(debate,1,
26/09/18),1,
candidatoooooooooooo!!!,1,
sim!!!!,1,
orgulho!!,1,
depois.,1,
escolas,1,
t√©cnicas,1,
est√°gio,1,
policl√≠nicas,1,
regi√µes,1,
melhore,1,
experiente,1,
governe,1,
concorrendo,1,
ir√£o,1,
jb17,1,
identifica√ß√£o,1,
amada,1,
perfeitos,1,
mercado,1,
dispensa,1,
bancos,1,
gest√£o,1,
fiquei,1,
123,1,
fazia,1,
arroz,1,
galinha,1,
insosso,1,
merda.,1,
moro,1,
brasil!mas,1,
convocando,1,
fam√≠lia,1,
tbm!!se,1,
ruas!trabalhando,1,
guerreiro!!!eu,1,
tenno,1,
ciro12!,1,
focando,1,
ig,1,
fb,1,
sentia,1,
posicionar,1,
posicionei,1,
bombardeada,1,
nasci,1,
guerreira,1,
girl,1,
power.,1,
vendido,1,
hahah,1,
sinceridade,1,
"dialogar,1
parcela,1
anti-democr√°tica,1
tipo,5
governante,1
ser?,1
cara..,1
apurado,1
verdade..,1
morrer,2
praia,1
_sp_br,1
tal,1
ampla,1
formada,1
representantes,1
ex√©rcito.,1
mostrando,3
ate,1
(kkkk,1
isso",1,
comunismo,1,
adolescente,1,
"revoltado""",1,
bolha,1,
msm,1,
odiando,1,
necess√°rio,1,
poderes,1,
voltarem,1,
caixinhas,1,
restaurar,1,
institui√ß√µes,1,
restabelecer,1,
poderes.,1,
plantou,1,
lutar,1,
convencer,1,
indecisos,1,
colher,1,
plantou!,1,
2022!,1,
ajudou,1,
gerais,1,
m√©dio,1,
rs.o,1,
gostosa,1,
amigos....,1,
n√£o??,1,
assistimos,1,
n√£o???,1,
prfto,1,
esmurrou,1,
show,1,
pesquisem,1,
ver√£o,1,
mentindo.,1,
papo,1,
reto,1,
engra√ßados,1,
faria,1,
tudoa,1,
chuva,1,
dourada,1,
reafirmo,1,
rep√∫blica.,1,
debochadissimo,1,
exp√¥s,1,
tornando,1,
tendem,1,
papel,1,
privatiza√ß√µes,1,
estatista,1,
ter√ßos,1,
topam,1,
‚Äúvoto,1,
#atacazo,1,
esto,1,
duele,1,
ciudad,1,
llamas,1,
cu√°ntos,1,
incendios,1,
necesitamos,1,
conciencia,1,
tienen,1,
nuestros,1,
bosques,1,
fauna,1,
bozzano,1,
venceria,1,
probleminha,1,
pensamento.,1,
hein?,1,
eduardo,1,
jorge,1,
sa√∫de..,1,
ampliar,1,
m√©dicos,1,
profissionais,1,
estrangeiros,1,
coma,1,
corda,1,
entento,1,
excluir,1,
pau!,1,
despreparado,1,
agir,1,
emo√ß√£o,1,
transfer√™ncia,1,
falei.,1,
posi√ß√£o,1,
incluir,1,
faltam,1,
c.,1,
carinhos,1,
advers√°rios,1,
coligar,1,
todos.,1,
‚Äúmessias‚Äù,1,
et,1,
adolf,1,
trump,1,
sorte.,1,
#voudeciro,1,
#ciro12sim,1,
banda,1,
‚Äúposte,1,
p√©ssimo,1,
aceitou,1,
presidente.,1,
_alyson,1,
abra√ßo!,1,
cirurgia,1,
valeu,1,
zacaria,1,
vtnc,1,
morto,1,
relevante,1,
cirao,1,
pe,1,
costas,1,
apocalipse,1,
estrat√©gia.,1,
dessa.,1,
anyways,1,
miss,1,
daniel,1,
every,1,
pass,1,
ciro‚Äôs,1,
italian,1,
restaurant,1,
think,1,
him,1,
valent√£o,1,
"estimado,1
amigo.",1,
apresentar,1,
decorado,1,
jogador,1,
domin,1,
etc..,1,
grilo,1,
duma,1,
cama,1,
copo,1,
d'√°gua,1,
#debateband,1,
*marina,1,
bolsa,1,
*ciro,1,
*boulos,1,
seguran√ßas,1,
ditado,1,
esmolas,1,
when,1,
said,1,
felt,1,
ptnuncamais,1,
decidi,1,
tchau,1,
ressaltar,1,
m√°gica,1,
estima√ß√£o,1,
embate,1,
‚Äúpol√≠tica,1,
imp√µe,1,
optar,1,
gerir,1,
bololo,1,
antigo,1,
movimento.,1,
kkkkkkkkkkkkkkkkkkkkkkkkkkkkkkkkkkkkkkkkkkkkkkkkkkkkkkkkkkkkkk,1,
antipetistas,1,
sinais,1,
dificilmente,1,
gr√°tis,1,
tira,1,
hadad,1,
ciro..,1,
restantes,1,
(concordem,1,
in√∫til,1,
ent√£o..,1,
up,1,
indecis√£o,1,
certinho,1,
fofim,1,
senso,1,
velha,1,
cirocracia?,1,
vsf,1,
fandom,1,
encheu,1,
anticorrup√ß√£o,1,
religi√£o,1,
preconceituoso,1,
verificada,1,
menor,1,
torne,1,
compet√™ncia.,1,
pequenininho,1,
pequenininho.,1,
tra√≠ra,1,
jur√≠dico,1,
indultar,1,
achas,1,
lutarem,1,
showzinho,1,
lamento.ciro,1,
convidado,1,
cego,1,
aceitado,1,
incoerente,1,
entra,1,
ronaldo,1,
caiado,1,
brincadeira,1,
deixam,1,
kalil,1,
m√°rcio,1,
tr√°s,1,
fav,1,
ic√¥nicas,1,
"urnas""",1,
sintoma,1,
respinga,1,
encharca,1,
sairia,1,
transe,1,
poder.,1,
toma,1,
liberaleco,1,
menores,1,
verbas,1,
recebeu,1,
verba,1,
coleguinha,1,
p√©rsio,1,
arida,1,
hip√≥crita,1,
rouba,1,
consegui,1,
&lt;3,1,
lend√°rio.,1,
pot,1,
(pesquisa,1,
oficial,1,
79,1,
socorro,1,1
@_guilia,1,
namorado,1,
soberbo,1,
hahahahahahaha,1,
lutou,1,
manuela,1,
afinal,1,
rodava,1,
emissoras,1,
denunciando,1,
coloquei,1,
qque,1,
neee,1,
sinceros,1,
boulos!!ciro,1,
pau,1,
difere,1,
fisiologismo,1,1
guajajara,1,
"governar?""",1,
sugere,1,
status,1,
quo?,1,
preciosa,1,
seguras,1,
gaguejou,1,
olhou,1,
algum.,1,
covardes,1,
amarelou,1,
caluniam,1,
normal,1,
canalhas.,1,
dedada,1,
traseiro,1,
incomoda,1,
populistas,1,
corruptos!,1,
tabelinha,1,
diferentes,1,
democr√°ticas,1,
derrotariam,1,
terceira,1,
soa,1,
mistura,1,
fhc,1,
tasso,1,
jereissati,1,
acreditam.,1,
renegando,1,
defendeu,1,
regula√ß√£o,1,
emocionou.,1,
defesa,1,1
absolutamente,1,1
generoso,1,1
nobre.,1,1
quantidade,1,1
mensagens,1,1
invasivo,1,1
convido,1,1
conferida,1,1
afim,1,2
sorriu,1,2
ido,1,1
procurar,1,1
eun√≠cio.,1,1
hipocrisia,1,1
golpista.,1,1
):,1,
_fsf,1,
canela,1,
articula√ß√£o,1,
proposta.,1,
salvou,1,
gome,1,
pagar,1,
mico,1,
asneiras,1,
sentiremos,1,
saudades.,1,
coitado,1,
cela,1,
impediu,1,
culpa,1,
cairia,1,
calmo,1,
atacado,1,
tranquil√£o,1,
mesmice,1,
afaga,1,
qd,1,
alfinetou,1,
convincente,1,
pat√©ticos,1,
deprimente,1,
exortou,1,
baixaria,1,
teatral,1,
assemelhava,1,
partida,1,
volei,1,
partir,1,
2a,1,
rodada,1,
reduziram,1,
ataque,1,
biografia,1,
hoje.,1,
ficaria,1,
viesse,1,
defendendo,1,
status-quo,1,
devia,1,
arrumado,1,
basti√£o,1,
institucionalidade,1,
carcomida,1,
temos?,1,
_russell,1,
reviravolta,1,
dif√≠cil,1,
_voz,1,
murchar,1,
p√©,1,
lulismo,1,
m√≠nimo,1,
nulos,1,
circo,1,
deux!#bolsonaronoprimeiroturno,1,
pensaram,1,
talvez,1,
toda...,1,
puxa√ß√£o,1,
assim?,1,
puta√ßo,1,
25%,1,
amostragem,1,
baile,1,
hahahahah...,1,
certezaaaa,1,
_qrv,1,
homens,1,
honestos,1,
erram,1,
acertam.mas,1,
cupinchas,1,
(chefe,1,
lula).vc,1,
sabe!(psdb,1,
esquerda),1,
pessoa.,1,
üáßüá∑d,1,
volta,1,
c/bolsonaro.,1,
desgra√ßa?,1,
reta!,1,
99,1,
gritaria,1,
anda,1,
gil,1,
pedile,1,
otro,1,
gato,1,
saque,1,
temas,1,
buenos,1,
n√≠veis,1,
s√©ricos,1,
pacificar,1,
algu√©m?,1,
porre,1,
pav,1,
roubar,1,
acontecendo,1,
universidades,1,
privadas,1,
baixissimo,1,
qualidade.,1,
famosaas,1,
uniesquinas,1,
(30,1,
(17):,1,
_red,1,
amanh√£,1,
aa,1,
advogado,1,
palestras,1,
precisasse,1,
aposentadorias,1,
politica.,1,
classe,1,
glasy,1,
n√©??,1,
moda,1,
peito,1,
aderiram,1,
tenebroso,1,
qdo,1,
perguntou,1,
recordarem,1,
censurar,1,
maduro,1,
qlqr,1,
qm,1,
_17,1,
fio,1,
terra,1,
abd√¥men!,1,
:-(,1,
senti,1,
queridinho,1,
nen√©m,1,
auge,1,
apontam,1,
28,1,
23%,1,
10%.,1,
tt,1,
moz√£o,1,
naquela,1,
respeitem,1,
familiares,1,
conversem,1,
gravidade,1,
desistir,1,
deste,1,
tentem,1,
virar,1,
tempo.,1,
bonita,1,
cuida,1,
wow!!,1,
thanks,1,1
always,1,1
know,1,
exactly,1,
what,1,1
say!!!,1,
corruptos,1,
linha,1,1
declarou,1,
fecha,1,
#bolsonaronoprimeiroturno,1,
aten√ß√£o,1,
ultimas,1,
pacifista,1,
mezo,1,
punho,1,
agaunst,1,
encantado,1,
zerado,1,
elucidado,1,
opcao,1,
taria,1,
dividido.,1,
cuckold,1,
dedadas.,1,
andarei,1,
inteira,1,
testa,1,
boto,1,
mamilo),1,
piau,1,
precedentes,1,
ca√±o,1,
randazzo,1,
#alvarocomciro,1,
gigantesco,1,
deix√°-lo,1,
reputa√ß√£o,1,
ilibada,1,
(com,1,
comprovados,1,
financia,1,
apoiava,1,
stalin,1,
mao,1,
exposi√ß√£o,1,
ivo,1,
sobral,1,
locais,1,
oferecer,1,
29,1,
acesso,1,
gratuito,1,
videogames,1,
jogos,1,
qualidade,1,
ferreira,1,
games.,1,
cega,1,
enxerga,1,
limpinho,1,
campanhas..,1,
face,1,
m√£e,1,
pavio,1,
curto,1,
jornalistas,1,
abra,1,
olho.,1,
critica,1,
compara,1,
dan√ßando,1,
lets,1,
go,1,
_v,1,
convence,1,
participam,1,
teatro,1,
?jura,1,
entendeu,1,
_br,1,
amo√™do30,1,
entrar,1,
dificuldade,1,
novo!,1,
parecidas,1,
perigo,1,
gomes!,1,
#jo√£onosdebates,1,
early,1,
predictions,1,
records,1,
topo,1,
playlists,1,
liberar,1,
jab,1,
radios,1,
pop,1,
pegar,1,
minimo,1,
#2,1,
futebol,1,
conectado,1,
agressividade,1,
"jb""",1,
_felipe,1,
farinha,1,
trocam,1,
farpas,1,
mentirinha,1,
rua,1,
acorda!,1,
2019,1,
painho,1,
rampa,1,
planalto,1,
som,1,
filmar,1,
tomando,1,
faixa,1,
‚Äúme,1,
conspirador,1,
festa,1,
cangaciro,1,
m√°scara,1,
ocasi√£o,1,
√¥h,1,
cabra,1,
dissimulado,1,
arrogante,1,
vota√ß√£o,1,
associar,1,
diretamente,1,
minorias,1,
culpar,1,
perseguir,1,
‚Äú‚Äùdesastre‚Äù,1,
apesar,1,
caracter√≠sticas,1,
confesso,1,
arrumando,1,
jeito...,1,
foda,1,
desinformada,1,
entrevista,1,
afiada,1,
apontou,1,
apontar,1,
acreditava,1,
brasil.,1,
bate-bola,1,
bonossauro,1,
feliz,1,
voces,1,
_gabs,1,
discordar,1,
odiado,1,
tl,1,
sentir,1,
peso,1,
m√≠dia.,1,
pedir,1,
entendi).,1,
prometendo,1,
inferno,1,
direito.,1,
–±—É–¥,1,
—Å–∫—É—á–∞—Ç,1,
–ø,1,
—Ç–µ–±–µ,1,
–º–∞–ª—ã—à,1,
–Ω–∞–¥–µ—é—Å—å,1,
—Ç–µ–±,1,
—Ö–æ—Ä–æ—à–æ,1,
–ø—Ä–æ—Å—Ç–∏,1,
—á—Ç,1,
—Ç–∞,1,
–º–∞–ª,1,
–±—ã,1,
—Ç–æ–±–æ,1,
–≤—Å,1,
–≤—Ä–µ–º,1,
—Ç–∏—Å–∫–∞–ª,1,
–ª—é–±–ª,1,
—Ç–µ–±—è,1,
–º–∞—Ç—Ä–æ—Å–∏–∫.,1,
vive,1,
machistas,1,
homof√≥bicas,1,
racistas..,1,
recente,1,
doq,1,
supostamente,1,
homof√≥bico...,1,
sobraram,1,
incoer√™ncias...,1,
turno..,1,
manifestar,1,
pernas,1,
surpreendidos,1,
quadros,1,
dela.,1,
rolar,1,
v√°rios,1,
tons,1,
cinza,1,
olhadinha,1,
melhores.,1,
old,1,
impeachment,1,
progressivamente,1,
creche,1,
integral,1,
0,1,
programas,1,
educacionais,1,
estimulem,1,
inf√¢ncia,1,
#todoscomciro,1,
#vempramassa,1,
-ce,1,
rende,1,
n√≠vel,1,
compactuo,1,
afinidade,1,
prezam,1,
hist√≥rico,1,
cometeram,1,
ressalvas,1,
neh,1,
derrota,1,
alexandre,1,
passam,1,
fome,1,
assassinado,1,
torturado,1,
sabia?,1,
_sn,1,
resumindo,1,
np,1,
diminuiu,1,
vivendo,1,
desumanas,1,
chances.,1,
perceba,1,
reprovou,1,
diferenciou,1,
mour√£o.,1,
suprapartid√°rio,1,
diversos,1,
perfis,1,
apoiadores,1,
bandeiras,1,
tipos,1,
antifascista,1,
inverdades,1,
aceitem,1,
rejei√ß√£o!,1,
terceiraviismo,1,
conseguirem,1,
r√°pido,1,
ganham,1,
alegria,1,
√©tica..,1,
deviam..,1,
pega,1,
junto,1,
revezam,1,
amarelando,1,
respeita,1,
joguei,1,
95,1,
iludida,1,
odeia,1,
lacradores,1,
aceitamos,1,
primeiramente,1,
salnorabo17,1,
flor,1,
anjinho,1,
presta,1,
"nem,2
falando",1,
jkkkkkk,1,
morro,1,
escolhido,1,
l√©sbico,1,
brother,1,
relativizar,1,
d√≠vidas,1,
d√≠vida.,1,
compreens√≠vel,1,
positivo,1,
rep√∫dio,1,
irrespons√°vel,1,
contribuindo,1,
niilismo,1,
fake,1,
eleitoreira,1,
desespero,1,
isdo,1,
far,1,
puts,1,
piedade,1,
cadelinha,1,
ganhe.,1,
ind√≠cios,1,
envolvidos,1,
opera√ß√£o,1,
percebeu,1,
recentemente,1,
puto,1,
safadeza,1,
trairagem.,1,
brigar,1,
outubro.,1,
discute,1,
renda,1,
comunicar,1,
claros.,1,
combinar,1,
l√°bia,1,
(junto,1,
√≥bvio,1,
percept√≠vel,1,
carisma,1,
lidando,1,
progressista,1,
entanto,1,
rapidamente,1,
resolveu,1,
fascismo.,1,
errado,1,
socialdemocrata,1,
ferrenha,1,
elite,1,
postando,1,
pronta,1,
dei,1,
"haddad""",1,
sim..,1,
pagassem,1,
$1,1,
"bolsonaro,1
falavam,1
divida,1
presidenci√°veis..,1
prov√°vel,1
globo...,1
jantar,1
jogral,1
tema,1
uso,1
bulshit,1
campanha.,1
simulacro,5
#puntofinal,5
gobierno,5
regional,5
#callao,5
iv√°n,5
rivadeneyra,5
(29.4%),5
dante,5
mandriotti,5
(28%),5
castillo,5
rojo,5
(12.9%,5
rogelio,5
canches,5
(7.5%),5
informaci√≥n,5
gomez,1
famoso,1
fale,1
collor,1
hahahahahahahahahaha,1
üáßüá∑,1
-----------------------------------------,1
possui,1
processo,1
sequer,1
malfeito,1
39,1
legislativo,1
executivo,1
judici√°rio,1
iniciativa,1
privada,1
40,1
inten√ß√£o,1
_oficial,1
patota,1
libertar,1
presidi√°rio,1
estrela.,1
crush,1
quem",1,
cabe√ßa,1,
"voc√™""",1,
transborda,1,
tolerante,1,
filtros,1,
extrovertido,1,
autentico,1,
2h,1,
manh,1,
lendo,1,
hmmmmmmm,1,
excluindo,1,
f√£,1,
lula,1,
kkkkk...ciro,1,
!,1,
trouxa,1,
bolsoneca,1,
pensou,1,
18,1,
tombo,1,
serem,1,
burros,1,
enche√ß√£o,1,
segurando,1,
bico,1,
centavos,1,
26,1,
22,1,
bom..,1,
pais,1,
coleira,1,
amarrado,1,
for√ßa...,1,
digna,1,
apelar,1,
pig,1,
ajude,1,
merd,1,
nojo,1,
dignos,1,
transformando,1,
desonestos!,1,
presidencia,1,
voz,1,
politicos,1,
"ciro,1
sus?",1,
programada,1,
j√°:,1,
questionou,1,
embargos,1,
f√£s,1,
"ele,2
revolu√ß√£o,1
transformar,1
seguinte:,2
lyla,2
necessariamente,2
china,1
gracias,1
proverbial,1
riqueza,1
ensalzada,1
los,1
autores,1
antig√ºedad,1
creso,1
hizo,1
lidia,1
reino,1
poderoso,1
oriente,1
hasta,1
conquista,1
persia,1
546,1
a.c.,1
don't,1
forget,1
banner,1
seta,1
apontada,1
usou,1
movimentos,3
fascist√≥ide,1
bucha,1
canh√£o..,1
v√©i,1
decep√ß√£o,1
suma,1
restaram,1
pertence,1
encontro,1
explica√ß√£o.,1
cismada.,1
‚Äúmilitantes,1
ciristas,1
t√°ticas,1
empregadas,1
honestidade.,1
cansada,1
vitimismo,1
pdtista.,1
hahahahah,6
carteirada,6
escolhe,2
(une,2
mst,2
etc),2
qualificada.,2
alguem,1
postar,1
kkkkkkkkkkkk,1
indeciso,1
tarado,1
suruba.,1
hor√°rios,1
ajustam,1
legendas,1
candidatos:,1
12:00,1
haddad/lula,1
13:00,1
17:00,1
repassem,1
perca,1
senao,2
fodido,2
obrando.,1
(28,2%,1
(25,2%,1
registram,1
t√©cnico,1
mandei,1
mp,1
pf,1
processos,1
investiga√ß√µes,1
andamento,1
p√¥de.,1
_torre_s,1
_f_h,1
andreza,1
parecido,1
abismo,1
meses,2
picareta,1
uber,1
etccc,1
enfim.,1
soma.,1
um.,1
incoer√™ncia,1
burlar,1
regra,1
doa√ß√£o,1
empresa,1
recebendo,1
altas,1
quantias,1
empres√°rios,1
trocaram,1
meia,1
d√∫zia,1
poupe-nos!,1
leram,1
ciro??,1
pis√£o,1
patataddad,1
filha,1
trio,2
gays,3
microfone,1
anderson,1
da√≠,1
passeata,1
xingados,1
hipocrita,1
fala!,1
sabotou,1
traiu,1
formas,1
poss√≠veis,1
ferrando,1
aliados,1
atrapalhar,1
presidenta,1
gleisi,1
reza,1
brava",1,
sangue,1,
barata,1,
reagiria,1,
man,1,
arthur,1,
hueueehhehue,1,
igualzinho,1,
ler,1,
convencidos,1,
domina,1,
pontes,1,
lulista,1,
passado,1,
conheciam,1,
viam,1,
iam,1,
figura,1,
aus√™ncia,1,
abc,1,
sedimentou,1,
processo!,1,
_queen2,1,
leiga,1,
relacionados,1,
aloka,1,
assinar,1,
assino,1,
ressentida,1,
primeiros,1,
considerei,1,
perdi,1,
ilus√£o,1,
grana,1,
d√≥lar,1,
implantar,1,
pretende.,1,
olhada,1,
post,1,
citei,1,
l√≥gico,1,
diferente.,1,
pelando,1,
carnaval,1,
colocou,1,
desmascarada,1,
salientar,1,
divididos,1,
d√∫vida,1,
ascens√£o,1,
comprando,1,
possam,1,
desanimar,1,
hein?n√£o,1,
desanimem!,1,
_colecionador,1,
trasnferencia,1,
analistas,1,
apostaram,1,
py,1,
turno...,1,
ga,1,
dividiram.,1,
homer,1,
simpson,1,
sumiu,1,
dod√≥i,1,
fraco,1,
frase,1,
desnecess√°rio,1,
chamam,1,
limpar,1,
banqueiros,1,
negociar,1,
feito.,1,
agropearista,1,
escravo.,1,
revogar,1,
pec,1,
gastos,1,
emenda,1,
proibe,1,
20,1,
votou,1,
pec+,1,
ixe,1,
leia,1,
beleza,1,
pudesse,1,
filhos,1,
laurinha,1,
anos.,1,
despreparado',1,
corrompeu,1,
sistema!,1,
metade.acertou,1,
expectativa,1,
escolho,1,
fracasso,1,
organizado,1,
m√©ritos.,1,
cr,1,
bob,1,
mostrar√£o,1,
crescendo,1,
impulsionamento,1,
cativa,1,
pensada,1,
havendo,1,
recomposi√ß√£o,1,
ptucanismo,1,
aguarde,1,
veja.,1,
brasileirosdo,1,
pipipi,1,
popo..,1,
energia,1,
solar,1,
tropical,1,
explicou,1,
el√©n,1,
site,1,
2,0,
dias,,
mesmo,,