ebate,268
pt,249
#debatenarecord,237
candidato,232
haddad,168
ciro,162
marina,149
apoio,147
manifesta√ß√µes,140
madonna,111
papa,110
presidente,105
record,103
povo,102
#elesim,92
primeiro,91
pesquisas,89
votar,89
daciolo,86
incr√≠vel,84
mundo,83
#somosbolsonaro17,79
agora,79
campanha,73
paulista,71
candidatos,69
alckmin,69
deputado,68
ganhar,68
psl,67
capit√£o,66
sofreu,64
l√≠der,62
melhor,60
voto,60
coisas,60
mulheres,60
interessante,59
rejei√ß√£o,59
diversidade,58
atentado,58
imprensa,58
primeira,58
consegue,57
v√≠deo,55
carreata,55
maior,55
bom,55
representam,55
opostas.,55
rotulado,54
m√≠dia,53
cara,53
dizer,52
bem,52
diz,51
muita,48
votos,48
melhores,47
meirelles,47
for√ßa,47
boulos,46
apenas,46
s√°bado,46
recupera,45
governo,45
gomes,45
nunca,45
fazer,45
#somosbolsanaro17,44
disse,44
quanto,43
verdadeira,43
la,43
direita,42
cabo,42
ontem,42
#ovotonarecord,42
at,42
menina,41
social,41
lula,41
goiana-pernambuco,40
_nacional,40,10,,
ruas,40,10,,
sim,40
pode,39,10,,
#somostodosbolsonaro17,39
luta,39
urnas,39,10,,
igualdade,38
dar,38
kkkkkkkkkkkkkkkkkkkkkkkkkkkkkkkkkkkkkkkkkkkkkkkkkkkkkkkkkkkkkkkkkkkkkkkkkkkkkkkkkkkkkkkkkkkkkkkkkkkkkkkkkkkkkkkkkkkkkkkkkkkkkkkkkkkkkkkkkkkkkkkkkkkkkkkkkkkkkkkkkkkkkkkkkkkkkkkkkkkkkkkkkkkkkkkkkk,37
fude,37
nekkkkk,37
frentista,36
pq,36
falou,36
av,35
menos,34
falar,34
quero,34
dias,34
verdade,34
segundo,34
rir,34
las,33
ver,33
vamos,33
nenhum,32
avenida,31
quase,31
poder,31
elei√ß√£o,31
gostei,31
partido,30
nessa,30
ir,30
anos,30
sempre,29
resultado,29
100,29
propostas,28
outros,28
via,28
pois,28
grande,27
dif√≠cil,27
ficar,27
claro,27
kkk,27
plano,27
#boulosnarecord,27
chupa,27
democracia,27
demais,26
algu√©m,26
reais,26
mujeres,26
candidatura,26
perto,26
presid√™ncia,25
brasileira,25
qualquer,25
alta,25
coisa,25
ato,25
atingiram,25
ultrapassaram,25
1000,25
manga,25
parcial,25
fant√°stico,24
fascista,24
real,24
fazem,23
momento,23
eleitoral,23
del,23
tudo,23
apoiar,23
deram,23
medo,23
amoedo,22
eleger,22
lindo,22
acredite,21
7,21
galera,21
capilaridade,21
multid√£o,21
existe,21
usa,21
quatro,20
vejam,20
outro,20
possibilidade,20
todas,20
pessoal,20
debates,20
vez,20
mensagem,20
lado,20
homof√≥bico,20
ladr√£o,20
coragem,20
eleitores,19
algo,19
eduardo,19
sendo,19
petralha,19
vagabundo,19
derrota,19
gay,19
assumir,18
visita,18
mulher,18
los,18
ent√£o,18
proposta,18
vi,18
alvo,18
toda,18
tomar,18
coxinha,18
isent√£o,18
negligente.,18
rotular,18
arranjar,18
lote,18
capinar.,18
viu,18
descansa,17
condi√ß√µes,17
criticado,17
cart√£o,17
pouco,17
in√≠cio,17
tirar,17
pol√≠tica,17
sonda,17
antes,17
apoia,17
chefe,17
n√≠vel,17
diante,17
declara√ß√µes,17
√°lvaro,17
querem,16
#semanarenova,16
brasileiros,16
chuchu,16
gl√≥rias,16
carreatas,16
termos,16
rea√ß√£o,16
filho,16
movimento,16
amor,16
"bolsonaro,28
mexe,1
cresce!!,1
criticando,2
escolha,2
respeitaram,2
religi√£o,2
verdadeiros,2
intolerantes,2
vestem,2
vermelho,2
13,5
sal√°rio,1
piada,4
mente,3
vivo,9
luiza,3
sonza,6
uol,4
quis,5
avi√£o,15
intoler√¢ncia,4
desprezo,3
v√™em,3
dondoca,3
figuras,3
bizarras,3
aparecem,3
querendo,6
li√ß√£o,4
moral.,3
ei,1
louca,1
cacha√ßa,1
viuuu,1
cel,1
distribuir,1
gladson,1
tio,1
kkkk,30
censurar,1
midia,1
mentiras,46
idiotas,24
desse,29
resposta,29
bater,5
vir,4
papo,2
lados,2
opostos.,1
parab√©ns,13
30,24
carreira,6
conseguiu,6
jamais,10
feito,8
mobiliza√ß√£o,6
planeta,8
inteiro,12
votarem,6
fortaleza,1
nordeste,8
viva,2
simplesmente,6
nada.,3
amizades,1
dessa,22
gra√ßas,2
assim,19
amiguinhos,1
machistas,1
racistas,1
homof√≥bicos,1
mis√≥ginos,1
tr√°s,1
personagem,1
subletrado,1
tara,1
curso,1
superior,2
fico,4
infinitamente,1
gostarem,1
estudar,2
incentivado,1
profunda,1
duas,5
d√©cadas..,1
2016,2
dividido,2
favor√°veis,1
impeachment,10
contr√°rios,1
fratura,1
exposta,1
pr√≥-bolsonaro,4
anti-bolsonaro,4
podemos,1
capazes,1
pacificar,1
pa√≠s.,2
nome,11
sabe,24
mamata.,1
tribuna,2
sert√£o,2
al√©m,7
advers√°rios,8
atacam,7
fala,24
alvaro,21
acusa,7
comprar,8
pol√≠ticos,19
nordestinos,8
carregado,7
6,14
publicamente,8
necessidade,7
resposta.,7
podia,11
ganha,23
explorando,7
alheia,8
#debaterecord,16
ter√ßa-feira,5
recebo,5
falarmos,5
torcida,5
faremos,5
an√°lise,5
perca!,5
cabal,6
extens√£o,6
principais,6
portais,6
not√≠cias,8
veja,14
centenas,8
tv,13
ocorre,6
mesmo.,6
quadrilha,11
fizer,1
derruba,1
audi√™ncia,1
matias,4
horrorizado,4
kast,4
partidario,4
pero,10
sus,4
amiguis,4
izquierda,5
est√°n,4
con,5
tirano,4
maduro.,4
trecho,6
‚Äúvamos,6
diferen√ßa,12
imposs√≠vel,12
fraude‚Äù.,6
arrancar,1
alma,1
invadir!,1
lotado,2
v√©i,1
atacar,6
defender,13
porqu,3
obriga√ß√£o,1
debate.,2
conheci,1
magina,1
mandar,2
prender,1
ficando,9
sustentar,8
empatando,8
provada,8
show,29
jads,8
jadson,8
primeiramente",16
parabenizar,16
fraude,16
comum,15
igual,15
amarelo,15
fez,15
feita,15
emissora,15
impressionante,15
merenda!!!!,15
deux!,15
volume,15
abrangentes,15
urbana,15
profundo.,15
educa√ß√£o,15
ta,15
maquiador,15
humano,15
aten√ß√£o,15
fam√≠lia,15
triste,15
haddad?,15
pagar,14
verde,14
fue,14
vencer,14
bloco,14
petismo,14
homem,14
ataque,14
vida,14
assiste,14
#geraldo45,14
boa,14
pontos,14,2,,
governar,14
esfaqueado,14
dizem,13
posto,13
gasolina,13
daqui,13
popular,13
gays,13
#elinformantetvn,13
desespero,13
ali,13,2,,
levar,13
virou,13
to,13,2,,
orgulho,13
vim,13
feliz,13
prova,13
conta,13
necess√°rio,13
forte,13
sinceros,13
agradecimentos,13
fortes,13
onda,13
conversando,12
frentista:,12
quarenta,12
nove.,12
vinte,12
mais...,12
ganhe.,12
clientes,12
aqui?,12
80,12
drogas,12
ganar,12
diferente,12
√∫ltima,12
hora,12
volta,12
albert,12
einstein,12
israel,12
pr√≥prio,12
ia,12
aceitou,12
morte,12
fazendo,12
apoiadores,12
certo,12
mostrando,12
#eleicoes2018,12
declarou:,12
acredito,12
m√£e,12
espero,12
verdadeiro,12
twitter,12
lembrar,12
ganhou,12
frase,11
√∫nico,11
bolsonaro!,11
cresceu,11
nenhuma,11
vergonha,11
p√∫blico,11
modo,11
antipetismo,11
ideia,11
desonestidade,11
culpar,11
ascens√£o,11
fruto,11
direto,11
anti-petismo,11
fomentado,11
diariamente,11
2014.,11
narrativa,11
tal,11
√∫ltimo,11
estar,11
paulo,11
sistema,11
fato,11
redes,11
aceitar,11
ponto,11
presente,11
equipe,11
m√©dica,11
"veja,11
tentativa,12
assassinato,13
facada,29
louco,14
assassino,11
girou,11
faca,13
dentro,15
dele.",11
paz,11
seguran√ßa,11
assista,11
processo,11
√≠ndios,11
14,11
5,11
neste,10
esquerdistas,10
mostram,10
serpes/o,10
goi√°s:,10
ps:bolsonaro,10
pontos.,10
son,10
casa,10
25,10
saber,10
id√©ia,10
limpar,10
afirma,10
normal,10
anti,10
significa,10
aparece,10
sociais,10
#mudabrasilcombolsonaro,10
sei,10
jos,10
sp,10
igreja,10
toca,10
chance,10
relevante,10,1,,
vcs,10
ordem,10
bola,10
propaganda,10
inteligente,10
muda,10
certamente,10
telecomunica√ß√µes,10
dando,10
jovem,10
prefere,10
moral,9
linda,9
deve,9
federal,9
live,9
cima,9
poder.,9
sabem,9
pena,9
ursal,9
mudei,9
#fechadocombolsonaro,9
mour√£o,9
futuro,9
assume,9
desde,9
jornalistas,9
achando,9
dois,9
caiu,9
‚Äúmulheres,9
bonitas,9
alegria,9
mostra,9
fica,9
ningu√©m,9
veio,9
pm,9
üáßüá∑,9
bem.,9
the,9
apaixonada,9
agredido,9
enorme,9
expressivas,9
mudar,9
maioria,9
aceita,9
existem,9
cega,9
surda,9
dirceu,9
‚Äútomar,9
custo,9
ocupados,9
vasculhando,9
separa√ß√£o,9
petista,9
militante,9
(,9
afora,9
quiser,8
pablo,8
vittar,8
dichos,8
apoya,8
kast:,8
-los,8
producto,8
consumo,8
-el,8
error,8
dictadura,8
torturar,8
matar,8
-las,8
deben,8
xq,8
quedan,8
embarazadas,8
-fin,8
reservas,8
ind√≠genas,8
asentamientos,8
descendientes,8
esclavos,8
vence,8
passando,8
constituinte,8
reunidos,8
mano,8
artistas,8
video,8
internacional,8
bolsonaro?,8
projeto,8
lei,8
bate,8
carnaval,8
passou,8
levou,8
bastava,8
ganhava,8
avers√£o,8
identifica,8
mediocridade,8
preconceito.,8
s√©rio,8
muitas,8
poste,8
democr√°tico,8
hist√≥ria,8
falado,8
2018,8
onde,8
cu,8
noite,8
rapazes,8
minist√©rio,8
‚Äúas,8
engra√ßado,8
general,8
chama,8
corrup√ß√£o,8
sair,8
falaram,8
ditador,8
3,8
recado,8
aut√™ntico,8
pronunciamento,8
tomando,8
oposi√ß√£o,8
9,8
filhos,8
fique,8
eleitor,8
12,8
excelente,8
usou,8
outra,8
tomou,8
boteco,8
comentando,8
mostraram,8
expressivo,8
‚Äúele,8
n√£o‚Äù.,8
honra,8,4,,
31,8
15,7
higi√™nica,7
saiba,7
declara√ß√£o,7
"intelectuais,1
ramo,1
art√≠stico,2
brasileiro,36
assinaram,1
manifesto,1
mesmos,6
enriquecem,1
cada,20
dia,62
custas,1
dinheiro,18
brasileiro?,1
#rouanetn√£o,1
#acabouamamata,1
#tchauqueridos,1
receber,33
pessoa,94
voc,112
admira,33
gratificante!,33
obrigado,62
deus,65
cl√°udio,33
duarte,33
confian√ßa,33
considera√ß√£o!,33
#flaviobolsonarosenador177,33
#bolsonaropresidente17,41
#bolsonaro2018,36
#errejota,33
#rio,33
#rj,33
#riodejaneiro,33
#vemcomigo,33
#brasil,37
#deus,33
#vitoria,33
#bolsonaro,45
all,17
media,32
is,17
good,19
pra,169
falam,9
tanto,10
acho,74
v√£o,37
acabar,19
votando,8
nele,12
kkkkkkkkk,1
#bolsonaropresidente,7
#jb17,1
emociona,29
impressiona?,28
hospital,54
faz,46
gra√ßa,35
presen√ßa,30
financiamento,29
carro,40
som,37
palanque.,28
#carreatabolsonaro,28
manacapuru-am,28
22/09/18,28
#elen√£o,93
impresionante,4
movilizaci√≥n,3
brasile√±as,3
el,26
foto,6
es,15
tarde,5
en,28
rio,8
janeiro,1
üáß,4
assustou,22
voltou,45
esperan√ßa,50
assustar,22
ganhando,24
perdendo,24
protagonista,22
psdb,48
4,35
derrotas,22
cabe,22
usar,34
favor,96
conquistar,23
ficou,47
casa.,22
dono,2
havan,2
comemora,1
recorde,4
vendas,1
ap√≥s,12
maiores,26
entraves,1
trump,5
elegeu,2
nova,15
iorque,1
votou,41
massa,22
esquerda,50
l√°.,2
aqui,43
megal√≥pole,1
botou,1
milh√£o,11
pessoas,59
acha,10
certas?,1
precisa,26
nao,essa,1
globo,12
lixo.a,1
mostrou,9
cedo,2
domingo,48
espetacular,1
17,30
nesse,39
2,54
milh√µes,28
400,10
mil,26
apoiando,28
copacabana,11
demostraci√≥n,1
convocatoria,1
2o,1
turno,114
favorita√ßo,1
f√°cil,39
fraquinho,1
alarde,1
bispo,1
edir,8
macedo,11
declara,4
rede,19
criando,3
pr√≥ximo,3
vendo..,1
compartilho,1
nada,26
faltando,3
semana,31
elei√ß√µes,23
muitos,21
atos,13
pa√≠s,104
pro,49
continuam,2
ataques,17
pior,7
dizendo,25
saiu,14
poderia,16
ido,3
pedir,6
perder,20
1,54
todos,118
batendo,20
p√£o,21
batem,21
cresce.,20
cientos,6
miles,6
salieron,7
ayer,5
calles,8
brasil,153
gritar,7
muy,5
fuerte,6
quieren,5
un,18
pol√≠tico,22
ultraderechista,7
hom√≥fobo,5
machista,7
racista,6
dice,6
frases,6
no",7
.,7
voto.,7
transmiss√£o,7
online,7
segunda,7
re√∫ne,7
leito,7
anunciada,7
internacionais,7
confirmei,7
momento:,7
fl√≥rida,7
york,7
angeles,7
londres,7
berlim,7
roma,7
mil√£o,7
lisboa,7
porto,7
gosta,7
liso,7
alfinetadas,7
preferencial,7
presentes,7
afiado,7
perdidos,7
escanteado,7
dura,7
conseguir,7
vice,7
"bandido,5
bandido,9
morto,7
crush,5
meninasssss,3
kkkkkkkk,5
declarar,9
instagram,11
agustin,17
fernandez,18
1,4mi,9
1,5mi,9
lgbt,10
17.,9
denunciou,7
persegui√ß√£o",7
mat√©rias,7
ocultar,7
numerosas,7
jornalismo?,7
tentando,7
pedindo,7
chances,7
grandes,7
peitos,7
defecam,7
divulgada,7
participaram,7
#haddadnarecord,7
oq,7
certeza,7
milhares,7
imagem,7
fizemos,7
pac√≠fico,7
volunt√°rio,7
gratuito,7
quer√≠amos.,7
a√∫dio,7
lotada,7
brasileiro!,7
isto?,7
trio,7
daniela,7
mercury?,7
n√£ooo,7
praia,7
farol,7
frente,7
of,7
ok,7
derrotar,7
argumentos,7
lo,7
vale,7
fa√ßa,7
tipo,7
declarou,7
estarei,7
#bolsonarosim,7
combinado,7
band,7
vit√≥ria..,7
‚Äúargumento,7
nobreza,7
ps,7
perguntei,7
ofender,7
v√≥,7
realmente,7
deu,7
meireles,7
quest√£o,7
perceba,7
lidera,7
humilhando,7
querer,7
n√©,7
bateu,7
alckmin.,7
entender,7
t√©cnico,7
carlos,7
decisiva,7
unir,7
mito,7
jesus,7
reflex√£o,7
c√¢mara,7
rep√∫blica,6
saem,6
respeita,6
nessas,6
forma,6
porra,6
imagens,6
causa,6
reforma,6
suspeita,6
‚Äúdo,6
#√©pelavidadasmulheres,6
escola,6
oficial,6
pega,6
junto,6
m√™s,6
meio,6
_fernando,6
rua,6
roubar,6
alckimin,6
transmitiu,6
similares,6
ocorreram,6
cantos,6
incr√≠veis,6
haha,6
concorrentes,6
correu,6
"bolsonaro!""",6
#elenunca,6
espont√¢neas,6
etc,6
quebrar,6
angariar,6
estando,6
su,6
rt,6
jeito,6
v√°rias,6
chuva,6
debaixo,6
masp,6
amarela,6
helen√£o,6
kkkkkkk,6
gloria,6
!!,6
chega,6
pt.,6
vontade,6
ricos,6
projetos,6
entrou,6
inescrupulosos,6
zero,6
tentativas,6
destruir,6
colocado,6
estrutura,6
coliga√ß√µes,6
acord√µes,6
disputado,6
terrorista,6
stablishment!,6
ficha,6
limpa,6
merda,6
podem,6
errada,6
acendeu,6
patriota?,6
louvado.,6
gostar,6
independente,6
desrespeita,6
direitos,6
negros,6
imagina,6
#votemarina18,6
"nesse,6
corta,6
bolsonaro.",6
troca,6
passes,6
empate,6
ustra,6
preferem,6
presidenci√°veis,6
quebras,6
erro,6
tendo,6
perdeu,6
fotos,5
bonita,5
filhote,5
curr√≠culo,5
engravidou,5
aborto,5
mereces,5
ni,5
"viole""",5
deixar,5
amigos,5
bando,5
liked,5
m√∫sico,5
lob√£o,5
grave,5
alerta,5
#elenao,5
rela√ß√£o,5
patriotas,5
presidi√°rio,5
v√≠deos,5
trata-se,5
crime,5
bras√≠lia,5
jornal,5
prol,5
preso,5
contar,5
mto,5
29/09,5
vs,5
mentindo,5
‚Äúeu,5
√≥timo,5
dobradinha,5
higiene‚Äù,5
queria,5
mesma,5
importante,5
conhecido,5
m√∫sica,5
parte,5
tava,5
"quebrar,5
sistema",5
enfrentando,5
desigualdades,5
cortando,5
privil√©gios.,5
pronta,5
regi√£o,5
dispersam,5
abriga,5
desafiando,5
(ciro,5
pros,5
homens,5
ausente,5
protestos,5
carros,5
salvar,5
uns,5
cresce,5
ataca,5
pergunta,5
viol√™ncia,5
errou,5
escolhi,5
vejo,5
diferentes,5
governador,5
"precisam""",5
"quero,7
radicais,16
parecidos,14
quebra,11
monop√≥lio,18
petr√≥leo,14
radicalismo,18
atrai,5
caminho",5
√©poca,5
discuss√£o,5
sinceramente,5
disso,5
a√≠,5
estado,5
#bolsonaro17,5
pai,5
op√ß√£o,5
citando,5
p√∫blica,5
m√°s,5
feminismo,5
√≥dio,5
indo,5
penso,5
esperar,5
eleito.,5
7,5
m√£o,5
outubro,5
honesto,5
senhor,5
podr√≠a,5
principal,5
#elei√ß√µes2018,5
escolher,5
pesquisas.,5
305,5
assistiram,5
#resum√£oantagonista,5
olho,5
"furac√£o""",5
exato,4
penas,4
criminosos,4
ruas!,4
macei,4
vestida,4
centro,4
ampla,4
cobertura,4
chamada,4
capa,4
precedentes,4
eleicoes.,4
juntos,4
cheio,4
precisamos,4
bolsonaro..,4
salvador,4
refundado,4
cena,4
cuidado,4
pauta,4
sa√∫de,4
p√∫blica;,4
esquece,4
imaginando,4
hj,4
emocionante,4
descaradamente,4
difamando,4
canalhas,4
vala,4
elei√ß√£o.,4
surpresa,4
acabam,4
p√µe,4
revezam,4
discursando,4
esquerda(...,4
ruas.,4
registro,4
brasil.,4
come√ßou,4
convocar,4
continuar,4
famoso,4
grupo,4
so,4
economia,4
malafaia,4
gastos,4
imposto,4
temer,4
vendo,4
clara,4
l√°,4
bastante,4
not,4
classe,4
aumentar,4
influenciadores,4
seguido,4
_direita,4
moro,4
jo√£o,4
#joaonosdebates,4
frota,4
fascismo,4
establishment,4
democrata,4
and,4
ideologia,4
contabilizei,4
mais.,4
canalha,4
assunto.,4
monstro,4
pensem,4
kit,4
passeatas,4
raz√£o,4
colocar,4
acabou,4
poss√≠vel,4
aproveitando,4
pronto,4
alguns,4
ajudar,4
achei,4
abra,4
brasil!,4
derecha,4
‚Äúdiferen√ßa,4
patriotismo,4
bandeira,4
hino,4
sarney,4
plen√°rio,4
empregos,4
legal,4
entra,4
calado,4
geraldo,4
"pt""",4
problema,4
(e,4
organizar,4
levem,4
arrega√ßando,4
celso,4
daniel,4,1,,
cuja,4,1,,
questionada,4
envolvimento,4
mentiroso,4
covarde!,4
pra√ßa,4
acordou,4
gosto,4
procuraria,4
desmerecer,4
exerce,4
entanto,4
machismo,4
constitui√ß√£o,4
acontece,4
passada,4
pr√≥xima,4
viria,4
cnt.,4,1,,
ultimas,4
vir√£o,4
vista!,4
boicote,4
esquerdopata,4
alinhada,4,1,,
conoce,4,1,,
daciolo.,4
fizeram,4
assistindo,4
obrigada,4
precisam,4,1,,
estilo,4
opress√£o,4
bozo,4
51,4
popula√ß√£o,4
ruim,4
?,4
discurso,4
culpa,4
surgir,4
#bolsonaro17no1¬∫turno,4
grupos,4
preparado,4
mentem,4
#brasildecide,4
faltan,4
d√≠as,4
primera,4
vuelta,4
seg√∫n,4
encuestas.,4
dado,4
participa,4
electorales.,4
despu√©s,4
protestas,4
determina,4
disputa,4
electoral,4
lotam,3
(sp),3
representando,3
imbecis,3
in√∫meras,3
brasileiras,3
guilherme,3
coloca,3
pijama,3
extremismo,3
novamente,3
dessas,3
deixou,3
amar,3
puta,3
_1,3
aparecer,3
olhos,3
restri√ß√µes,3
v√≠tima,3
b√°rbaro!,3
tentam,3
manipular,3
corrupto,3
pau,3
ler,3
gostaria,3
bolsonaro;,3
colocando,3
urna,3
filha,3
mae,3
arrepia,3
fiquei,3
patriota,3
voz,3
presidente!,3
auto,3
claramente,3
(de,3
roubou,3
lugar,3
uruguaio,3
anivers√°rio,3
aguento,3
favor√°vel,3
percebe,3
contr√°rio,3
distante,3
coloquem,3
primeiras,3
medidas,3
eventual,3
revogar,3
teto,3
√°reas,3
golpista,3,apoio,2,
comunista,3
tb,3
multid√µes,3
norte,3
socialismo,3
nesta,3
governos,3
that,3
also,3
press√£o,3
shopping,3
aceita√ß√£o,3
trevas.,3
entendi,3
republicano,3
falsa,3
lavada,3
semanas,3
was,3
mesmas,3
...,3
acredita,3
quantas,3
apesar,3
vezes,3
bunda,3
crian√ßas,3
homossexuais,3
familia,3
pais,3
votem,3
branco,3
prefiro,3
qdo,3
luisa,3
recusou,3
voar,3
resistiu,3
duro,3
golpe?,3
salva,3
acreditar,3
#bolsonaronoprimeiroturno,3
todos.,3
concretas,3
estrat√©gia,3
alguien,3
le,3
hoje.,3
folha,3
parada,3
esconde,3
kkkkk,3
analisando,3
fatos,3
ideias,3
tantos,3
entendo,3
minoria,3
principalmente,3
bandidos,3
prov√°vel,3
"uma,3
raz√µes,3
existir,3
bagun√ßa,3
provocou,3
autorit√°rios,3
ditos,3
democratas,3
maduro,5
ortega,3
amea√ßa,6
n√£o?",3
partes,3
deixando,3
google,3
comprova,3
(s√©rio,3
surreal,3
mandam,3
representa,3
partidos,3
importa,3
una,3
merecem,3
cruz,3
total,3
deputada,3
atr√°s,3
trabalhar,3
chamou,3
conhece,3
interior,3
*bolsonaro,3
p√©,3
√∫nica,3
morador,3
pernambuco,3
videos,3
instruir,3
hadadd,3
criador,3
defende,3
cabe√ßa,3
v√≠deo.,3
vira,3
_zanfolin,3
andar,3
curitiba,3
protesto,3
higiene‚Äù.,3
trabalho,3
acreditam,3
"zapzap,2
come√ßar,3
enxergar,2
preciso,5
basta,3
ensino,2
fundamental,2
completo.,2
escondido,1
caralho,1
folga,2
tecnicamente,1
iriam,1
apoiava,1
mesmo!,3
justifico,1
text√£o,1
abaixo:,1
formado,1
arquitetura,1
urbanismo,1
ufes,1
artista,1
pl√°stico,1
1999,1
exclusivamente,1
vender..,1
6.590.162,2
curtidas,6
facebook.,6
3.845.430,2
643.239,2
datafoice,2
teima,2
igualar,2
faz-me,2
amoedo,s,1
dica,1
desservi√ßo,2
bolsonaro,como,1
faz,vc,1
afasta,2
p/o,1
legislativo,1
executivo,1
estadual!vc,1
destruindo,1
novo!,1
evento,2
atua√ß√£o,1
livre,2
mercado,2
vendedores,1
lutar,1
desburocratiza√ß√£o,1
microempreendedores,1
#vote2550,1
#vaisarinha,1
entrar,2
facebook,1
logo,3
gracinha,1
sz,1
irracional,1
abre,1
n√£o",3
final,3
nesses,3
ngm,3
natal,3
cnt/mda,3
adivinha,3
xingando,3
ele..,3
deem,3
cara:,3
"vamos,1
bolsonaro",3
combo,3
contradi√ß√£o,3
doq,3
legitimar,3
agressividade,3
supremacia,3
privilegiados,3
cotidiana,3
minorias.,3
coerente,3
m√£os,3
hashtag,3
deste,3
fhc,3
renan,3
calheiros,3
lewandowski,3
toffoli,3
gilmar,3
mendes,3
mst,3
mtst,3
cut,3
une,3
v√™,3
esperto.,3
vibes.,3
feliciano,3
magno,3
malta,3
ed,3
ren,3
kivitz,3
ariovaldo,3
ramos,3
ricardo,3
gondim,3
ant√¥nio,3
costa,3
fascismo.,3
b√≠blia,3
separar,3
joio,3
trigo,3
imagin√°vamos,3
f√°cil!,3
arrepiar!,3
_oficial,3
turno!,3
canal,3
alonso,3
youtube,3
desses,3
citou,3
bons,3
exibido,3
ch√£o,3
vencedor,3
cora√ß√£o,3
perde,3
8,3
fundo,3
ganhe,3
prioridades,3
alkmin,3
sa√∫de.,3
resto,3
ran√ßo,3
torcer,3
polariza√ß√£o,3
incomoda,3
melhorar,3
paulista.,3
bolsa,3
"crist√£,12
alto,12
barriga,12
compreens√≠vel,12
fulana,12
evang√©lica,12
et,12
potencial,1
expressar,1
decidida,1
haddad.,1
jogar,2
ralo,1
nestes,1
pirra√ßa,2
aguenta,2
#jairbolsonaro,1
resolva,1
ensine,1
valores,1
aprendo,1
olha..,1
comentar,1
devolve,1
verba,1
merenda,2
mentir,1
marketing,1
faria,1
presidente???,1
re√∫nem,1
df,1
atividade,1
agradeceu,1
iniciativa,2
referido,1
continua,2
mestre,1
d√∫vida,3
alguma.,1
,ele,1
entrando,1
acaba,1
tomara,1
comercial,1
trivago,1
l√≥gica?,1
noticiado,1
mobiliza√ß√µes,1
ignorado,1
acontecimento,1
genteeeee,1
pq????,1
medoooooooo,1
exatamente,6
algumas,4
mau-car√°ter,1
globo...,1
fic,1
tsundere,1
(paix√£o,1
secreta,1
boulos),1
bonit√£o,1
galinha),1
bobinho,1
apaixonado,1
esportista,1
en√©rgico,1
poucas,1
inten√ß√£o,1
respuesta,1
s√≠,1
describe,1
perfectamente,1
aqu,2
ins√≥lito,1
argentina,1
gobiernan,1
austria,1
hungr√≠a,1
polonia,1
colombia,1
necesitamos,1
nuestros,1
orban,1
cargo,2
conversas,1
prontas,1
grava,2
30/set/2018,2
explicando,1
preparado.,1
ocultando,1
justamente,1
apontam,1
aconte√ßa,1
adianta,3
manipuladas,1
bolsoanro,1
sabemos,1
mentirosos,1
colegas,1
foquem,1
proprias,1
propostas.,1
fofo,2
ciranda,2
flores,2
cabelo?,2
resumo,3
#debatenarecord:,2
apresentou,3
proposta.,2
jogou,3
verdades,2
geral.,2
escolhendo,1
v√°.,1
fertilizante,4
pesticida,4
temos.,1
an√¥nimo,1
#coisopresidente,1
#mulherescombolsonaro,3
#direitaseguedireira,1
perfeito,2
discutindo,1
afiada,1
devolveu,2
emo√ß√£o,2
voltar,4
cria,5
golpe,7
portanto,5
respons√°veis,10
mdb,6
marina....,5
esbravejando,5
trag√©dia.,5
adolesc√™ncia.,1
vendo.,1
derrotado,1
,#ovotonarecord,1
bonequinho,1
dr√£o,1
jb,1
criar,1
cb,1
coment√°rios,1
agora.",3
evang√©licos,3
‚Äî&gt,3
cair,3
ora√ß√£o,3
inventou,3
maquiagens,2
machucados,2
elen√£o,2
escrita,2
corpo,2
rigorosas,2
estupradores.,2
tamanho,2
popular.,2
vencer√°?,2
piada!,2
mo√ßo,2
sabendo,2
aten√ß√µes,2
loucura,2
cultural,2
considerando,2
constata√ß√£o,2
transformadas,2
plebiscito:ou,2
elegemos,2
convoco,2
queridos,2
emo√ß√£o.,2
presidenci√°vel,2
_cidl,2
estupro,2
compartilhei,2
emocionou,2
d√∫vidas,2
pre√ßo,2
maldito,2
‚Äú,2
decidir,2
ali√°s,2
perceber,2
chacota,2
esqueceram,2
roupa,2
preta,2
enterro,2
alcan√ßando,2
menstrua√ß√£o,2
ejacula√ß√£o,2
precoce,2
tamy,2
gretchen.,2
ignoram,2
bel√≠ssimas,2
chegadas,2
aeroportos,2
criam,2
derrotada,2
200,2
tribut√°ria;,2
previd√™ncia;,2
b√°sica;,2
pol√≠tica;,21
aparelhamento,2
m√°quina,2
preocupado,2
question√°vel????,2
fale,2
aula,2
viveu,2
mam√£e,2
direi,2
desmentidas,2
critica,2
assembleia,2
compara,2
nazista,2
correto,2
ano,2
fim,2
ven√ßa,2
parecer,2
tempos,2
problem√°ticas,2
entendem,2
girar,2
silas,2
turno!!,2
politica,2
segue,2
razoavelmente,2
descascando,2
gorducho,2
cor√©ia,2
reportagem,2
longa,2
podres,2
vivem,2
param,2
falei,2
sabia,2
mirou,2
prop√µs,2
rebateu,2
autorit√°rios.,2,1,,
it's,2
worth,2
most,2
oque,2
bonito,2
educado,2
plataforma,2
domina,2
intera√ß√µes,2
equ√≠voco,2
polarizar,2
art√≠stica,2
pronunciaram,2
ali.,2
record:,2
pede,2
crl,2
falem,2
sa√≠da,2
√≥tima,2
29/09/2018,2
marcado,2
saco,2
eleitora,2
ficam,2
afins,2
"latin,1
america‚Äôs,1
latest,1
menace,1
#journalismisdead,1
edir",2
"bolsonaro""...meu",2
pautas,2
g√™nero,2
comunismo,2
13¬∫,2
cortar,2
msm,2
seis,2
detalhe,2
interessante.,2
familias,2
militancia,2
travestis..,2
tinha.,2
av√≥s,2
isso!,2
tornou,2
memor√°vel,2
#votonarecord,2
fen√¥meno,2
rsrsr,2
acabei,2
amigas,2
deixa,2
espa√ßo,2
insistem,2
kkkkkkkkkkk,2
assistir,2
democraticamente,2
caro,2
ouvido,2
quente,2
_17,2
hipocrisia,2
situa√ß√£o,2
cultura,2
deixe,2
inteira,2
passa,2
declaraciones,2
ama,2
p√°ginas,2
inicias,2
g1,2
rio.,2
#carlazambelli1710,2
federal-sp,2
unidos,2
minutos,2
gana,2
acima,2
pensamentos,2
aspas,2
votantes,2
intelig√™ncia,2
comunistas,2
obs,2
facista,2
defesa,2
m√°xima,2
arrepiante,2
anta,2
tocado,2
avante,2,1,,
capit√£o!,2
maranh√£o,2
achar,2
amigo,2
motivo,2
gran,2
macri,2
acorda,2
"alckmin,2
muro,1
renovar,1
arrependermos,1
#joaoamoedo30,1
estados,3
concentra√ß√µes,1
turno.,5
rs,1
record,l,1
aus√™ncia,14
motivos,2
√≥bvios,1
raras,2
exce√ß√µes,2
assunto,3
exclusivo,1
nacional,5
fugiu,13
religiosa,1
inferno,1
maldosa,1
fofoqueira,1
vaidade,1
poder!,1
concentra√ß√£o,4
ara√ßatuba,3
sucesso,7
sergio,3
gislaine,3
ajudaram,5
organiza√ß√£o,3
questionam,1
autoritarismo,4
correto?,1
e/ou,1
autorit√°rio,6
lista,2
furnas,4
esquema,3
lavagem,2
ocorrido,2
2000,2
envolve,2
empresa,2
estatal,2
centrais,2
el√©tricas.,2
1¬∞turno,1
precisou,1
preocupar,6
campanha.,1
ele.,3
palavras,8
11,10
kkkkk.,1
datena,1
entrevista,6
uti,3
cir√£o,2
(12,2
viram,2
mar,2
#cironarecord,11
amando,4
pisando,1
jesussss,1
efeito,2
pin√≥quio,2
salvador-ba,1
coloque,1
balan√ßa,1
pr√≥prias,3
veio?,4
chamado,5
calunias,1
grande.,1
sonho,1
crist√£os,1
apoiam,8
contradizendo,1
certos,2
princ√≠pios,1
mudassem,1
unanimidade,1
votassem,1
baile,1
gaiola,1
v√°rios,5
defensores,1
usando,2
cantando,1
fac√ß√£o,1
internet,6
hahah!,1
paulistano,3
dirigi,3
na√ß√£o,10
pensava,1
espertas,1
espalhar,26
√°lvaro",2
homenagem,2
reflexivas,2
dadas,2
espada,2
ex-mulher,2
candidata,2
sobrenome,2
demonstrou,2
antigo,2
centauro,2
posicionar,2
senador,2
opini√£o,2
leis,2
propondo,2
americana/sp,2
ajudei,2
manh,2
buscar,2
material,2
panfletei,2
discursei,2
valeu,2
rumo,2
denovo,2
salva√ß√£o,2
rendo,2
frase:,2
cria√ß√£o,2
planned,2
diss,2
dilma.,2
mal,2
fome,2
presidential,2
parem,2
coment√°rio,2
extrema,2
rj,2
algum,2
tocando,2
gritando,2
curitibanos,2
(curitiba/paran√°,2
lotaram,2
montagem,2
edi√ß√£o,2
patroc√≠nio,2
organizado,2
marcante,2
lembrando,2
mill√≥n,2
protestar,2
esposa,2
acontecer,2
enfrentar,2
@_laurinha11,2
pluripartidarismo,2
(pt,2
ovo,2
estuprador,2
achava,2
28,2
simpatia,2
mitando,2
dedic,2
destituci√≥n,2
dilma,2
brilhante,2
quien,2
hab√≠a,2
torturado,2
ten√≠a,2
19,2
a√±os,2
asesino,2
violador,2
hasta,2
hoy,2
ejemplo,2
mejor,2
torturador,2
30/09,2
*haddad,2
28,2
lgbts,2
venha,2
..,2
divulga,2
campinas,2
memes,2
ladr√µes,2
petrol√£o,2
ate,2
brigando,2
mentira,2
demonstra,2
psol,2
gigantes,2
ficar√£o,2
comentados,2
mundial,2
bingo,2
major,2
ol√≠mpio,2
kkkkkk,2
diversas,2
16,2
curte,2
chamando,2
maria,2
ros√°rio,2
chincha,2
toque,2
despertar,2
trabalhador,2
nega√ß√£o,2
promove,2
cometam,2
problemas,2
representante,2
vila,2
velha,2
caminho,2
liberdade,2
**,2
confirma,2
nacionais,2
briga,2
dem√¥nios,2
possui,2
c√©rebro,2
concordo,2
datafolha,2
soterraram,2
figura,2
comparar,2
pedro,2
crist√£o,2
possa,2
permiss√£o,2
querido,2
matando,2
desmobilizando,2
#debatedarecord,2
minas,2
santo,2
higiene,2
comigo,2
ri,2
ha,2
sido,2
homosexuales,2
afinal,2
#bolsonaroeleito1¬∫lugar,2
ata,2
comentado,2
90,2
perguntar,2
uni√£o,2
ritmo,2
restaurante,2
adesivos,2
trar,2
mamata,2
pedia,2
rara,2
credenciais,2
dialogar,2
estadista,2
explica,2
t√≠tulo,2
"martin,1
luther,1
king,1
apoiaria,1
d√°,1
d√°..,1
conquiste,1
indecisos,2
sofra,1
fantoche,1
saudosista,1
manaus,1
bolsonaro!!!,1
tamanha,1
import√¢ncia,1
estima,1
lacrador,1
influencial,1
outros.,1
amiga,1
trans,1
espancada,1
morta,1
vestindo,1
camisa,10
tristeza,1
rep√∫dio,1
situa√ß√µes,1
compactuam,1
mortes,2
incentivam,1
power,3
points,1
fiz,1
coltec,1
point,2
li,2
trem,1
google.,1
rid√≠culo,2
kakakakakka,1
depoia,1
lula",2
siga,2
comendo,2
terr√≠vel.,2
foder,2
chegada,2
chegou,2
entrar√£o,2
obviamente,2
c√©u,2
conosco!,2
bela,2
roubando,2
"acho,1
altura,1
cr√≠ticas,1
l√≥gica,1
corrida,2
autom√≥vel,1
chegar,5
atravessar,1
reclamaram,1
precisamente,1
debater,3
de..,1
tambm,1
sab,1
17...,1
total..sabem,1
feminista,2
recebeu,4
r$2,2
arrecadados,2
conosco,2
miss√£o,3
#bolsonarono1turno,2
#bolsonaroj,2
divide,3
ir√¥nico,3
sobe,3
recordes,4
paran√°,4
lider,4
absoluto,4
paran,4
candidados,1
cansam,1
considera√ß√µes,1
finais,13
pediu,1
intelectuais,1
cientistas,1
oporem,1
representarem,1
caos,1
pr√≥ximos,1
v√™-los,1
algum...,1
coragem!,1
#marinasilva18,1
pgr,1
origem,1
agressor,1
procure,1
maneira,1
americanos,1
hahahaha,1
inventem,1
ansioso,1
sentimento,1
dever,1
cumprido,1
3.a,1
(3,3,1
km,1
es.,1
esquerdopatas,26
helen√µes..,1
espacio,1
politico,1
jair!!!,1
entende,1
ganharia,3
g√™nios.,1
‚Äúnova,1
suspeit√≠ssimo,1
'empate,1
mandat√°rio,1
sul,1
tomadas,9
confirmando,2
possui.,1
lula?,1
gay?,1
fuma?,1
umas,3
roupas,2
aprender,1
seu,sem,1
meter,1
opni√£o,1
arregao...que,1
pedisse,1
alg,1
mostrasse,1
apto,1
debatendo,1
hip√≥critas.,1
veio??,1
mina,1
crente,2
sala,1
insinuou,1
votaria,2
kkkkkkjjj,1
mundana,1
kkkkkkkkj,1
grav√≠ssimo.*,1
convida,1
ex-presidente,1
uruguai,1
(mojica,1
governante,1
(uni√£o,1
rep√∫blicas,1
socialistas,2
am√©rica,1
latina),1
objetivo,1
*foro,1
paulo*,1
*‚Äúgrande,1
comunista‚Äù*,,1
neles!,1
bacana,2
participar,2
descansando,1
nocaute,1
esquerda!,1
chorei,1
passaram,1
tel√£o,1
emocionar,1
edmund,1
burke,1
pereira,1
coutinho,2
michael,1
oakshoff,1
samuel,1
hudington,1
roger,2
scruton,1
desculpem-me,1
consigo,1
tradi√ß√£o,1
nitidamente,1
define,2
reacion√°rio,2
distinguir,1
conservador.,1
lu√≠s,1
aconteceu,2
renascen√ßa,1
litor√¢nea,1
baseadas,1
seguem,1
resultados,1
parciais,1
12%,1
9%,1
herbalife,1
20%,1
vende-se,1
63%,1
8%,1
v√©io,1
pago,1
2%,1
sogra,1
pontuou...,1
debate..,2
honestidade,1
incoer√™ncia,2
grita,1
dissimulando,1
perca,1
centr√£o,1
fomentam,1
entrelinhas,1
farinhas,1
eleitorado,3
prefeitos,1
paris,1
capaz,2
nulo,1
percebendo,1
√≥bvio,3
despreparado,1
preconceitos,1
exala,1
preparo,2
desqualificados,1
considera√ß√£o,11
beneficiado,11
podendo,11
ganharemos,11
sai,3
sala..,1
kk,2
certa,1
acabe,1
pras,1
compartilha,2
eh,6
convencer,1
apresentem,1
ataquem,1
sabem.,1
incompet√™ncia,1
voc√™s!,1
assim:,1
bolsonaro...",2
vcs!,2
apresentar,2
a√©cio,2
deixam,2
an√∫ncio,2
destaque,2
malddad,2
mudou,2
pen√∫ltimo,2
planalto,2
tracking,2
btg,2
impulsionados,2
divulgados,2
espalhadas,2
praticamente,2
esfor√ßa,2
escond√™-las.,2
revista,2
presidencial,2
irm√£o,2
#todoscombolsonaro,2
feministas,2
passeata,2
√∫til,2
deixem,2
15,2
leve,2
meta,2
sentido,2
informa,2
(28%,2
(25%,2
tido,2
parvo√≠ce,2
comentaristas,2
faltam,2
sete,2
hist√≥ria:,2
espumando,2
cidad√£o,2
presidente.,2
pmdb,2
come√ßa,2
pequena,2
direitinho,2
dividir,2
gl√≥ria,2
ter.,1
janaina:,1
"com,1
todo,68
respeito,16
sagrado,1
direito,25
manifesta√ß√£o,49
digo,17
manifestos,2
contra,180
pr√≥-pt,1
assinou,1
passar,6
anti-petista,1
conseguinte,1
pr√≥-brasil,1
simples,2
assim",1
ora,1
ora..,1
aƒõ..,1
-----------------------------------------,1
muitos...,1
receita,1
limpo!,1
perigoso,1
ganhando..,1
anular,1
maluquice,1
comparou,1
dividido!,1
votasse,1
sairia,1
bolsonarismo,1
marxismo,1
time,1
_lba,1
ja,1
descarta,1
posi√ß√£o,1
seguindo,1
induziu,1
dizer/pensar?,1
falando.,1
ocaso,1
posicionam,1
unicamente,1
intuito,1
aparecer.,1
cher,1
mark,1
hammil,1
babacas.,1
urgente!!!,1
recebe,1
paulo!,1
leiam,1
compartilhem,1
--&gt;&gt,1
canhoto,1
endireitar,1
sobral?,1
"sim,1
claro.",1
"eu,10
amo,12
fdp,2
nazista!",1
(que,1
infelizmente,1
aprovado,1
aumentando,1
indiv√≠duo.,1
_crf,1
sao,1
velha...,1
apreendeu,1
lendo,1
devagar,1
estuda,1
ultrapassado,1
seua,1
ameba,1
responde,1
not√°veis,1
escolhidos,1
pa√≠s‚Äù.,1
30.09.2018,1
sugiro,1
olhe,1
seguir,1
conselho,1
economista,1
compactua,1
campanhas.#bolsonaro,1
agradece!,1
marcos,1
oliveira,1
doou,1
conto,1
mensagens,1
consideram,1
veio?‚Äù,1
admirava,1
empres√°ria,1
levava,1
audiencia,1
sol,1
encontro,1
09:30,1
calor,1
porta,1
destr√≥i,1
cometeu,1
arrependimento.,1
#aten√ß√£o!,1
‚Äúsucesso,1
passado!,1
aprendam,1
adora,1
desconfiem,1
sempre!,1
cruzes#debatenarecord,1
preste,1
titia,1
outros..,1
concentram,1
esfraquece-lo,1
beneficiar,1
agu√°,1
falsidade,1
posta,1
not√≠cia,1
desculpa,1
suspeito,1
vagabundos,1
sinta-se,1
manooooooo,1
ptista,1
estressam,1
d+,1
√≥bvio.,1
postadas,1
percep√ß√£o,1
doente,1
dorme,1
cabeceira,1
cama,1
estudou,1
geografia,1
imparcial,1
'pelo,1
esque√ßam,1
bolsonaro',1
'kkkkkkkkkkkkkkkkkkkkkkkkkkkkkk,1
puta'',1
comunista!,1
arrepiar!!,1
gremistas,1
inter,1
caras,1
sentiram,1
golpe.,1
tia,1
‚Äúvota,1
_bec4,1
for√ßar,1
por√©m,1
amoedar,1
course,1
gets,1
headlines,1
but,1
noting,1
brazil's,1
famous,1
ufologist,1
ademar,1
gevaerd,1
has,1
declared,1
his,1
support,1
today,1
i'm,1
sure,1
how,1
many,1
votes,1
that's,1
garoto?(ou,1
tratou,1
conversar,1
‚Äúo,1
"reais""e",1
p/milh√µes,1
detona,1
c/os,1
do‚Äùele,1
"n√£o""e",1
militantes,1
escolhermos,1
consci√™ncia.,1
escolhemos,1
agora!,1
amo√™do!!!,1
1777,1
.bolsonaro,1
77,1
ensaio,1
fotogr√°fico,1
leonardo,1
milano,1
livres.,1
_cns,1
porre,1
danado,1
procuram,1
eficiente!!!!,1
atrasado,1
come√ßaram,1
setembro.,1
thought,1
#theecomist,1
fair,1
balanced,1
publication,1
supportive,1
#freemarkets,1
they,1
respect,1
brazilian,1
voters,1
blatantly,1
calling,1
frontrunner,1
ignor√¢ncia,1
mais..,1
sal√°rio.,1
#continuafalandomour√£o,1
matou,1
hitler,1
biruta,1
suporto,1
eleitores.,1
combate,1
deve.,1
ego.,1
famosos,1
"o,16
financiando,1
'famosos,1
sob,2
falso,1
argumento,14
incentivo,1
compram,2
fim!",1
falado..,1
_avalos,1
dec√≠s,1
excepto,1
declar,1
lesbica,1
tiene,1
sexual?-,1
raz√≥n,1
gusta,1
biblewords3,1
edilenesoaresg2,1
recife,1
ajudem-me,1
eletr√¥nica,1
usada,1
mais?,1
tapa,1
importantes,1
omisso,1
tire,1
sof√°,1
blusa,1
amanh,1
sexual/gays,1
subliminar,1
v√°lidos,1
pegadinha,1
malandro,1
caiam,1
ah,1
lixo,1
vendem,1
"se,2
mimimi",1
gigantesco,1
liderado,1
aceitam,1
d√°-lhe,1
propagado,1
normalmente,1
n√∫meros,1
organizadores,1
exageradamente,1
tratando,1
inverso,1
org,1
conforme,1
pm/df,1
"contra""",1
lembra,1
descobrir,1
vender,1
trista,1
sequestrar,1
eis,1
‚Äúelen√£o‚Äù,1
compara√ß√µes,1
dele..,1
doidim,1
blablabla,1
canto.,1
cerca,1
1.000.000,1
paulistas,1
paulo/sp,1
domingo.,1
#parlaelei√ß√µes,1
nois,1
baixada,1
cabe√ßada,1
m√°scara,1
cai,1
ap√≥ia,1
compartilhar!,1
manooooo,1
rindo,1
glr,1
lek,1
pingo,1
conhecimento,1
crlh,1
facismo,1
presidenciaveis,1
come√ßando,1
deuxxxxxxx,1
primeiramente,1
pol√≠ticas,1
juntando,1
bom.,1
criatura,1
besteira,1
far,1
#17,1
pauladas..,1
ca√ßaria,1
ben√©fico,1
sabido,1
empres√°rios,1
renda,1
recebem,1
indevidamente,1
regularizada,1
valor,1
benef√≠cio.,1
vers√£o,1
murilo,1
couto,1
top,1
agricultura,1
boulos.,1
justas,1,4,,
lampejo,1,4,,
brilhantismo,1
sinalizar,1
converg√™ncia,1
naquele,1,4,,
break,1
sortudo,1
poc,1
defendesse,1
exagera.,1
tarefa,1
debate!,1
puder,1
agradece,1
rsssss,1
l√≠ngua,1
falo,1
acepta,1
gane,1
golpistas,1
merendeiro,1
parece-me,1
unos,1
esperemos,1
pregunten,1
apoyo,1
qui√©n,1
afirm,1
solo,1
aceptar,1
esos,1
dem√≥cratas,1
continente,1
defiende,1
chilena,1
verg√ºenza,1
esfregando,1
excluir,1
perto.,1
gratuita,1
ideais,1
minhas.,1
gentileza,1
recuperar,1
temas,1
importantes.apenas,1
detonam,1
defender),1
reveja,1
m√°ximo,1
certo.,1
_swift13,1
enrustido,1
‚Äúentendo,1
mulheres?!?,1
escutam,1
n√£o??,1
cade,1
gnt?!?!?,1
igualzinho,1
"pt.""",1
repeti,1
ahahahah,1
urgente,1
bastasse,1
colar,1
leg√≠tima,1
aumento,1
confronta√ß√£o,1
deve-se,1
advers√°rio,1
semelhan√ßa,1
defendida,1
programa,1
reto,1
expectativa,1
econ√¥mica,1
realidade:bolsonaro,1
responder,1
pergunta!!,1
dormir..,1
acepto,1
mi,1
elecci√≥n,1
dem√≥crata,1
hombre,1
"tamb√©m""",1
"mas,3
absurdo...,3
levanta,3
papel√£o,3
canalhice,4
armamento,2
aprovada,4
proprio,3
estaria,6
pqp,2
marcou,1
local,1
exatos,1
marcada,1
garanhuns-pe,1
(a,1
terra,1
civilizados,1
evitar,2
confus√£o,1
mudamos,1
quinta-feira,1
(04/10).,1
joao-pe,1
estaremos,1
vit√≥ria,24
merece,14
renova√ß√£o,11
trag√©dia,11
trampolim,10
ditadura,12
botar,10
abismo,10
zozota,3
come,3
procriar,3
limpinha,3
ass√©ptica,3
sentir,4
cheiro,3
parecida,3
boneca,3
infl√°vel,3
quantidade,1
atacados,1
#marinasilva,1
#ciro12,11
subiram,1
tom,1
talvez,4
estariam,2
acirrada.,1
_com,1
inclusive,1
casou,1
solteira,1
preconceituoso,1
new,1
by,4
blogdelinks,1
transmitido,3
09,1
vem,8
asneiras,1
pr√≥prios,4
convencem,1
!,6
#ptnuncamais,1
#ciron√£o,1
atacado,1
amea√ßado,2
ofendido,1
pr√≥pria,1
apoiadora,1
parece,7
alta!!,1
eleito,5
#17neles,2
votam,9
7/10/2018,1
toca.e,1
faturar,1
lembram,1
erundina,1
terceiro,2
maluf,1
prefeito,3
ganhou?,1
sobral/ce,1
'quanto,1
malho,1
vendo',1
novo,17
amo√™do,3
oportunidade,3
mudan√ßa,3
experimentar,1
morrer,3
guerra,3
picuinha,1
dirigiu,1
corajoso!,1
10,7
ve√≠culos,3
pro-bolsonaro,3
‚Äúmais,1
600,2
hahaha,3
satisfeitos,1
galera",1
reclamar,1
fara,1
horroroso,1
vertentes,1
representantes,1
escr√∫pulos,1
aff,1
cheio.,1
nql,1
chato,1
opini√µes,1
represente,1
pfv!,1
explique,1
favor?,1
feed,1
julguem,1
marcha,1
hagamos,1
üáßüá∑üáßüá∑1Ô∏è‚É£7Ô∏è,1
rabo,1
debater..,1
absurdo,1
atual,1
manipuladores!,1
ana,1
cristina,1
confi√°vel,1
confirmou,1
mentiu,1
jur√≠dico,1
confiar,1
mandato,1
parlamentar?,1
atrizes,1
preocupadas,1
filhos.,1
impedir-los..,1
veremos,1
a√≠.,1
turno!!!,1
anota,1
ok!!!!,1
mama,1
aparentemente,1
carol,1
chocada,1
porem,1
discutir,1
quieto,1
marida,1
devo,1
nele.,1
fraquejada,1
estupraria,1
merecia,1
defendeu,1
recebam,1
engravidam,1
inimigo,1
sebasti√£o,1
bonfim,1
esposa),1
empres√°rio,1
homem!!!,1
compro,1
centauro!!,1
rocque-ma,1
rocque,1
apoia.,1
nacional*,1
boicotar,1
ele...n√£o,1
ganhar.,1
ou√ßa!,1
rapaziada,1
apena,1
crian√ßa,1
duras(tempo,1
pensar,1
mulheres?,1
#elen√£ovaiganharnogrito,1
dec√™ncia,1
#poderemfoco,1
#sbt,1
dalciolo,1
respeitada,1
gere,1
democratiza√ß√£o,1
toleram?,1
"a,3
n√∫mero,4
posts,2
vindo,3
desta,4
tese,3
justifica!,2
nao,5
mega,4
messias,11
1Ô∏è‚É£7Ô∏è‚É£,4
30.09.2018.,4
ponto!,4
ret√≥rica,4
fato!,4
terceira,1
ponte,3
tentar,4
suicidio,1
atrapalha,1
rotina,3
parar,2
n√©?,5
desenharia,2
felicidade,3
brizola,1
tbm,5
popularidade,1
obra,1
ignora.,1
desesperadora,1
trabalhadora,1
privilegia,1
ricos...,1
ai,5
regra,1
tse,2
manter,1
hor√°rios,1
mudaram,1
12:00,1
haddad/lula,1
13:00,1
17:00.,1
fonte,2
https//:,1
repassem!,1
decimos,1
al,8
misogino,1
homofobico.,1
#epelavidadasmulheres,1
cheguei,1
conclus√£o,1
completamente,5
tira,5
boca,2
mandando,4
devem,4
respeitar,4
arrumou,4
trazer,6
criticar,5
lutando,4
jogo,6
doce,1
caloroso!,1
migalhas,1
saqueando,1
vote,12
aliados,2
dele.,2
declare,3
covarde,3
netos.,3
completo,3
brazil,6
only,1
responsible,1
socialist,1
nightmare,1
implemented,1
in,2
venezuela,3
impacted,1
regional,1
instability,1
caused,1
maduro's,1
tirany,1
with,3
will,1
work,1
its,1
allies,1
western,1
hemisphere,1
protect,1
people,1
eeuu,1
tenga,1
italia,2
salvini,1
alegra,1
mucho,1
hace,2
voy,1
cuando,3
nosotros,1
tengamos,2
ellos.,1
vive,3
realidade,3
ow,1
sugando,1
chef,1
cozinha,2
pondo,2
fermento,1
crescer,3
blogueira,8
maquiadora,8
cheira,8
compacto,8
compara√ß√£o,14
bosta,11
_riscala,1
espada",1
pr√≥spero,1
viverem,1
energia,1
"renov√°vel""",1
casado,1
anos.,1
casamentos,1
amea√ßou,1
ex-esposa,1
influ√™ncia,1
persegui-la.,1
quest√µes.,1
lembrado,1
constantemente,1
observed,1
event,1
very,1
well,1
organized,1
coordinated,1
rally's,1
are,1
mostly,1
spontaneous,1
political,1
committee.,1
voces,1
ouviram,1
diomedes,1
‚Äúcada,1
verme,1
salvasse,1
cunha,1
erros,1
cid,1
serem,1
acusados,1
desviarem,1
300m,1
prefeitura,1
cearense,1
mpf,1
reuni,1
500,1
personas,1
diario,1
_de_fato,1
cuenta,1
pas,1
ciudad,1
bernardes/bdf,1
absolutamente,1
pipipopopo,1
pipipo,1
compactuar,1
inimizade,1
pedra,1
venezuelanos.,1
",1
aus√™ncia...",1
saudade,1
dominando,1
fora.,1
why,1
would,1
rally,1
feature,1
huge,1
ballon,1
running,1
mate,1
sash,1
omg,1
afim,1
toma,1
cuuuuu,1
muni√ß√£o,1
recria√ß√£o,1
cpmf,1
guedes,1
hamilton,1
lembradas,1
_sulivan,1
preocupa√ß√£o,1
estrago,1
militar.,1
salvadores,1
p√°tria.,1
leis.,1
sempre.,1
um.,1
escutar,1
musicas,1
camapanha,1
pra√ßas.,1
#mulheressubmissasaopt,1
secco,1
pabllo,1
sasha,1
meneghel,1
declararam,1
firme,1
roxo,1
cor,1
redetv!,1
devemos,1
fantasmas,1
esconder,1
assumam,1
moralistas,1
cometer,1
imoralidade,1
nus,1
letra,1
pintada,1
n√°degas,1
compondo,1
express√£o,1
"ele,2
n√£o",1
d√°gua,1
decidiu,1
bel√≠ssimo,1
economistas,1
ipiranga,1
maravilhosa,1
foz,1
igua√ßu,1
recebi,1
carinho,1
foz.,1
ligados,1
sorte,1
n√≥s.,1
sozinho?,1
_damous,1
luis,1
"s,1
penitenci√°ria,1
pedrinhas",1
nunca!,1
nunquinha!!!!,1
detonado,1
sobrou,1
burocracia,1
r√≠gida,1
emendada,1
qu√≥rum,1
r√≠gido.,1
doidos,1
constitui√ß√£o?,1
1988,1
cidad√£.,1
dois.,1
radicais.principalmente,1
extremista.,1
ociosidade,1
dep,1
votar.,1
p√°gina,1
_101,1
posiciona,1
defendia,1
√°s,1
comemoraram,1,1,,
mujindo!!,1
estranho,1
reinado,1
colonial,1
imperador,1
agr,1
solos,1
f√©rias,1
#elei√ß√µes,1
_ot5h,1
governa,1
#boulosfascista,1
imbiribeira-recife,1
chinaski,1
disscanse,1
(prod,1
deryck,1
cabrera,1
cobra,1
chocado,1
ninho,1
botando,1
&lt;3,1
turno:,1
25.7,1
(cresceu,1
7.6%),1
empatado,1
c/,1
(parado),1
56,1
(obrigado,1
#mulherescontrabolsonaro,1
#√©pelavidadasmulheres),1
(42.7%,1
(37.3%),1
#haddad√©lula,1
#haddadpresidente,1
encoraja,1
lobotomiazada,1
conhe√ßo,1
duras,1
lixos,1
humanidade!!,1
reborar,1
colo,1
capeta,1
kkkkkkkkkk,1
"certo""",1
"ningu√©m""",1
colocaram,1
tentaram,1
hackear,1
negar,1
deslegitimar,1
bolsominions,1
estrondoso,1
faltar,1
en√©as,1
30-09-2018,1
"aten√ß√£o,2
parecidos:,2
tamb√©m.,6
odioso,1
bolsonazi,2
ligar,1
cumprimenta-lo,1
cinco,1
vantagem,1
venceria,1
os",1
extremos,1
iguais,1
popularizar,1
continuem,1
cert√≠ssimos,1
entenderam,1
c√∫mplices,1
esfaquear,1
permitiremos,1
voltem,1
citam,1
kkkkkkmk,1
chamar,1
atrai.,1
manifestantes,1
exterior,1
&gt;,1
_dennis,1
topando,1
:p,1
cad,1
porrada,1
televis√£o,1
juntos##bolsonaro..meus,1
necessariamente,1
compreens√£o,1
post,1
confuso.,1
sele√ß√£o,1
pol√¥nia,1
moderado.,1
pa√≠ses,1
conservadora.,1
nazista.,1
"jair,1
aquilo",1
fenomeno,1
60,1
milhoes,1
.agora,1
neles.fora,1
corruptos,1
bla,1
bloblo,1
inutil,1
realista,1
consciente.,1
cuide,1
retrado,1
sociedade,1
(haddad,1
trabalhadores,1
(bolsonaro),1
permaneceremos,1
txurminha,1
lacradora,1
politicamente,1
corretos),1
resistiremos,1
elegeremos,1
p√¥r,1
progresso,1
nisso,1
ve,1
-30,1
elei√ß√£o?,1
saindo,1
incoer√™ncias,1
#marina18,1
&gt;minha,1
colega,1
&gt;respeitabil√≠ssimo,1
&gt;com,1
&gt;√≥dio,1
&gt;spc,1
&gt;bolsonaro,1
&gt;temer,1
render,1
helic√≥ptero,1
globolixo,1
resolve,1
sonoro,1
globo..,1
ilustre,1
177,1
palanque,1
civil,1
serio,1
fazem?,1
muros,1
universit√°rios,1
enfrentei,1
formas,1
misoginia,1
universo,1
impera,1
esquerdismo,1
automaticamente,1
aproxima,1
desejado,1
nuevo,1
argentino,1
operaciones,1
oficiales,1
fomentar,1
odio,1
medio,1
recesi√≥n,1
v√≠a,1
funk,1
droga,1
ze,1
droguinha,1
ingere,1
bebida,1
alco√≥lica,1
corre,1
pol√≠cia,1
frequenta,1
reclama,1
revistada,1
"las,1
propias,1
presidencia,1
si,3
dictador.",1
vibra,1
clamou,1
fam√≠lias,1
inteiras,1
queira,1
bolivarianismo,1
continuidade,1
destrui√ß√£o,1
impede,1
for√ßa.,1
ideal,1
atitudes,1
rid√≠culas,1
extremo.,1
laranja,1
misturado,1
vermelho.,1
mitadas,1
palavra,1
servo,1
"gl√≥ria,1
neles,1
viver,12
daciolo?,11
solu√ß√£o,11
abrir,11
vaga,11
superpop,11
fixo,11
apelando,6
atacando,8
maneiras,5
deveria,5
mocinhas,5
postam,5
elen√£o,5
menininhas,5
amendrontadas,5
conservadora,5
ex,7
macho,5
lula.,9
ultraderecha,2
san,2
ioutube,1
windows,1
nunes,1
consolidando,1
compra,1
derreter,1
interna√ß√£o,1
hospitalar,1
protegido,1
pr√≥prio.",1
linda!,1
tarde.,1
(v,1
melhorl!,1
am√©m.,1
parede,1
contribuiu,1
humanidade,1
termo...,1
#pqaglobonaomostrou,1
2002,1
farinha,1
atrever,1
cativeiro,1
#democracia√©maioria,1
#somosmaioria,1
#bolsonaro17noprimeiroturno,1
conhe√ßa,1
peito,1
encarar,1
derrubado,1
luana,1
piovani,1
mist√©rio,1
habilidade,1
estaduais,1
errado,1
prestando,1
#brasilcombolsonaro,1
universal,1
igrejas,1
assembl√©ia,1
#bolsonaroprimeiroturno,1
dito,1
pesquise,1
manipula√ß√£o,1
vigaristas,1
parab√©ns.,1
car√°leo,1
desespero...que,1
borrar,1
futebol,1
rolando,1
esquecem,1
kkkkkkkkkkkkkk,1
24h,1
tks,1
2014,1
cavo,1
militar,1
privil√©gios,1
soberania,1
vista,1
esquerda!!!,1
tl,1
fodendo,1
desgra√ßa,1
citado,1
abriu,1
portas,1
caricato,1
vencer√°,1
audi√™ncia.,1
padr√£o,1
lacradores:,1
chamam,1
burra,1
hipoctra,1
heresia,1
heresias,1
tomarem,1
c√©sar,1,1,,
contrariar,1
volte,1
luz.,1
gerais,1
influenciar,1
aqui.,1
santos,1
especialmente,1
pol√≠tico.,1
nomes,1
dariam,1
amarelaram,1
esqueletos,1
arm√°rio,1
queriam,1
ver.,1
desafio,1
malha,1
√°udio,1
(30/set/2018),1
chegasse,1
cintura,1
"aaah,1
falsianes,1
tavam,1
mim,4
√©√©√©??",1
abra√ßo,1
belo,1
horizonte,1
mg.,1
cual,1
piensenlo,1
as√≠,1
jam√°s,1
llegar,1
sin,1
primero,1
unas,1
gestiones,1
queimada,1
apologia,1
ressalta,1
√©tica,1
üáßüá∑orgulho,1
renasceram.,1
percebi,1
comecei,1
repente,1
berros,1
nervoso,1
derrubei,1
√≥culos,1
elenao,1
divididos,1
alkimin,1
#vaisernoprimeiroturno,1
lan√ßar,1
duente,1
mental,1
arrumaram,1
heushsushsue,1
#elinformante,1,1,,
¬°mat√≠as,1
defendiendo,1
¬øacaso,1
olvida,1
asesina,1
¬øno,1
re,1
cuerda,1
c√°rceles,1
cuba,1
participando,1
advers√°rios!!,1
rainha,1
deboche,1
respondeu,1
debate???,1
gira,1
n√©..,1
repudiado,1
paga,1
parlamentares..,1
mito.,1
cora√ß√µes,1
esperan√ßosos,1
ferido,1
sofrido!,1
brasileira.,1
#b17,1
#omessias,1
2010,1
prestes,1
diverte,1
ficarem,1
espertos,1
gerado.,1
lugares,1
cen√°rios,1
marcas,1
aplauso:,1
riachuelo,1
localiza,1
americanas,1
habibs,1
victor,1
vicenza,1
smart,1
fit,1
bio,1
anjo,1
colch√µes,1
coco,1
bambu,1
shoptime,1
submarino,1,1,,
chilli,1
pepper,1
single,1
hotel,1,1,,
percebo,1
coma,1
camionetes,1
patrim√¥nios,1,1,,
conquistas,1
eu..,1
assisto,1
explica√ß√£o,1
jorge,1
criado,1
alimentado,1
gerou,1
rouanet,1
refresco,1
ministro,1
#bolsonarolivre,1
duvido,1
edi,1
faziam,1
marcava,1
reuni√£o,1
determinado,1
leon,1
qu√£o,1
twit,1
escrever,1
ouvir,1
experi√™ncia,1
aliviado,1
histeria,1
coletiva,1
disc√≠pulos,1
lives,1
montagens,1
antigos,1
confessarem,1
aceitar√£o,1
derrota.,1
bel√©m,1
par√°,1
reuniu,1
pessoas.,1
capital,1
c√≠rio,1
nazar,1
longe,1
polarizaram,1
autocr√≠tica,1
apostou,1
injusti√ßados,1
emocional,1
tender,1
superficial,1
alimenta,1
antipetismo.,1
#veja600milhoes,1
#globolixo,1
penssam,1
certas,1
teoria,1
conspiracao,1
etc..mas,1
logica,1
fala!!!,1
repletas,1
tiraram,1
sermos,1
heteros,1,1,,
muuuuuuito,1
do.bolsonaro,1
sksmkdkdkdkkdkdmdkdkdkdkdkkdd,1
acompanhados,1
batedores,1
armados,1
dentes,1
real...,1
prote√ß√£o,1
alguem,1
terrorista.,1
quererem,1
inventarem,1
"salvador,1
p√°tria,2
perceberem,1
bra√ßo,1
torcer.,1
(pr√≥-armas,1
usaria,2
pior.",1
u√©,1
porte,1
facas,1
cm,1
proibido,1
gerais...,1
amedrontar,1
clodovil,1
parlamento,1
indicando,1
cargos,1
criou,1
pec,1
diminui√ß√£o,1
lotando,1
mobilizando,1
bolso,1
centros,1
urbanos,1
compl,1
senhores,1
canditos,1
ria,1
piadas,1
dez,1
engra√ßada,1
denegrindo,1
movimentos,1
inv√©s,1
manooos,1
dirigentes,1
protocolar,1
representa√ß√£o,1
pedro.,1
punido,1
colossal,1
desabou,1
durante,1
com√≠cio,1
cadeia,1
felipe,1
neto,1
verdadeiras,1
recebemos,1
espont√¢neo,1
saqueado,1
jogado,1
tra√ßas,1
cores,1
idades,1
sexo,1
confiantes,1
imbat√≠vel,1
dan√ßando,1
gta,1
andreas,1
multiplicam,1
sil√™ncio,1
m√≠dia.,1
articuladas,1
criminoso-m√≥r,1
reproduzidas,1
frenesi,1
oficialmente,1
enfia,1
turminha,1
(vulgo,1
perderam,1
persegui√ß√£o,1
c√°ssio,1
(psdb,1
disse:,1
criei,1
"as,1
viradas,1
ocorrem,1
n√£o!,1
definir,2
queremos,2
retomar,2
emprego,3
papel,2
preponderante,2
deuxx,1
mateus,1
24:5,1
sentindo,1
sarc√°stico,1
organizadas,2
acontecem,2
falas,2
mencionaram,1
diretamente,1
indiretamente,2
fazia,1
insistiu,1
mt,1
pastor,2
afirmou,1
membros,1
daquela,1
deviam,1
‚Äú‚Äù‚Äùirm√£‚Äù‚Äù,1
tentou,1
consertar,1
concorda,2
casamento,1
nojo,1
interfer√™ncia,1
assistido,1
3¬∞,1
sequer,2
tocaram,1
a√ß√£o,1
forte.,1
neste",1
naquilo,1
"acredita""..",1
07/10.,1
_midoriya,1
#ERROR!,1
cagando,1
imunda,1
hehe,1
janaina,1
paschoal,1
disparado,1
üáßüá∑üáßüá∑üáßüá∑üáßüá∑,1
1‚É£7,1
1‚É£7‚É£3‚É£1‚É£7,1
estadual-sp,1
#janainapaschoal17317,1
mundial.,1
decep√ß√£o,1
denegrir,1
mocinho.,1
parceria,1
derrubar,1
falava,1
bobo,1
promete,1
di√°logo,1
fogueira,1
urnas.,1
certo..,1
[9/30,1
11:48,1
camili,1
bozonaro,1
[10/1,1
12:24,1
am,1
sky,1
blue,1
lol,1
lsd?,1
trocentos,1
lolzeiro,1
carism√°tico,1
proje√ß√£o,1
pactual,1
mais:,1
41,1
39,1
vi√©s,1
vox,1
populi,1
alturas,1
dividiu,1
terminando,1
crentes,1
menciona,1
sincero?,1
sen√£o,1
ficaria,1
tentado,1
partid√°ria,1
pr√≥-lula,1
disfarce,1
"#elen√£o""",1
ova,1
somente,1
alternativa,1
s√£o.,1
#pttbn√£o,1
paulo-sp,1
‚Äúseria,1
incapaz,1
homossexual,1
morra,1
acidente,1
apare√ßa,1
bigodudo,1
ai.,1
playboy,1
dezembro,1
2011,1
querida,1
descobri,1
insta,1
confesso,1
‚Äúbolsonaro...pipipi,1
popop√≥‚Äù,1
impressiona,1
catar,1
"contra,2
ganho,2
ouro,1
questionar,1
alian√ßas,1
‚Äúgolpista,1
fernando,1
queimar,1
debate",1
povo!,1
haddad/pt,1
haver,1
(declara√ß√µes,1
protocolares,1
quinhentos),1
ex-ministro,1
decidir√£o,1
"morto"".",1
c√°,1
aplica,1
renato,1
exonerado,1
funcion√°rio,1
fantasma,1
recebendo,1
@_tracin,1
broder,1
lindbergh,1
base,1
gigante,1
marta,1
flavio,1
realidade.,1
tiro,1
biiiiiiiiiiicho,1
surtando,1
infelizes,1
descente,1
pensam,1
balela.,1
trabalha,1
rebeldes,1
iphone,1
franc√™s,1
turmas,1
ignorantes,1
apoie,1
pensando,1
pacificado,1
desenvolvimento,1
pense,1
m√≠nima,1
nutrem,1
√≥dio.,1
‚Äúfui,1
√¥nibus,1
fusca,1
van,1
morar,1
perguntado,1
vendedor,1
ambulante,1
agosto,1
2013,1
transporte,1
utilizassem,1
servi√ßo,1
exce√ß√£o,1
canalhas.,1
elege-los,1
est√∫pidos!!!!!!!!!!!!!!!!!!!!,1
70,1
classificar,1
pesquisada.,1
unico,1
responsable,1
sera,1
haberse,1
corrompido,1
!!!,1
1h40,1
alus√µes,1
discretas,1
pt),1
considero,1
covarde.,1
apropriou,1
rabiscada,1
caneta,1
h√°bitos,1
mudam.,1
atacarem,1
#dia7√©17,1
paulista/sp,1
usem,1
essa!!,1
historia,1
competente,1
#mude,1
distorcer,1
beneficiadas,1
ganhasse,1
estudasse,1
neg√≥cio,1
gritam,1
ventos,1
disposi√ß√£o,1
car√°ter,1
amado,1
governando,1
votava,1
v√≠deos..,1
clama,1
chegando,1
#17bolsonaro,1
piada.criticando,1
fez?agora,1
injustica,1
bolsonaro?boulos,1
medico,1
citadas,1
coincid√™ncia,1
acabaria,1
oportunidades,1
cangaciro,1
falastr√£o,1
mole..,1
#dia7vote17,1
&gt;&gt;&gt,1
atacaram,1
sobra,1
#euvotoemhaddad,1
don‚Äôt,1
make,1
same,1
mistake,1
we,1
did!,1
large,1
protests,1
against,1
election,1,1,,
front-runner,1,1,,
33,1
subiu,1
superou,1
ciro.,1
acreditem,1
mlk,1
enseba,1
voltando,1
mitouuuuuuuuu,1
demonstrando,1
capixabas,1
gostar√≠amos,1
esque√ßa,1
esquecido!!,1
uau!,1
red,1
manifestaciones,1
telefuturo,1
siempre,1
aviso,1
urla,1
repassem!!!!!!!!!,1
2018!!!,1
enganados,1
(04,1
pessoas),1
recorte,1
cartela;,1
distribua,1
amigos;,1
chame,1
bozominion,1
estima√ß√£o;,1
"iti,1
malia,1
ki,1
mininu,1
burro;",1
completar,1
cartela,1
respostas,1
"motivo,1
piada",1
anti-pt,1
tiram,1
paralelo,1
indiv√≠duo,1
(econ√¥mica,1
social),1
cause,1
infla√ß√£o,1
transparente,1
estadismo,1
termina,1
juntou,1
juntas,1
hahaahahhaahahahh,1
ofende,1
comparado,1
depois...,1
hist√≥ricos,1
desandou,1
leva,1
comportamento,1
"seguidores,1
esquizofr√™nico,1
caracterizado,1
experi√™ncias,1
parecem,1
contato,1
realidade!,1
preocupante,1
sociedade!,1
p√∫blica!,1
pres√≠dio,1
radical,1
podre,1
antigas,1
atividades,1
visitar,1
encarcerados,1
levando,1
frutas,1
pastores,1
anti-cristo,1
bom..,1
ilus√£o,1
vermelha,1
livre..,1
tsc,3
c√™s,1
kim,1
namjoon,1
eleitorais,1
submetendo,1
51.,1
arregou!,1
especialista,1
cirurgia,2
abdominal,1
m√©dicos,1
ae,1
experimento,1
esfaqueou,1
rodou,1
l√¢mina,1
comprovar,1
recupera√ß√£o!,1
senhora,1
expulsando,1
kkƒ∑kkk,1
redetv,1
estrat√©gia.,1
gratificante,1
conhecer,1
pessoalmente,1
morreu,1
partir,1
pr√≥ximas,2
ocupado,1
sofrer,1
inimigos,1
desgastado,1
elei√ß√µes.,1
dedicado,2
v√©spera,1
denuncia,8
chegue,8
autoridades,8
devidas,8
providencias,8
_omena,1
mesmo,n√£o,1
deixaram,1
bolsonaro,isso,1
certo!,1
campeonato,1
bocha,1
brincadeira,1
pagando,1
mesmo!!,1
duvidas,1
ser√≠a,1
falta,2
diversidad,1
rechazamos,1
reivindica,1
tortura,1
prefiere,1
hijo,1
muerto,1
homosexual,1
escuche,1
bien,1
rinc√≥n,1
esquerda‚Äù,1
esculachou,1
#cabodaciolo,1
ajude,1
pa√≠s..,1
mis√©ria,1
comunismo..,1
justo,1
pegar,1
piadinhas,1
vida???,1
turno???,1
batalha,1
antiga,1
cr√°pulas,1
defeitos,1
jeito.,1
#votemeirelles15,1
come√ßo,1
pilha,1
idolatrar,1
sensatas,1
resolveu,1
ibope,1
maluco,1
nascendo,1
pelea,1
mujer,1
organizan,1
salen,1
desidentes,1
expresaron,1
repudio,1
justifica,1
identifique,1
posicionamento,1
xen√≥fobo,1
inconsist√™ncias,1
exemplo,1
#jairmessiasbolsonaro,3
#flaviobolsonaro,3
#eduardobolsonaro,3
#bolsonaropara,3
#bolsonarobrasil,3
#bolsonarofamilia,3
#bolsonaroconservador,3
#brazil,3
#2018,3
#eleicoes,3
#patriota,3
#direita,3
#familia,3
#capanema,3
ungido,1
esp√≠rito,1
expulsa,1
sinto,1
qnd,2
nn,1
desgosto,1
voltam,1
imediatamente,1
20,1
rn,1
numero,1
concorrendo,1
apela√ß√£o?,1
confraria,1
.40,1
bandeir√£o,1
stand,1
up,1
ladies,1
proud,1
you,1
#nothim,1
aconselho,1
edi√ß√µes,1
imparciais,1
quilombolas,1
avaliar,1
ajuda,1
sustentarem,1
_bento30,1
oxi,1
sbt,1
vera,1
escreveu,1
meia,1
d√∫zia,1
fingir,1
isen√ß√£o,1
(como,1
percebesse...),1
saud√°vel,1
apresenta,1
conversa,1
desenrola,1
apaga,1
√©?,1
credo,1
tantas,1
menosprezando,1
gravou,1
julgam,1
perdida,1
ouvi,1
s√°bia,1
campon√™s,1
momentos,1
ciro/marina,1
trocando,1
ofensas...,1
_damassa,1
zap,1
manda,1
brigam,1
esperava),1
perguntam,1
chamamos,1
mito:,1
-que,1
ir?,1
c√¢maras,1
aprovados.,1
usam,1
acordo,1
ideias..",1
aprovados,1
reservei,1
direito.,1
imagen,1
manifestaci√≥n,1
brasile√±a,1
violo,1
"mereces""",1
dijo,1
diputada,1
trabajadores,1
acham,1
bolsonaro???,1
orando,1
deus!!,1
exist√™ncia,1
oravam,1
forma!!,1
odiar,1
quiserem,1
informar,1
acusa√ß√µes,1
levianas!!!,1
"canalha,1
refere,1
bolsonado,1
contigo,1
boas,1
‚Äúbolsonaro,1
elei√ß√µes‚Äù,1
ja√≠r,1
btg/fsb,6
(01/10,6
anterior,6
(24/09):,6
(-2),6
24,6
(+1),6
(+3),6
(-1),18
(+2),6
(=),6
elites,2
m√¥nica,2
desfaz,1
amizade,1
fa√ßo,1
√∫ltimos,1
interagem,1
leu,1
veras,1
preconceito,1
nocivo,1
liberal,1
conservadorismo,1
secular,1
lutou,1
ditaduras,1
socialista,1
redor,1
vertente,1
respeitada.,1
lotada!,1
1.500.000,1
pessoas!,1
aposto,1
filmei,1
gritei,1
gritou:,1
!..,1
vejaremos,1
rola,1
full,1
pistola,1
rir.,1
_edu,1
substituir,1
super,1
pop,1
kkkkkkkkkkkkk,1
exigir,1
gente‚Ä¶,1
lun√°tico,1
tona,1
terminado,1
kalil,1
constrangendo,1
mo√ßa,1
,vcs,1
mesmo?,1
bh,1
esta√ß√£o,1
viaduto,1
santa,1
teresa,1
tanta,1
cristo,5
vencida,3
enganou,3
porcentagem,3
menor,1
deus.,1
3:47,o,1
2:20...,1
divulgar,1
fraudar,1
urnas???!?üáßüá∑üáßüá∑üáßüá∑üáßüá∑üáß,1
repararam,1
faladas,1
deux,1
??,1
candidate,1
bolsonaro's,1
controversial,1
quotes,1
adorando,1
galeria,1
cheia,1
camiseta,1
mores,1
plena,1
_malinski,1
coragem.,1
e..,1
foge,1
luta",1
despertou,1
visto,1
veste,1
melhor.,1
patrim√¥nio,1
furtou,1
cofre,1
agressivo,1
evolu√≠do,1
perdoou,1
cartucho,1
queim√°-lo.,1
estagnado,1
natural,1
ter√ßo,1
diminui,1
crescimento,1
d√≠gitos,1
modestamente,1
margem,1
mingua.,1
casimiro,1
abreu-rj,1
cidadezinha,1
paramos,1
br,1
101,1
passavam,1
filmaram,1
buzinaram,1
aplaudiram,1
louvor,1
dava,1
humilhada,1
acostumando,1
safadeza,1
desgoverno,1
acabando,1
soco,1
est√¥mago,1
isso...,1
17+20=rj,1
bolsonaro...,1
cr√≠tica,1
50,1
(+ou,1
18mil,1
hab.,1
cerejeiras,1
rond√¥nia,1
#euvimdegraca,1
{maior,1
"helen√£o,1
a√≠},1
_jrpg,1
g√™neros,1
interpretar,1
esclarecer,1
tudo!,1
mortra,1
internado,1
visitas,1
cantor,1
pelado,1
ator,1
porn√¥,1
vereza,1
ateu.,1
recolocou,1
oportunismo,1
bigamia,1
fam√≠lia?,1
reflitam,1
#ovotonarecord#cironarecord,1
capacite,1
derrame,1
permita,1
alckim,1
#vibedaciolo,1
multiplica√ß√£o,1
#primeiroturno,1
#vamosquevamos,1
vemos,1
candidatos?,1
deviamos,1
comecsr,1
aguentar,1
seco,1
merece.,1
picol,1
hein?,1
outrosvoc√™s",1
jogando,1
v√¥lei,1
"bolsonaro""..",1
l√∫cido,1
debate.....falou,1
"cara......""voces",1
vo,1
best,1
friends,1
41,7%
6,7%
1,5%
hospital
bolsonaro