vi,72
gente,61
camisa,30
marina,1612
bandeira,32
ciro,377
adesivo,30
pt,232
panfleto,30
partidos,32
esquerda,47
aposto,30
eleitores,49
alckmin,219
idosos,30
jovens,32
crianças,30
sobretudo,30
mulheres,39
partidário,31
civilizatório.,30
últimas,54
bolsonaro,432
lidera,53
31,59
amoêdo,178
ultrapassa,54
nova,64
pesquisa,141
fsb/btg,55
"bolsonaro,179
fugiu,180
debate,481
pq,204
medo,272
perder,265
falou,196
"cristã,179
silva,362
viu,180
humano,263
esfaqueado,179
30,190
pontos,181
alto,181
barriga,179
usa,180
ausência,179
compreensível,179
argumento,180
fulana,179
evangélica,181
et,184
voc,137
deixar,62
gostar,123
pode,151
at,175
militar,129
ele..,62
maluco,60
votar,96
nesses,61
candidatos,111
nesta,63
eleição.,69
est,98
jogo,60
colocar,64
presidência,70
gosta.,60
lúcida,1
migo,2
estar,12
chapa,11
lo,42
bueno,2
ya,12
acabe,2
el,125
verano,1
es,58
vais,1
tocar,1
más,42
los,82
cojones,1
diciéndome,1
blanco,2
estoy,3
pactual,14
acaba,13
sair,15
forno:,11
caiu,26
2%.,11
haddad,192
subiu,22
1%.,11
3%,12
desidratando,11
1%,12
surpreende,11
alcança,11
5%,42
superando,11
meirelles,112
alvaro,19
dias,75
ranking,3
fãs,12
ganhos,3
redes,14
sociais,10
#debatenarecord,92
ganhou,29
8.412,3
daciolo,65
2.564,3
1.638,3
1.063,3
boulos,62
807,3
álvaro,79
279,3
106,3
74,3
perdeu,10
374.,3
please,78
urgently,76
need,78
ur,76
help,80
went,76
an,156
assessment,76
uba,152
yesterday,79
omw,76
back,80
somewhere,76
btw,77
and,188
obalende,76
lost,77
envelope,76
containing,76
my,101
original,77
certificates(nysc,waec,bsc,transcript,notification,76
of,135
result,birth,76
certificate,76
your,91
rt,82
goes,78
long,77
way.,76
in,76
un,102
paese,14
normale,14
#casalino,14
starebbe,14
ancora,14
buona,18
domenica,14
abiti,14
bondage,14
farsi,14
inseguire,14
tina,14
cipollari,14
litigare,14
con,113
ripa,14
di,33
meana.,14
invece,14
si,35
lamenta,14
del,66
ferragosto,14
saltato,14
#senzaverogna,14
#ferragosto,14
partner,2
tied,1
the,143
knot,1
we,16
met,1
radio,2
studio.,1
so,24
cake,2
was,23
complete,1
with,33
sound,3
device,1
which,3
played,1
some,7
our,18
favourite,1
songs,1
xxxx,1
marthaförbundets,1
ekonomirådgivare,1
nygård,1
skriver,1
senaste,1
numret,1
av,2
affärsmagasinet,1
forum,1
"jag,1
tar,1
inte,1
ställning,1
till,1
om,1
pengar,1
ger,2
lycka,1
men,1
varje,1
fall,3
en,208
viss,1
frihet.,1
виде,3
"эпична,1
битв,1
забавны,1
фейл,1
cs:go,1
мини-игры,1
(,7
на,3
_bernstei,3
sorry,2
sure,5
i've,2
left,5
you,63
on,54
follow,4
but,12
now,7
removed,1
crypto,1
if,9
ever,3
feel,1
like,19
learning,1
about,9
it,15
drop,1
line,1
i'll,1
explain,1
ok,6
:),5
@_mandabarcelos,1
fudendo,1
dream,3
team,3
eduardo,11
jorge,12
contra,35
mochila,1
criança,2
manu,1
caralho,2
jamais,2
expressou,1
bem,14
tampouco,1
saiu,2
menor,2
eleição,10
prova,22
discurso,7
importa,2
menos,13
lugar,6
político,5
consegue,3
encaixar,1
percepção,1
eleitor,3
ficou,1
limbo,1
cá,1
encolheu.,1
nasceu,67
contexto,67
ditadura,69
formado,68
operários,67
sindicalistas,67
camponeses,67
intelectuais,67
artistas,68
religiosos,67
etc,73
colocá-lo,67
partido,73
autoritário,68
jeito,68
fazem,82
canalhice,67
gigantesca.,66
j'aime,1
une,3
vidéo,1
"l'amour,1
(de,4
soi,1
fête,1
la,226
drôle,1
d’humeur,1
rollman,1
l'adresse,1
なつはさんも推しがいるのか...幸せになって,1
ideia,29
brilhante,3
criar,9
renda,5
jovem,9
aperfeiçoamento,3
bolsa-família.,3
maravilhosa,5
tanto,16
antes...,3
#ovotonarecord,29
___music,1
確かに歌詞も面白いですよね！！,1
quién,5
ha,16
vivido,4
una,46
noche,9
falla,4
churros,4
al,32
amanecer.,4
copla,4
amigos.,4
tango,4
plaza.,4
eterna,4
callejeras.,4
encontrarte,5
unos,4
ojos,4
pasodoble,4
medio,14
sabe,12
tres,4
cosas,9
hay,8
vida,20
salud,5
febrero,4
amor.,4
giostre,2
vasto,3
nonostante,2
le,14
polemiche,2
grande,17
affluenza,2
dei,2
giovanissimi,2
nota,1
nada,138
jajaja,3
problema,2
oratória,1
vários,3
acontece,3
real,11
outros,13
interlocutores,1
começam,1
falar,19
cinco,2
segundos,1
tou,2
pensando,1
conta,4
luz,3
preciso,4
fechar,1
janelas,1
impossível,1
prestar,1
atenção.,1
coron,3
maconheiro,1
parece,5
papagaio,1
palavra,7
fascista..,1
mínima,1
chance,8
próprio,4
cear,1
ganha,8
ta,8
ganhando,4
aqui,19
todos,27
nesse,5
voto,27
indo,12
amoedo,38
etc...,1
_marina,37
最高だで…,1
_espasa,1
t'encantarà!!!!,1
mulher,270
envergonha,83
disse,98
.sou,83
talvez,87
mesma,88
cultura,84
pra,193
mim,91
partir,87
ontem,101
todo,118
respeito,89
acabou,84
,s,83
verme,um,83
.,97
_mazzi,1
tb,4
amo,11
vcc,1
btg/fsb,5
divulgada,5
hoje,15
(01/10,5
comparação,6
anterior,5
(24/09):,5
(-2),6
24,8
(+1),6
11,10
(+3),6
9,11
(-1),18
5,28
(+2),5
4,20
2,84
(=),6
кажется,1
подрубат,1
"та,1
гд,2
нет,1
был,3
жестоко,1
ошибкой...,1
_reck,1
_zanfolin,1
venceriam,1
segundo,16
turno,29
vencem,1
porque,55
votos,23
primeiro,18
rejeição.,1
oposto,1
craig,1
david,2
stefflon,1
don,2
diamonds,8
star,1
new,20
clean,1
bandit,1
album,5
deus,6
lembra,1
brava,1
haushaus,1
ver,18
ficando,1
cada,27
vez,31
gelado,1
echado,1
mucho,1
eleicao,2
nao,10
depende,4
milagre,2
caindo,5
boa,50
parte,16
mudar,7
assim,9
meirelles.,2
embuste,2
minguando,2
pessoa,15
situação,8
perdoa,7
terem,7
enganado,14
aécio,11
acha,15
cunha,7
cabral,7
newton,7
cardoso,7
sarney,7
maluf,7
crivela,7
temer,8
aliado,7
calheiros.,7
além,8
chegado,1
estimulada,2
trouxe,1
dado,3
legal,4
8,7
público,4
16,4
anos,8
bom,24
apoio,2
toda,10
esperança,4
futuro,13
país.,1
dia,17
7,6
vote,23
novo,31
amoêdo.,1
ótimo,4
fazendo,9
dobradinha,3
anti,14
bolsonaro.,3
pega,7
mundo,32
vamos,32
fazer,18
governo,21
junto,6
põe,3
ministério,3
revezam,3
mês,6
pessoal,11
melhores,33
もう少しだけでいいから、,1
自分がこうだったら良かった,1
って思うときがある。,1
#centiel,2
is,54
to,98
exhibit,2
its,3
pioneering,2
4th,2
generation,2
#modular,2
#ups,2
system,2
#dcwsg18,2
first,12
time,11
this,20
year,6
booth,3
b60,2
exhibition,6
held,4
between,2
10–11,2
october,3
2018,10
bay,10
sands,4
expo,2
convention,2
centre,2
#singapore,4
aham,1
nessa,10
sol,4
fim,3
foro,1
privilegiado,1
restruturação,1
sus,2
criação,2
milhoes,1
vagas,2
creches,1
compromisso,1
assinado,2
unicef,1
educação,1
termo,1
medidas,1
corrupção,10
fez,13
18,8
#elasim,7
btg:,28
jair,29
(psl),27
31%,28
fernando,29
(pt),28
24%,28
geraldo,35
(psdb),28
11%,28
gomes,51
(pdt),28
9%,28
joão,45
(novo),27
(rede),27
4%,29
henrique,27
(mdb),27
2%,28
(podemos),27
obrigado,31
falado,24
amoēdo,1
ênfase,1
fato,9
haver,1
aes,1
pessoas,32
devem,3
usar,2
acreditam,1
deixem,2
pensar,4
útil,5
necessário,1
apenas,8
turno!,3
precisamos,1
dessacralizar,1
útil!!,1
ataca,2
dizer,38
verdade,15
atacar,3
permaneça,1
precisa,9
abrir,1
olho,1
agiu,1
vingança,1
longe,1
disso,5
olha,5
aprontou,1
cima,13
confirmar,1
história,4
piora,1
ainda.,1
buenos,2
días,3
mejor,12
buen,7
inicio,2
semana,44
sea,3
super,6
especial,3
mucha,2
buena,4
vibra..,1
saludos..,1
mireya,7
diciendo,6
lleva,6
raoul,19
luego,9
también,8
miriam,7
ja,13
amooo,6
contado,6
conoci,6
cambiándose,6
pantalones,6
casting,6
quería,6
entrar,15
teléfono,6
pero,31
ensayando,8
teatro,7
lara,6
ficar,16
atrás,3
nessas,1
eleições,23
liberal,1
deu,5
fascismo,4
engolindo!,1
vcs,16
passam,3
desonestos,1
dirceu,2
genoino,1
lula,23
presos,2
domínio,1
usado,1
extremista,1
cago,1
las,28
series,1
dan,7
ni,7
respiro,1
interesante,1
cosa.,1
ultima,2
mitomanos,2
amigos,5
votam,3
evangélico,2
desinformado,2
missão,2
conquistá-lo,2
estabeleça,2
venceremos,2
#bolsonaronoprimeiroturno,3
#brasilcombolsonaro,3
#direitaseguedireita,2
excellent,1
week,8
dear,2
friend,4
all■,1
_aurora,1
cuándo,2
escuchéis,2
algún,3
paleto,2
decir,3
"marina,6
castellana",2
unas,6
puntualizaciones:,2
vascos,2
cántabros,2
asturianos,2
gallegos,2
-con,2
mar,7
formaban,2
castilla.,2
bazán,2
naci,2
granada,2
capitán,2
océana,2
marqués,2
viso,2
-ciudad,2
real-.,2
quase,9
passou,7
liso,5
alfinetadas,5
ali,8
alvo,9
preferencial,5
presentes,7
afiado,5
perdidos,5
escanteado,5
modo,19
ursal,5
levou,5
dura,5
bloco,16
pessima,1
vice,6
bom",1
#repost,1
_bravo,1
get_repost,1
・・・,1
seguimos,1
emocionados,1
contentos,1
esperamos,3
jueves,3
11/10,1
pm,2
ciudad,1
miami,1
pacijent,1
oboli,1
od,2
raka,1
zračenja,1
kemo,1
kurci,1
palci,1
umre,1
35-40kg,1
tjelesne,1
težine,1
ne,6
može,1
više,1
gutati.da,1
li,2
je,12
po,2
vašem,1
mišljenju,1
umro,1
primarno,1
neposredno,1
materia,1
prima,1
alta,8
presente,4
festival,2
gastronómico,1
d*na,1
friday,4
close,2
matt,2
elle,3
passed,2
away,4
her,17
name,4
maria,6
morozova,2
she,11
known,3
instagram,4
such,4
beautiful,17
woman,2
struck,2
by,12
car,4
monday,5
24th,2
succumbed,2
injuries,2
rest,3
angels,2
hemos,7
compartido,7
rico,9
almuerzo,7
comida,7
equipo,7
acompaña,7
periodistas,7
bolivianos,7
trasladaron,7
hasta,16
#lahaya,8
cobertura,7
día,17
histórico,7
#bolivia,7
quadro,3
definido,3
poste,19
definir,9
sujeira,3
grudada,3
lama,4
esgoto,3
chão,3
santa,5
pau,3
oco,3
tartaruga,4
fiação,3
podre,4
poste.,3
ámbito,1
mismo,10
país,17
sin,7
salida,3
puede,6
contar,1
guerra,13
conflicto,1
bélico,1
embargo,1
algunos,1
países,2
han,4
ingeniado,1
tener,6
su,20
propia,1
armada,6
faz,11
papel,1
antipetista,2
tentar,1
ganhar,11
petistas,1
usam,3
estratégias,2
suicidas,1
vendo,3
debandada,1
bonossauro,10
reta,1
final...nego,1
votando,3
alckmim,1
ciro...,1
interessante,4
..haddad,1
chegar,2
vao,2
tudo,24
12%,2
相互りんくありがとうです！こちらからも相互りんくさせていただきましたヾ('ω'*)ﾉ,1
retweet,3
want,3
congress,1
subpoena,1
gross,1
(far,1
left),1
interpreter,1
trump-putin,1
meeting,1
helsinki,1
only,4
witness,1
"very,1
important,2
agreements,2
trump,2
made,1
america's,1
enemy—which,1
refuses,1
reveal,1
even,4
white,3
house,1
staff,1
fraude,2
urnas;,1
válidos:,1
59,1
61,1
18%,1
6,7
amôedo,1
3,28
%,1
nulo,2
1,36
importante,6
sp,1
votem,1
número,13
completo,2
candidato.,2
bancada,1
câmaras,1
_t,3
ti,5
stvsrno,1
živi,1
pod,1
idelističkum,1
zvonom,1
ispod,1
kojeg,1
prolazi,1
nijedna,1
afera,1
simbioza,1
liječnika,1
farmacije,1
kao,1
religija.,1
all,26
media,29
good,23
enquanto,17
descansa,13
recupera,13
assumir,15
condições,13
demais,32
campanha,27
criticado,13
melhor,55
cartão,13
visita,14
alguém,23
ai,8
mentindo,8
descaradamente,8
difamando,8
grandes,23
canalhas,9
vão,15
vala,8
política,23
após,14
parabéns,2
candidato,12
cabo,26
pois,5
íntegro,1
sincero,1
colocações,1
desmascarou,1
hadad,1
alkimim,1
meireles,20
responsáveis,24
desgoverno,1
brasil,33
encontra,1
mdb,12
psdb,16
rede,16
junta,2
propósito,2
acabar,6
brasil.,3
_melo,1
vc,36
vota,30
agora.,2
dilma,8
fraudou,2
2014,19
concordou,1
dizendo,16
"assino,1
embaixo",1
viu..........,,,,,,,,,,,,,,,,,,1
vivo,5
batendo,2
tecla,1
¿¿sabéis,1
estaremos,1
julio,1
2019?,1
volvemos,1
90shomenajealaruta,1
mejores,1
dj's,1
90s,1
nuevo,4
espectáculo,1
piromusical,1
primeras,1
300,1
entradas..,1
buon,3
mini,7
ferragosto!!,1
cecina,2
toscana,1
italy,1
mentira,24
apunhalado,1
congresso,1
atual,1
alinhando,1
direita,14
mujer,1
feminista,3
tienen,4
caer,1
bien,22
todas,14
mujeres,2
pueden,4
caerles,1
mal,3
algunas,1
incluso,2
muchas,4
criticarlas,1
son,3
humanas,1
necesitan,1
deshogarse,1
diferencia,1
tipo,4
insulto,1
utilicen.,1
levanto,1
homens,2
superiores,1
iguais,1
nele,3
agora,15
deixada,1
lado,8
incoerência,1
falam,1
machismo,2
machista.,1
_x,1
ヱリちゃん*爽健美茶さん、おはよう！,1
ninguém,33
quero,16
kim,5
namjoon,5
presidente,23
naiiyak,13
ako,16
sa,20
compliments,13
coming,15
from.a,13
great,21
model,13
maam,13
benipayo,13
#maywardxpldthome,13
labor,3
nuestros,8
aviones,1
fundamental,1
localización,1
náufragos,1
pateras,1
sasemar,1
101,1
inmediaciones,1
isla,1
alborán,1
imágenes,1
ayer,1
disponen,1
avanzados,1
equipos,1
búsquedas,1
lucha,1
contaminación,1
puedo,5
ganas,1
(digo,1
dé),1
mala,1
cojones.,1
petista,7
clorofila,1
marcou,1
férias?,1
_ngt48n,9
そうですね！次に向けて心の準備を整えておきましょう！,1
indique,1
representa,2
verdadeiro,3
centrao.,1
psicologo,2
fav,3
diamandis??,2
terapia,2
mto,4
caro,2
agr,2
graça,2
escolha,2
llega,1
octubre,2
eso,9
significa,2
disney,1
va,5
hacer,5
especiales,2
peliculazas,1
coraline,1
brujillizas,1
abracadabra,1
halloween,1
town,2
soy,5
feliz,20
proposta,36
"renda,11
jovem",11
sensacional,10
extensão,10
bolsa,20
família,15
entrega,12
1.200,10
reais,10
poupança,12
ano,12
ensino,14
médio,14
completado.,10
independente,10
deveria,14
absorvida,10
factível,10
aa,1
sad,1
puno,1
jasnije,1
tvoje,1
frenetično,1
zalaganje,1
:,7
hvala,1
objašnjenju,1
sve,1
jasno,1
desafío,2
liderazgo,2
fuerte,3
rudo,2
amable,2
débil,2
atrevido,2
abusivo,2
considerado,2
flojo,2
humilde,2
tímido,2
orgulloso,2
arrogante,2
humor,2
infantería,3
mx!,2
#lamarinacercadeti,2
viva,19
brasileiro,22
desiste,21
fácil,21
sonhos,20
militância,12
precisam,11
tomar,33
cuidado,11
dizem,11
centro,21
alckimin,22
desesperados,12
perdendo,12
nunca,38
presidência.,11
rua,13
rua..,11
cria,11
golpe,12
portanto,11
marina....,11
esbravejando,11
radicalismo,11
exatamente,13
tragédia.,11
hoy,6
profesionales,2
destacamos,2
nuestra,19
fonoaudióloga,2
dra,2
bermúdez,2
gran,5
trabajo,3
niños,3
niñas,2
adolescentes,2
trastornos,2
desarrollo,3
lenguaje,2
¡gracias,2
#somosunhospitalespecializado,2
deito,1
sabendo,1
vencer,2
lixo,3
it's,4
#marinamonday,1
y'all,1
matter,2
role,2
she's,2
playing,4
or,6
just,7
being,7
herself,1
_sirtis,3
gives,1
heart,5
soul,1
into,1
every,3
aspect,1
life,9
from,17
work,4
ethic,1
friendships,1
family,4
interaction,1
w,2
fans,1
comes,1
sailtime,2
seattle,2
offers,3
affordable,2
membership,2
sailing,2
shilshole,2
(seattle,2
cap,2
sante,2
(anacortes),2
_baines,2
_d01,2
gracias,23
empujón,2
..para,2
terminar..el,2
año..bien,2
arriba,2
sempre,8
admirei,1
daquele,1
lance,1
receber,1
delegado,1
bala,1
sequestrar,1
passei,1
achar,2
votaria,2
tranquilo,5
0,4
chances,3
deturpe,22
regulamentação,22
mídia,30
quer,89
controlar,23
ampliar,26
pluralidade,22
opinião,24
poupe,22
i’m,7
excited,2
_624,1
好きだよ(ごまかし),1
desperta,1
oferece,1
soluções,1
tirar,4
polarização,5
#marinasilva18,1
passaram,2
tempo,12
atacando,2
estando,2
ausente,2
covarde,3
ido,2
aff!,2
teoria,1
rejeição,16
curioso,1
fsb,11
diferente,2
ibope,2
datafolha,2
acrescento,1
dacciolo,1
farinha,1
saco.,1
see,7
one,8
more,13
r34,1
splatoon,1
cancelled,1
participação,2
seguido,1
comédia,1
distribuição,1
sopapos,1
apagado,1
perdedor,1
haddad.,1
qualquer,6
pesquisas,3
dois,6
extremos,2
leva,2
escrachado,1
picol,1
chuchu,23
sonho)..,1
rezando,1
algum,3
contrário,1
fizemos,1
pressão,2
popular,3
emissoras,1
convidassem,1
entendemos,1
lei,1
seguí-la,1
devemos,2
certo,8
presença,2
conseguimos,1
última,11
passar,1
votos.,1
enfim,2
semana!,1
hey,1
sotelo,1
thanks,5
follow!,1
juntos,4
pro,19
dadade,2
sabem,6
psl,1
#somosbolsonaro17,3
#somostodosbolsonaro17,1
今の方がいいよ？？,1
lindo,4
depoimento,6
filhas,6
emocionante,6
per,6
moltes,2
lluites,1
compartides,1
amor,16
insistia,2
mim,igual,2
insiste,3
まさにこれ、高校3年間で何百回と思った。友達は好きなのに、この儀式みたいな授業の時間が本当にいやで最後は学校行かなくなったなぁ…,1
年老いた先生ほど、神みたいな先生と完全に諦めた先生とではっきり分かれていたのも、すごく納得しました,1
falando,6
glr,1
formando,1
colégio,1
gastando,1
festa,1
droga.,1
_pyhlt,1
wishing,3
fabulous,2
day,11
much,7
happiness,1
love,15
lovely,2
hugs,1
"se,10
desistiu,8
desistir,9
dar,16
certo???",8
bolivia,2
dispuesta,1
recuperar,1
costas,1
...,3
марин,2
хлебников,2
обнаружил,1
своег,1
первог,2
муж,2
мертвым,1
ведетс,1
следствие,1
kolko,1
godina,1
113?,1
jajajaja,1
italiano,1
cantina,1
gogo,1
cambio,1
fuera,1
óbvio,1
ganha..,1
também..,2
captar,1
bl,176
blá,88
digo,23
merenda!!!!,22
glórias,22
deux!,22
everything,1
you’re,3
stressing,1
won’t,1
mean,1
thing,1
be,26
thankful,1
smile,1
spend,1
don’t,3
stress,1
small,3
things,2
let,3
anyone,3
anything,1
take,10
happiness.,1
60.000,1
mortes,1
fala,11
fraternidade,1
somente,7
direitos,2
“bolsa,1
milhōes,1
brasileiros,1
spc,1
caneta...,1
esto,2
haría,1
986252748261517383,1
veces,2
recibir,3
móvil,1
tao,5
entregando,3
presidencia,3
bozo,12
alem,3
eleger,10
abraçando,3
única,3
opção,10
desenhar,3
bonitas,3
entenderam?,3
certainly,1
dale,1
saw,1
onenightofqueen,1
last,4
when,9
they,8
were,6
theatre,2
lowestoft,1
had,6
night.this,1
mum,1
along,3
will,19
seeing,2
guys,4
should,7
show,4
oneday,1
"eu,10
ouvi,7
conhecido,7
antes,10
fascinado,6
estranha,8
fisionomia,6
feminina,6
candidata,13
ブロック塀倒れ、乗客線路歩く「考え甘かった,1
読売新聞,1
＞横浜市鶴見区の大黒ふ頭沖合で錨いかりを下ろして停泊中だった貨物船「ｍａｒｉｎａ」（１９２０トン、乗組員１２人、ベリーズ船籍）の乗組員から１日午前１時４５分頃、「強風で流され、護岸に接触しそうだ」と,1
[alerta,1
fanfic]:,1
cirina,1
conhecem,2
muitos,3
tornou,1
¿con,1
qu,6
derecho,2
estás,4
señoras,1
apropian,1
historia,5
patrimonio,1
vandálizan?,1
¿qu,1
aporta,1
causa,1
argumentos,2
suma,1
poner,1
carteles,1
alrededor,1
cruz,2
eleitorado,2
superou,2
4%.,2
porém,4
outro,12
aparece,12
novos,2
24..,2
eleitoral,12
saiba,9
sim,19
filhote,9
muita,25
moral,9
currículo,10
declaração,9
igual,21
pablo,10
vittar,9
engravidou,9
sofreu,9
aborto,19
centralizar,1
seguidamente,1
injustamente,1
espancada,1
desde,7
2010,3
gibi,1
desafiando,4
(ciro,4
sonda,4
pros,4
debates,9
amarela,4
tomorrow,2
ever-brilliant,1
joining,1
us,9
live,6
recording,1
discussing,1
their,4
book,1
#thecolouroftime,2
part,7
pop-up,1
shop's,1
range,3
activity,2
tickets,1
petismo,1
princípios,1
cristãos,1
kkkkk,8
organiza,2
evento,2
valer,1
haha,4
photo,3
#spaces,1
"heal's,1
store!!,1
shared,1
marina's,2
make-up,1
artist,2
through,3
electra,3
too,7
powerful,1
||,1
marte,1
entendeu,2
intuito,1
dessa,6
acc,1
continue,1
ligado,1
irei,1
explicar.,1
eleanor,1
felicia,1
hollow,1
personificação,1
e.h.),1
tal,3
personagem,1
inspirado,1
diamandis,1
conhecida,1
diamonds.,1
colhão,1
cargo,3
fiquei,2
afirmação,1
peito,2
útero,1
vulva,1
#elenão,7
#elenunca,2
avisada,1
confirmada,1
chau,1
veo,1
#sunrise,1
deck,1
morning...not,1
bad,1
way,1
start,4
#boatlife,2
does,1
have,12
nice,3
features,1
:)...but,1
tommorow,1
sounds,2
#rain,1
emeryville,1
frustrada,1
podemos,1
arranjar,1
ostra,1
ela.,1
pones,1
revés,1
dice,7
"alistate,1
marina",1
mil,5
pouco,10
terminar,3
imagina,4
trago,2
_flavinha_a,1
coragem,4
perder..,1
atacam,1
mostrar,1
“live,1
unlimited,1
diffusion,1
#drummer,1
#drumsolo,1
#aldious,1
#アルディア,1
#femaledrummer,1
#concert,1
#tour,1
#drums,1
#dvd,1
tras,1
duro,1
duelo,1
tenemos,2
ganador,1
arco,2
largo,2
#onepiece,1
es..,1
marineford,1
uno,4
arcos,1
épicos,1
anime,1
trágicas,1
muertes,1
personajes,1
importantes,10
muestra,1
verdadero,2
poder,4
valentía,1
luffy..,1
inolvidable,1
εγκαταλείφθηκ,1
στ,3
μήλο,1
είνα,1
φοβερ,1
ήσυχο,1
κα,2
χαδιάρης,1
φιλικό,1
μ,2
ανθρώπου,1
ζώα,1
πάμ,1
ν,4
το,2
βρούμ,1
έν,2
σπίτι,1
προ,1
τ,2
παρό,1
ζε,1
λιμάν,1
όπο,1
φροντίζουν,1
αλλ,1
σεζό,1
τελειώνει.,1
αναλαμβάν,1
μεταφορ,1
μέχρ,1
τη,1
αθήνα,1
adoro,3
山に行けないなら、秋の乗り放題パスで鉄道の旅に行こうかと思って色々調べてたけど、やっぱり天気が良いときに行きたいと思ったら、ここではがっつり観光したいとか思うとなかなか難しい。。,1
haddad:"criamos,4
casa,17
uni,4
fies,8
fiador,4
família...,4
investir,6
programas,7
podem,4
entender,4
gente!,4
anti-patria,4
ffaa,4
1891,4
alinearon,4
capitales,4
ingleses,4
balmaceda,4
1973,4
estuvieron,4
cabeza,4
conspiración,4
coordinación,4
eeuu,4
ahora,8
convierten,4
guardia,12
privada,4
empresas,4
están,7
envenenando,4
chilenos...,4
_mee_sen_mee,3
えっ頑張ったから嬉しい,1
›ω,1
ु♡,1
pt???????,1
bolivianosss,10
bolivianasss...,10
n´este,10
ato,11
muy,18
solegne...los,10
invito,10
seguirrrr,10
veraneandu,10
montañaaaaa...,10
pondr,10
cadena,10
heladerías...para,10
aprovechar,10
losss,10
uniformesssss,10
hassta,10
vitorias,10
siempres,10
cuatro,2
lugares,11
mágicos,2
donde,13
deja,2
doler,2
durante,3
rato:,2
ducha.,2
videojuegos.,2
dormir.,2
abrazo.,2
famoso,2
"completar,2
",2
miki,n’alba,1
joan,2
xerren,1
d’en,1
miquel,1
montoro,1
jaajjajajaajaj,1
bo!,1
#otdirecto01oct,1
cara,12
inevitavelmente,3
triunfar,3
nação,3
entendermos,3
gigante,3
potencial,5
natural,4
nascer,3
natureza,3
generosa,3
acredito,7
existir,4
generosos,3
1⃣8⃣,4
tiro,2
pé,1
diferença,13
final,6
pesar,2
saturada,1
ponderada.,1
caminham,3
distribuindo,3
porrada,4
nome,11
conciliação,9
pátrios.,3
“profissionais,3
violência”,3
gosta,3
mourão,3
agradecem.,3
(kiko,3
nogueira,3
dcm),3
#ptnão,1
#ptnuncamais,1
_ramos,1
_pul,1
lembram,2
"caso,2
joyce,3
internet,2
criou,2
teorias,2
agia,2
videos,5
principalmente,3
diziam,4
viam,2
reflexo,2
olhos,3
obrigar,2
ia,8
tava,4
chileee,2
ksj,2
fbi,2
agent,2
jumped,3
out,6
"nesse,2
toca,2
bola,4
corta,2
bolsonaro".,2
troca,2
passes,2
alckmin.,2
"pt,6
cabos,6
eleitorais,6
outro.",5
bonito!,5
【この優しい世界のなか】成長してる時,2
気づかないモノかもね,2
心にそっと焼きつけて,2
大切にしまった,2
さあ顔をあげて,2
morning,5
mccarthy's,2
captiva,2
cruises!,2
239-472-5300,2
#captivacruises,2
#mccarthysmarina,2
#captiva,2
#captivaisland,2
#sanibel,2
#sanibelisland,2
#swfl,2
へっ!?ありがとう(*´ω｀*,2
#peing,2
#質問,2
prática,1
(disse,1
abertamente,1
2014),1
holiday,2
negro,3
cotas,1
contraditório,1
observarmos,1
acabamos,1
naquela,1
provocação,1
gentili.,1
¡buenos,1
días!,1
buscamos,1
resto,1
triunfitos:,1
-mimi,1
-alfred,1
-ricky,1
-roi,1
-juan,1
antonio,3
cepeda,2
-thalia,1
marilia,1
-marina,2
dave,1
-carlos,1
right,3
-famous,1
damion,1
-maria,1
marta,3
いちさんはみんなの人気者だなぁ！！！！ニヤニヤ！！！！,1
malenfocada,1
piensas,1
nash,1
cuando,15
tocan,1
prats,1
cabros,1
mataron,1
canción,1
súper,1
clara,1
valientes,1
soldados,1
aplicar,1
golpistas.,1
confundida,1
gastar,1
pesos,2
compre,1
mc,1
despues,1
coma,2
algo,16
sano,1
quedamos,1
winter,2
beach,3
island,1
amazing!!,1
many,8
folks,1
may,1
not,7
realize,1
luxury,2
cabins,1
available,4
seasonal,1
rates,1
call,1
office,1
at..,1
_es,2
pues,1
espero,4
arreglen,1
pronto,1
yo,5
he,12
terminado,2
misiones,1
jugar,1
_avidago,1
kkkkkkkkkkkk,1
trocadilhos,1
mt,12
bons,1
hahahaha,2
sendo,3
tendência,1
neste,2
exato,4
momento,5
percebe,1
palanque,1
rousseff,1
jos,2
lindenberg,1
gleisi,1
stedile,1
fhc,1
personalidades,1
internacionais,2
maduro,1
evo,1
morales.,1
levantamento,1
instituto,1
data,1
papito,1
livrocara,1
(facebook,1
curtiram,1
candidatos:,7
94,1
58,1
35,1
27,1
13,3
jones,3
10,10
nada.,1
parecendo,1
água,3
fundo,2
poço,1
seca,1
sobra,3
furacão,1
rolo,1
compressor,1
vindo,2
aí!,1
derrota,1
esmagadora.,1
muda,2
verdade!,1
#bolsonaropresidente,2
olhar,2
19/09,1
aparecia,1
37%,1
17%,2
primeira,12
apareceu,1
frente,17
03/10,1
faltando,1
cair,1
decidido,1
esperança.,1
vídeo,21
acho,24
engraçado,15
precioso,14
visto,13
rapidamente,13
conseguir,1
insignias,1
clases,1
disponibles,1
desastre,1
頭おかしいんか,1
˙-,1
),2
hanbin’s,1
best,8
satanist,1
really,4
gave,2
ikonics(marina,1
lot,6
inspiration,1
【譲渡】名探偵コナン,1
カプセルラバーストラップ,1
譲）☆赤井、☆ジン、灰原、キッド、新一、蘭,1
求）各380円＋送料,1
※ネット予約で総額÷個数をしている為、定価よりも高くなっております※,1
赤井譲渡は最下段含めた無印②点同時引取,1
ジン譲渡は無印同数同時引取,1
蘭引取優,1
muchos,1
actos,1
pancha,1
haya,1
tenido,2
obligación,1
negociar,1
noviazgo,1
tuve,2
anotado,1
mis,3
apuntes,1
trabajaba,1
golf,2
verdad...,1
apanhando,2
sido,5
alimento,2
noite.,2
constituiu,2
movimentos,2
atuações,2
parlamentares,2
destacadas,2
gestões,2
municipais,2
viraram,2
referência,2
cresceu,2
decadência,2
alimenta,2
apostarem,2
despolitização,3
_berry,4
look,3
stunning,10
justin,1
very,4
smart,1
happy,6
together,3
xx,1
altura,3
evitar,4
~plebiscito,3
(alckmin,3
unir,5
único.,3
acontecer,3
grandeza,3
acima,3
projetos.,3
_oficial,1
bonito,1
haces,2
(y,1
home,1
studio,2
gensanta!),1
【交換・譲渡】12月,1
名探偵コナン,1
キャラリウム,1
アクキー,1
譲）灰原、キッド、☆赤井、☆集合,1
求）安室or定価＋送料,2
3箱予約予定,1
☆は無印②点or2枚目③点同時引取,1
新規様はキャンセル防止の為、お品代のみ先払いをお願いしま,1
everyone,1
atenção,2
quarta-feira,1
aliás,4
alguns,3
temas,1
chegam,1
lamentavelmente,1
virou,2
outros.,1
suiza,3
(sin,4
puerto,5
tiene,8
buques,3
mercante,3
integra,1
entende,1
incrível,3
favor,15
minorias...,1
matou,2
votou,1
impeachment,3
apoiou,1
pq???,1
【181001大劇場千秋楽出・愛希れいかさん③】（不具合あったので再掲）各社のショットを撮り終え、車へ。本当に、語彙力！って感じですが、可愛かったです(´ω｀*),1
entenda,5
milhões,6
empregos,5
investimento,5
energia,10
renovável,5
transformar,8
potência,5
mundial,5
solar,5
#votemarina18,10
【181001大劇場千秋楽出・愛希れいかさん②】（不具合あったので再掲）プレスに対して笑顔を向けるちゃぴ。いろいろなポーズを見せてくれて、あまりの可愛さにカメラをホールドするのが大変でした,1
precisava,1
descansar,1
desse,13
fds,1
foda,1
sobreviver,1
régua,1
diferente...marina,1
iria,3
governar,5
rei,2
gostaria,4
conduzindo,1
prefeitura,1
moralismo.tanta,1
favorecendo,1
extrema-direita.rede,1
apoiando,6
romário,1
exames,1
câncer,1
aécio.o,1
anti-petismo,1
cegou,1
realmente,4
extremamente,2
maldosa.,1
loved,2
review,1
venice,2
bitch,1
song,3
also,4
think,9
lana,4
did,5
what,6
tell,1
"oh,1
god,1
him,3
lips.,1
put,2
"him,1
disguise,1
english,1
i'm,2
brazilian.,1
j'sais,1
pas,1
pourquoi,1
suis,2
allée,1
droit,1
moi,1
tengas,1
fabuloso,1
cariños,1
_jo,1
militares,1
escrotos,1
quais,4
desejo,2
distancia,1
fvck,1
bolzo,1
【譲渡・交換】名探偵コナン,1
アクリルストラップ,1
缶バッジ,1
譲）☆沖矢、コナン、新一、蘭、世良,1
沖矢譲渡は世良を含む無印②点同時引取,1
缶バッジ、アクスト混合可,1
沖矢は譲渡優,1
sei,10
appassionato,2
performanceart,1
segui,2
il,7
nostro,2
racconto,2
#marinaabramovic,2
scoprirai,2
suo,2
metodo,2
sue,2
esperienze,2
d’#arte,2
vita,2
#unipolgruppo,2
orgoglioso,2
sostenere,2
“marina,2
abramovic,2
cleaner”,2
#firenze,2
fino,2
20,9
gennaio,2
#marinaflorence,2
deseo,2
plata,1
cuerpower,1
surpreenderia,2
terminasse,2
chuchu!,2
passamos,2
deixado,2
boulus,2
trás,2
td,5
coligações,2
poderosas,2
dinheiro,4
#vamosrenovartudo,5
veremos,2
decisão,1
maior,11
algumas,4
tendências,3
impacto,1
próximo,1
desidratem,1
mostrou,1
resistente,1
crescer.,1
consistent,2
life.,2
crave,2
minute,2
returning,2
each,3
night,6
sometimes,3
granted..,2
fills,2
regret,2
am,6
chained,2
forever,2
-my,2
poem,2
titled,2
“my,2
bed”,2
blast,1
running,1
odu,1
cyberops,1
#ctf,1
having,3
_odu,1
hope,4
competitors,1
learned,1
something,2
fun,3
_b612,3
aaa,1
ovi,1
koji,1
50ima,1
uvlače,1
trbuh,1
nabacuju,1
curama,1
jer,2
"najboljim,1
godinama,1
#idiots,1
116,1
130,1
double,1
quiet,2
street,1
steps,1
private,1
residential,2
lake,1
simcoe,1
ai...preguiça,1
explicar,1
"tamainho,1
rancor,3
insignificância,1
serviu,2
exemplo?,1
não...pena,1
pena,3
irmão,2
consistente,1
paga,1
preço,1
anterioridade.,1
今考えているのは、盛岡まで新幹線で行って、田沢湖線→奥羽本線→左沢線→（山形鉄道）→米坂線→羽越線→磐越西線→只見線→上越線→高崎線→家。,1
盛岡まで新幹線な時点でどうなんだろうという感じだけど(*´∀`)詳しい時間は明日昼休みに調べます。,1
começou,2
triathlon,1
mille,1
elbamen,1
azione,1
sull'isola,1
#elbaisoladellosport,1
começarem,1
ir,6
herda,1
fotos,4
divididos,1
investigación,5
innovación,5
energía,5
_chile,4
sigue,5
preparando,5
versión,5
international,6
workshop,5
wave,5
tidal,5
energy,5
_meric,4
23,6
noviembre,5
valdivia,5
información,7
izquierda,2
matar,12
feto,1
dejar,1
violador,1
humanitario,1
decirnos,1
nosotros,2
inhumanos,1
históricamente,1
eliminado,1
gays,1
claro,9
derecha,1
"homofóbicos"..,1
lectura,1
pañuelitos.,1
０時だし…そろそろ寝るか。おやすみ,1
_boop,1
grc,1
tarde,2
siamo,2
onorati,2
aver,2
contribuito,2
alla,2
riuscita,2
dell'iniziativa,2
benefica,2
#floraliamilano,2
organizzata,2
needham,2
malvezzi,2
scorso,2
weekend,2
nostri,2
quadrotti,2
sono,6
stati,2
apprezzatissimi,2
auge,2
relacionamento,2
discutir,2
sobre,43
ama,3
heroes,4
ejercito,4
chile,4
sigan,4
sueño,4
chilenos,4
honor,4
ustedes,6
patria,5
chilena,4
わかんないですけど,3
本ほどではないまでも、メシの味とか材料から作り手の考えとか人生の情報を読み取って楽しんだりとか、,3
美味い組み合わせを次々自分で思いついて一歩ずつ「美味さの本質」に近付いたりする楽しみがあるとすれば,3
あながち全く別の役割とも言えなかったりするのでは？,3
porqu,1
titulares,1
tarjetas,1
asistencia,1
acceso,1
gratis,1
solis,1
deben,1
volverse,1
trans,2
respuesta,1
desvariada,1
ofrece,2
marqueteiros,1
ciro,marina,1
&amp,12
cia,3
intenções,3
achando,2
ganhando??,1
perde,3
linha,2
total,5
dilma.,1
#ideia,1
#turma,1
#medo,1
eventual,2
marina-jorge,1
imagem,5
coração,3
mão,2
apresentaria,1
imenso,1
jantado,1
farofa,1
empreiteiros,1
líderes,1
políticos,2
brasilzão,1
tanta,4
selva,1
virando,2
anta,1
outra,9
explicação,1
barbárie,1
dessas?,1
anunci,1
electo,1
creación,1
nacional,11
fusión,1
ejército,12
pf,1
defensa,6
población.,1
¿este,1
venta,1
libre,2
armas?,1
capaz,1
darle,1
sentido,3
quiero,4
sabe.,2
cnt/mda,3
margem,3
erro,3
2.2,1
percentuais,1
indica,10
empate,2
técnico,2
1o,1
fico,1
#elenao,2
#todoscontrabolsonaro,2
clutch,1
inpired,1
kate,1
spade,1
29,90,1
vista,4
vendas,1
direct,1
wpp,1
(31,2
9979,1
9270,1
9340-6151,1
#marinaandradestore,1
#store,1
#brand,1
#fashion,2
#tendencia,1
#itgirl,1
#cluth,1
#katespade,1
andrade,1
store,3
¡,1
bienvenida,2
!,4
won't,1
promise!,1
—she,1
says,1
laughing,1
answers,1
able,3
top,6
sight,1
brings,2
memories,2
stuffs,1
that,12
there.—,1
can,6
gonna,3
+,1
もし僕のこと信じてくれるなら,1
僕が人妻さんのセフレ作ってるアプリ教える,1
これで1ヶ月5人はかたい。,1
僕はこれのおかげで童貞卒業できたし、自分にも自信持てるようになった。,1
apresentar,1
propostas,11
plausíveis,1
ódio,3
comentário,1
fb.,1
depender,1
mula,1
feito,4
existem,4
pingo,1
lógica,1
always,7
rey,4
lived,1
years,1
who,7
(or,1
wherever,1
matter),1
marina!,3
modern,3
outfit,3
;,3
viens,1
découvrir,1
finally,2
free,3
comment,1
j’ai,1
pu,1
manquer,1
cette,2
merveille,1
people,3
audacity,1
draw,2
human,3
straight,1
hair,5
damn,2
black,2
pa,2
posto,1
tema,3
žena,1
koja,1
odbila,1
besplatnu,1
zapadnoj,1
civilizaciji,1
prihvaćenu,1
terapiju,1
za,6
liječenje,2
svog,1
djeteta,1
internetu,1
našla,1
vitamine,1
(!?!?,1
100,3
onda,8
zanima,1
kineski,1
tržište,1
smiješno,1
mi,10
takvom,1
kontekstu,1
pharm,1
ind,1
bude,1
optužena,1
pljačku,1
metronaut,1
naked,1
photos,1
click,2
?,2
_carlos,2
falo,4
indecisa,3
considero,2
このアカウントは健全なので気軽に絡んでね・∀・,2
@_kamillaoliv,2
_goncalves01,2
macho,2
escroto,2
tio,2
posso,3
facilmente,4
apoiar,2
rotuladores,2
mente,3
fechada,2
baseiam,2
rival,2
odeiam,2
interesantes,1
opiniones,1
todologa,1
calabro,1
zzzzzzzzzzzzzz,1
intenção,2
ms..,1
aahaahhhhhh,1
poca,1
sobriedad,1
estos,1
casos,1
banderita,1
trinfalista,1
hace,7
metimos,1
banderitas,1
ah,5
perdimos,1
les,5
entregamos,1
120,1
millas,1
zona,2
exclusiva,2
chilena.,1
最近のバラエティの炎上、勿論同意の上であれば大丈夫だし、どのような笑いも尊重されるべきで「根絶されるべき」とはならないで欲しいけど、やっぱりやりすぎな部分があるので、概ね納得出来る部分もあり、うーんと思うんですけど、,1
#performanceart,1
dividindo,1
aumenta,1
bolsonabo,1
alkmin,2
áfrica,1
merenda,2
-daciolo,1
paquistão,1
converter,1
talib,1
volta,3
acre.,1
-álvaro,1
eua,1
procurar,1
técnicas,1
novas,4
cirurgia,1
plástica.,1
_izm,1
人気者というよりピエロなのでは！？,1
「心配しなくていい」,1
と、言われたものの…,1
そうなんです。恋をする前に終わるんです。始まりもしないんです。玉砕粉砕大喝采です。既婚者だった、とか恋人います、とかで…(´；д；｀),1
遂に１０月になりました。,1
ワンマンライブまで約2週間。,1
皆さん是非来てください!!,1
ご予約まだの方はこちら↓,1
marinasaito.ticketinfo,1
.com,1
16時から17時まで先行物販です,1
ruy,3
barbosa,3
memoravel,1
escorou,1
fama,1
homem,2
rsss,1
fatos,2
acham,2
juntou,1
onu,1
andar,2
bike,1
cor,1
vermelha,1
pt..,1
anti-política,1
descrença,1
preguiça,1
お疲れさま,2
ワンマン,2
みんなで楽しんでね,2
eh,7
mds,2
tv,2
participar,4
população,5
boicotado,1
galera,1
extrema,2
#joãoamoedo30,1
★10/26発売alive,1
growth,1
「re:start,1
シリーズ,1
pv公開！★,1
「時間」を題材に描くgrowth,1
re:start第三弾は、,1
growth4人による「追憶のネニア」,1
「異郷」をテーマにしたユニットソングをお届け,1
価格：1,000円＋税,1
ご予約お願いします！,1
admitir:,1
finalmente,1
resposta,1
vezes,7
raiva,2
perfeita,3
negra,1
norte,2
pobre,1
sangradora,1
seringueira,1
alfabetizou,1
adolescente,1
representar,1
perfeitamente,1
povo,15
fica,4
muro,6
morna,1
sonsa,2
passeatas,1
aprovação,1
poucos,1
"esquerda,1
(acho,1
ebcaixa,1
ctz,1
escolher,2
corruptos,3
doidão,1
qal,1
conselho,1
daria,1
dilema,1
rsrs,2
insisto,1
amorosa,1
tadinha,1
_mx,1
fuerzas,4
armadas,4
(ejército,1
fuerza,5
aérea,1
seguirán,1
siendo,1
mismas,1
seguridad,1
pública,3
organismo,1
civil,2
federales,1
intervengan,1
enfoque,1
respeto,1
ddhh,1
衛「……音楽は、受け取る側の感性が大事だと思っているので、塩だと思えば塩なんだと思います」,1
剣「良いこと言ってる風で空気を読んだーーーーーーーー」,1
＃新曲も宜しくお願いします,1
_mbm,1
faltei,1
trabalho,2
某番組のロケで某芸人たちが一般人に軽くセクハラして「議員の人たちがクビになって、なんでこいつらはクビにならない？」ってツッコんでたの、めちゃくちゃ笑ったので、あれだけは一生見つからないで下さい,1
衛何言ってるんだろう…？,1
今日はよく寝た方がいい,1
quiere,2
lluvia,1
mareas,,1
ese,1
viento,2
correas,1
sólo,11
muere.,1
gusta,1
ella,2
entere,1
leerme,1
vibre,,1
tropiece,1
equilibre,1
pájaro,1
vuelo,1
tan,5
loca,3
dueña,1
cielo,1
libre.,1
*hablando,1
marina*,1
-si,1
muri,2
casada,1
sos,2
vos?,1
_rodrigo,2
própria,2
inclui,2
ressentimento,4
petista.,2
mano,7
enfia,2
cu,2
filha,3
puta,2
aguento,2
calma,2
faltam,3
férias,3
anos...,2
rbcd,1
stage,3
15,5
members,2
john,5
beryl,1
varney,1
chichester,1
thank,8
supporting,2
finalizar,1
frase,1
outro",1
conscientes.,1
単純な人間だから,3
rtといいねをいっぱいくれた,3
またデコ出しするかも_(:3」z)_,3
começa,1
pontuando,1
btg,7
sugerem,1
profissional,1
#ondalaranja,1
#novobrasil,1
#novo,1
#amoêdopresidente,1
#vote30,1
conhecer,2
verdadeira,1
face,2
creio,1
canalha,1
dessas,3
supera,4
caráter,1
nenhum,7
livrou,1
desgraças,1
#turismo,1
rincones,1
instagrameables,1
cotswolds,1
marinacomes,1
#tourism_exhibition,1
gapa,1
tour,4
attending,1
#itb_asia,1
tourism,1
#exhibition,1
interesting,1
#historical,1
#culture,1
tours,2
ski,1
sport,1
it’s,2
pleasure,1
meet,2
l31,1
itb,1
asia,1
17–19,1
oct.,1
suzannah,1
lipscomb,1
colour,2
pop,3
up,14
shop,2
amaral,2
andrew,1
roberts,1
you'd,1
most,6
welcome,2
mordeu,3
inoculou,3
veneno,3
pdt,4
sintonia,3
quadrado,3
interpretativo,3
globo,10
polarização.,3
querido,3
amado,3
vota.,3
saudações!...,3
kobayashi,2
hear,2
frequencies,2
120,000,2
hz,2
six,2
times,2
higher,2
than,3
standard,2
hearing,2
#48memberfact,2
めっちゃ褒めるやんありがとう(*´ч`*),2
resumo,3
ruas,3
cheias,3
cheia,9
omissão,4
cheio,19
orgulho,8
elenão,3
mentiras,3
xuxu,3
trejeitos,3
cinismo,3
defeitos,3
vento,3
jb,4
segue,3
líder,6
#lanatasinfiltro,1
¡que,1
linda,2
calabró!,1
dicen,1
funcionar,1
único,4
ocurre,1
preguntar,1
¿q,1
pasar,1
fracase?,1
medios,1
arg,1
adaptados,1
vivir,2
kaos,1
peronista,1
salir,3
entiendes,1
assistindo,1
record,3
assustado,1
desespero,1
nenhuma,3
apresentada,1
acusações,1
críticas,2
bolsonaro!,1
certeza,5
vitória!,1
#bolsonaro17,1
#elesim,3
мн,1
понравилос,1
"симулято,1
молотк,1
роблок,1
разбива,1
нубо,1
números,3
subimos,1
66,1
81%,1
desconhecimento,1
45,1
virada,1
nós.,1
faça,1
30.,1
comillas,1
corrales,1
buelna,1
cudeyo,1
san,1
vicente,1
barquera,1
pueblos,1
pioneros,1
#rural,1
aldeas,1
inteligentes,2
#cantabria,1
#castillayleón,1
#smartvillages,1
そう思えるようになったらより楽しいと思うし、土井先生の本とかからは哲を感じたりするので、その境地まで至りたいな~と思いますね。,1
_6785,3
koliko,3
ste,6
ljudi,3
uništili,3
firmi,3
zatvorili,3
vreme,3
vaše,3
vlasti,prosto,3
bi,6
čudilo,3
vam,3
80,3
srbije,3
zakucalo,3
vrata,3
štetočine,3
ništa,3
drugo,3
pretendujete,3
državničke,3
funkcije,3
šatro,3
"branite,3
kosovo,3
namerno,3
malo,3
druge,3
strane,3
napadate,3
srbe,3
#kim.,3
pairs,1
coaches,1
grant,1
huang,1
coughlin,1
eltsova,1
skate,1
regionals,1
sectionals,1
midwest,1
figure,1
skating,1
hit,1
leave,1
read,2
beleza,1
pacto,1
inteligente,5
caos,1
enfiar,1
#pactobrasil,1
wobble,1
earth,1
umas,2
kkkk,1
#bolsonaro,1
tengo,3
cómo,3
empezar,1
__ii,11
おやすみなさい(*´－｀*)ﾉ,1
明日も良き１日を～,1
kátia,2
abreu,2
manuela,2
d’ávila,1
paulo,2
sábado,3
demagogia,1
luta,1
mulheres.,2
tak,1
svim,1
profesijama,1
kojima,1
guglala,1
slobodno,1
vrijeme,1
priča,1
ili,1
samo,2
medicina,1
farmaciju,1
nisu,1
milosti?,1
ice-cream,1
while,1
watching,1
kids,3
water,1
تناو,1
المثلجا,1
م,2
مشاهد,1
الاطفا,1
يلعبو,1
بالماء.,1
شعو,1
جي,1
واسترخا,1
جمي,1
mouj,2
muscat,1
iron,1
man,2
septemberv16,1
kkkkkkkkk,2
claramente,1
hora,3
-3,1
sabela,1
-2,1
juan,2
-1,2
amaia,2
+3,1
nerea,2
+2,1
carlos,3
+1,1
jade,1
quel,1
jolie,1
femme!,1
terriblement,1
excitante,1
“sem,1
bonaro..,1
bonaro.,1
_mofu_mofuo,1
today,5
dreamed,1
boat,3
fishing,2
fish,1
wet,2
hahaha,1
funny.,1
marin,2
greetings,1
argentina,1
convida,1
diz,6
dreamteam,1
adere,1
assisti,1
começo,2
assinava,1
embaixo,1
colocou,3
patamar,1
assista,5
moara,5
shalon,5
_hoy,1
_valero,1
deshace,1
mito,1
diez,1
airbnb,1
madrileños,1
rentables,1
alquileres,1
plazo,1
#deshaciendomitos,1
#madridparatodos,1
jfais,1
plus,3
d’effort,1
fini,1
listening,2
aurore,2
would,3
proud,2
basilio,2
bonato,2
jr's,2
artists,6
lima,2
(12),2
laura,2
branigan,2
(4),2
lennon,2
(3),2
laban,2
(2),2
alphaville,2
(1,2
#jotafm,5
paraíso,2
apresentando,3
música,2
"emotional,2
machine",2
managed,1
get,9
them,5
timeline,1
retweeted,1
almost,1
preso.,6
bajula,1
d'ávila,1
idolatra,2
soltar,2
disputar,2
quis,1
preso,1
preso!,1
おやすみなさいoo｡(｡ρω-｡)おやすみ★,1
ganhe,1
deixe,3
pfv,1
【#拡散希望】,1
大人,1
#レペゼン地球,1
#幕張メッセ,1
2018年11月17日(土),1
10名様に1枚ずつ譲ります。,1
応募方法→フォロー&amp;rt,1
応募締切→10/14(日,1
19:00,2
当選発表→10/15(月,1
当選発表時にdm開放必須。,1
#dj社,1
#dj銀,1
#djふぉい,1
#djま,1
#mg,1
そしていいように利用され、,1
|'ω')ﾉ⌒゜ﾎﾟｲｯ。,1
でもま、そんな人には罰が当たったようですけどもね…(意味深？←),1
楽しく過ごせたらいいなと。今度は。,1
哀しい思いは…もうたくさんです。,1
#真面目,1
#お目汚しごめんなさ,1
#意味深,1
スニーカーはaj1のシカゴカラーで,1
メンバーカラーの赤を加えておきました。,1
お二人とも優しくて、収入全部言いそうになった。,1
なんつって,1
おやすみなさいです（´-`）.｡oo,1
おやすみ,1
autoimolação,1
cores!,1
sunsets,1
boats,2
could,1
#aqua,1
#aquamare,1
#aquamaremarine,1
#aquamareworldwide,1
#marina,5
#sea,1
#sun,1
#sunset,1
#boats,1
#yachts,1
#yachtlife,1
#marineengineer,1
#tuesday,1
#tuesdaythoughts,1
#picture,1
#beautiful,1
#twitter,1
#tweet,1
#hashtag,1
#socialmedia,1
pokemonga's,1
mumford,1
sons,1
(63),1
(37),1
lady,3
gaga,3
(23),1
aurora,1
(20),1
(18,1
bauru,1
apoiamos,1
recomendamos,1
giovanni,1
mockus,1
18018!,1
oxigenar,1
alesp,1
2019,1
preparado,1
capacitado!,1
#mockus18018,1
#marina18,1
#vamomudar,1
帰り道にて。,1
超高速で駆け抜けて行った台風の置き土産は、秋色,1
浜田さんにしばかれたのは僕でした、しかもグーで。笑,1
2人仕事が大変で来れなかったけど、つぎは揃うといいなぁ…と思ってます。,1
hey!hey!neo!見てくれてありがとう！,1
change,4
display,1
keep,3
(i,1
use,1
diff,1
nickname,1
irl,1
chosiwiw,1
whole,1
flexible),1
空をご覧ください。,1
東に下弦前の月が昇りました。,1
写真は今望遠鏡を使って撮影したものです。,1
今日もお疲れさまでした。おだやかな一週間になりますように,1
turismo,4
onde,5
esqueceu,2
lembrar,3
principais,2
destinos,2
sexual,2
américa,2
latina,2
pauta,12
tenta,2
sentar,2
janelinha.,2
凄い〜,1
きれいな星,1
映像も音楽も自分が小さな頃から元気もらってたように,1
今度は僕らが少しでも誰かに元気届けられる存在になりたいです！,1
もっと頑張るぜ,1
nazistas,1
brasucas,1
usaram,1
muitas,1
máscaras,1
buscavam,2
"alternância,1
serra,1
terceira,1
via,8
miravam,1
"cara,1
aecio,1
casca,1
assumiram,1
homofóbico,1
racista,1
misógino,1
entiende,1
predican..estado,1
mayor....ejército...marina...son,1
instrumentos,1
pueblo...nunca,1
soportado,1
soldado,1
sardo..son,1
animales,11
asesinos,1
capacidad,1
juzgar,1
ellos,1
ordenan,1
matan,1
atacan,1
literally,3
i’ve,2
never,3
thought,1
glad,2
awareness,1
brought,1
spettacolare,1
tromba,4
tra,1
vada,1
mare,1
(video,1
livornopress,1
notizie,1
livorno,1
barbara's,1
red,2
velvet,1
(401),1
arctic,3
monkeys,3
(166),1
(128),1
(116,1
woman’s,2
place,5
bridge,2
#motivationmonday,2
#startrek,2
_mcfadden,2
_wise,2
cambios,4
fundamentales,4
anuncia,4
diera,4
sería,4
responsabilidad,4
mexicanos,4
fusionan,4
limitaciones,4
precisas,4
uso,5
serán,4
paz.,4
__reidblat,1
che,2
ridi,1
ponto,1
econômico,1
candidatura,1
desenvolvimentista.,1
firmeza,4
posicionamento.,1
inclusive.,1
ridiculamente,1
superior,1
termos,3
equipe,3
suposições,1
irão,2
urnas,3
caguei.,1
convidado,2
emissora,2
obrigada,1
chamar,2
milhão,1
querendo,2
relevância,1
acha?,1
novu,1
qi,1
inicia,1
merdas,1
gemte,1
faser,1
desepisoes,1
pesoas,1
siumes,1
iludir,1
ben,1
vimdo,1
outubro,4
join,2
thanking,1
generous,1
ash,1
holly,1
has,8
donated,1
these,1
individually,1
painted,1
wooden,1
boxes,1
sell,1
raise,1
funds,1
aren't,1
gorgeous,1
unsure,1
yet,1
price,2
clue,1
know,2
return....,1
primadonna,1
girls,2
caramba,1
respeita,1
diálogo,2
pacificação,1
pancadaria,1
forte,3
hein,1
encenação,1
tomou,1
facada,2
amarelou,1
aguenta,2
conversa,3
mole,1
dipinto,1
oggi,1
ci,1
trasporta,1
nel,1
mondo,1
surreale,1
"lettera,1
firenze",1
olio,1
tela,1
50,2
cm,4
pittore,1
armando,1
orfeo,1
(marina,1
grosseto,1
1964),1
info,1
¡nuestra,2
invitada,2
pone,2
acción,2
_martino,2
viene,3
pasárselo,2
#ccubicos177,2
mandos,2
#countryman,2
¿lo,2
dominar,2
#surf,2
bicho,2
sensatez,2
conhecimento,2
afinidade,2
vejo,3
boulos!,2
vacilo,2
congelar!,2
vô,6
jornalista,2
sera,2
tbm,6
aguentar,3
inner,1
wisdom,1
offer,2
symbolism,1
dream..,1
cancer,1
lembrem-se,1
dirigente,1
enganar,2
batem,1
coiso,3
querem,2
#votonarecord,1
_gbp,1
月島まりな(非公式bot)さんおやすみなさいっ…,1
いい夢見れるといいですねっ…！,1
なこちゃんがlove！,1
パノラマトーン1st,6
album「zero」リリースパーティ,6
20180915,6
仙台macana,6
marina／color,1
you（オリジナル）,1
gt.けーごく,6
gt.よしだ,6
dr.ヤスさ,6
ba.たくみん,6
#年中色,6
#美人,6
#ソ,6
#ロックシンガ,6
4cat9,1
0-2,1
disputado,1
,donde,1
gornal,1
pese,1
2da,1
mitad,1
dispuso,1
ocasiones,2
empatar.,1
3-0,1
consecutiva,1
cómodo.,1
xavi,1
_fer,1
treasure,2
cay,2
resort,2
hotel,2
stay,4
play,1
abaco,2
bahamas,1
diving,1
restaurants,1
estate,1
#bahamas,1
#travel,2
#tourism,1
#experiences,1
_gallo,1
mais≠mas,1
queira,1
aceita,1
torturador,1
sla,1
respeite,1
humanos,1
bióloga,2
esa,5
concha,2
departamento,1
sindicato,1
provincia,1
aires,1
realiz,1
primera,1
jornada,1
capacitación,1
o.l.a,1
hospital,2
mariano,1
luciano,1
vega,1
celiz,1
delegada,1
general..,1
women,3
wigan,1
leigh,1
waspi,1
groups,1
are,8
confident,1
mp,4
mob,1
handed,2
rant,1
against,1
suggested,1
contact,3
trafical,2
laguna,2
mayran,2
escobedo,2
obvio,2
autobuses,2
camiones,2
estacionados,2
camellon,2
autos,2
doble,2
fila,2
complica,2
muchísimo,2
van,3
retirar,2
_cdmx,8
bedroom,1
residences,1
ocean,1
views,2
#miami,1
#edgewater,1
#newluxurycondos,1
#amara,1
#waterfront,1
#christupper,1
#miamirealtors,1
#miamilife,1
#paraisodistrict,1
#granparaiso,1
#luxuryliving,1
dupla,2
duvidas.,2
busca,4
#ciro12,2
#debatedarecord,2
uai,2
aconteceu,3
previsível,2
viram,3
grotesco,2
recheado,2
antipetismo,3
agressivo,4
chegou,4
anuir,2
fraudado,2
af,2
conquistar,2
"esquerdista,2
derrapou,2
capotou.,2
dilema..,1
foda),1
(melhor,1
peregrina,1
tortolana,1
torcer,1
milagre.,1
massage,2
sex,1
dubai,3
sexy,1
whatsapp,1
+971528850345,1
terceiro,2
alkimin,2
repescagem,1
amoedo..,1
vaga,1
pleito,1
2022,1
vir,1
forte!!,1
_paiva,1
verdade,se,1
apoia,3
começar,2
amizade,1
exemplo,3
confiar,2
pesquisas.,1
imagine,3
colocassem,1
consciência,1
votasse,2
33%,1
fecharia,1
48,1
levar,2
no1ºturno,1
oq,4
gosta",2
"vi,1
lembrei,1
vc",3
"gosto,1
deixa,1
alegre",1
irrita",1
"vc,1
bem",1
"pensei,1
"fica,1
deixou,1
cidade,1
chama,2
arregão,1
だぁやめが喜びそう。,1
素直に可愛いです！,1
ril,1
órgano,1
doarse,1
doazón,1
órganos,1
habitual,1
familiares,2
directos,1
desta,2
familia,2
mariña,2
lucense,1
#somosdoadores,1
olhe,1
sensata,3
500px,2
sunday,3
raycologon,2
llamas,1
dolores,1
vives,1
parla,1
estado,4
pinto,1
recientemente,1
contacta,2
conmigo,1
encontrado,1
cartera,1
tirada,1
suelo,2
agradecerá!!,1
explica,6
discrepâncias,6
varia,6
25,8
60,6
滑りこみセーフ(アウト),1
#メガネの,1
dejo,1
hago,1
escucharlos,1
aprender,1
felicitaciones,1
fin,2
alguien,5
baja,1
ansiedad,1
periodistas.,1
reia,1
optimismo,1
ignorancia,1
tuya,1
still,3
stan,1
impactful,1
growing,1
nothing,1
wa..,1
か、可愛い....!可愛いからセーフですね_(:3,1
」∠)_,1
evans,1
quanto,3
sii,1
beddu,1
_magnussen,1
__2016,1
wonderful,1
enjoyable,1
month,3
full,5
exciting,1
surprises,1
エヴァンゲリオン、冷静に考えたら「ここまで攻めてこられた！」という焦りの場面が多いけど、めちゃくちゃ攻めてこられる前提の作りだな,1
_official,2
_oshikawa,3
お疲れ様でした(^_^),1
_ad,1
paz,4
alma,3
unesp,1
franca/sp,1
representante,1
chamado,1
representes,1
amoedo.,1
policial,1
facebook,3
soldado..,1
honey,1
wish,1
safe,2
typhoon,1
sweet,1
foo,1
茉梨奈がそういうなら今日もメガネの日にするよいいよわたしが許す,1
queria,5
saber,2
passa,3
cabeça,1
porra,1
imagined,1
(even,1
monday),1
come,2
big,3
bear,1
mariconeo,1
10m,1
volviendo,1
argumentam,9
crist,9
apoiam,12
marina.,13
plebicito,9
liberação,9
drogas.,9
leia,9
novamente.,9
dentro,18
raciocínio,9
lógico,9
“fora,9
ventre,9
dele?,9
arrasou,1
#paris,1
14,3
looks,2
estilosos,1
repletos,1
clique,1
link,2
conferir,1
detalhes,1
preferidos,1
#marinaruybarbosa,1
#elasnotapetevermelho,1
#moda,1
marina／alice（新,2
オリジナル）②,2
gome,1
sentindo,2
オリジナル）①,2
／answer（新,1
オリジナル）,1
bacana,1
deve,1
ハワイ楽しんでくださぁぁぁぁい！,1
marina／fight,2
for（新,2
oct.28,1
cathedral,1
church,2
christ,1
lagos.,nigeria,1
talented,1
don't,3
miss,3
it!!,1
#music,1
#genre,1
[1/10,5
11:55,1
deusa,3
gozar,1
11:56,2
¿nunca,2
habéis,4
necesidad,2
llorar,2
llantos,4
gritos,2
liberar,2
tienes,3
acumulado,2
pecho,2
carga,2
grites,2
sueltes,2
llores,2
así,2
vas,2
sentir,2
cómodx,2
sé.,2
último,3
minuto,2
lago,3
llanquihue,3
#chile,2
(se,3
agradece,2
manden,2
social,3
local,1
hall,1
details,1
how,5
aware,1
state,2
pension,1
age,2
disagrees,1
register,2
discontent,1
preocupação,1
"malhar,1
preocupa,1
dedica,1
analisar,2
ameaça,1
manuela.,1
sociedade,3
mobilizando,1
#nemelenempt.,1
espaço,2
aberto,1
armamento,1
aprovada,3
proprio,1
estaria,1
pqp,2
おやすみなさ,1
almoedo,1
indiretamente,1
haddad-lula.,1
queremos,2
ser!,1
venezuela,3
mude-se,1
lá,1
baaah,1
genteee,1
continuar,4
extremismo,2
malandro,1
bancário,1
conhece,2
direito,2
desbirutado,1
jesus,1
marina?,4
geraldo?!,1
defendeu,1
constituinte,1
então,9
pode!eu,1
mesmas,1
condições,domínio,1
fato,c,1
tds,2
citei,1
ad,1
hominem,1
post,3
irresponsabilidade,2
すきだよ…,1
@_017_smile,1
_soloanna,1
felice,1
settimana,1
tutti,1
さんこいちから,1
いつも応援してくれてるみんなへ、,1
ほんとにここまでありがとう、,1
チャンネル登録者数100万人突破。,1
みんなと一緒に,1
これからも突っ走っていくよ、,1
ずっと僕たちの大好きでいてください,1
アウトなので先刻完食しました天下一品ラーメンの画像を進呈致します。,1
委細、ご査収くださいませ,1
country,1
city,2
visuals,2
famous,1
spot,1
singapore,3
#travelblog,1
#blogger,1
#marinabay,1
#merlion,1
#friyay,1
#flashbackfriday,1
#couplesgoals,1
(*⁰▿⁰*),1
trouxa,3
acredita,5
convivência,3
elite,3
95,3
prédio,3
tendo,3
vizinho,3
síndica,3
namorem,3
filhos.,3
_lagus,2
_nikola,2
_meyali_ithea,2
_macedonian,2
_on_site,2
_gjorgji,3
_square9,2
_angel97,2
_first,2
_nisia,2
_351,2
serbia,1
recognizes,1
macedonia,2
fact,1
★★★,1
sarah,3
vanhee,3
raccoglie,3
tradizione,3
della,3
miglior,3
abramovich,3
recensione,3
concorso,3
#review,3
#recensione,3
#art,3
#theatre,3
#teatro,3
#sarahvanhee,3
idea,3
voice,1
power,1
you're,3
god's,1
gift,1
myself,2
tweeting,1
stuff,1
brisa,1
vei?????,1
concluírem,1
19..,1
fase,1
arrumar,2
emprego,1
bancado,1
fita,1
obrigação,3
churrería,1
"o,3
questão,4
fortes,2
ricos,3
governador,3
precisam",2
#eleicoes2018,2
_dan01,1
concordar,1
fraude????!,1
momentos,1
haddad/pt.,1
_ortellado,1
brasileira,3
democrática,1
hj,2
composta,1
meia,1
dúzia,1
maioria,2
voltada,1
existen,1
personas,5
puedes,2
hablando,1
cualquier,1
sentirte,1
persona,2
dónde,1
sino,11
quién.,1
iludida,1
kkkkkkkkkkk,1
"no,1
falta,2
ninguna,1
cárcel,1
bonito...",1
nancy,1
delgado,1
enviarnos,1
video,6
grabado,1
sur,1
gc.,1
#stopacuario!!,1
duvidas,3
gosto,7
inteligente..,3
aue,3
ate,3
cansaço,3
crise,4
chapa.,1
2018年12月14日(金)〜16日(日,1
カリンカvol.1,1
橘花,1
一人芝,1
』,1
space,1
anima,1
「野蛮な気持ち」,1
作・演出：上野友之(劇団競泳水着),1
「恋の放火魔」,1
作・演出：山本タカ(くちびるの会),1
hp☞,1
カリンカ、始動！,1
#拡散希,1
pergunta.,1
aonde,2
encontram,1
amam,1
mentem,1
joguinhos,1
dificuldades??,1
encontram?????????,1
ドリフェス…6%…ハロウィン…,1
おやすみ……,1
正則学園の生徒、奴隷になったの？？？めっちゃ面白いじゃん,2
_,4
ganharia,2
basta,4
largar,2
osso,2
lutar,2
ministro,2
manuella,2
sanhas,2
permitiram,2
★★★★,2
bon,2
c’etais,1
drole,1
deux,1
seconde,1
svp,1
veux,1
rencontrer,2
quelqu’un,1
arrombado,1
encher,1
saco,1
poluindo,1
tl,1
votei,1
apesar,1
relações,1
fundações,1
globalistas,1
nela,8
certa,1
honestidade,1
(boa,1
velhinha,1
evangélica),1
continuado,1
ignorante,2
primeiras,1
causas,1
perdido,2
ilusão,1
samba,1
folia,1
feliz...,1
azul,2
entrada,1
sambão,1
17,2
hr,1
ingressos,1
lote,1
20,00,1
informações,1
vendas:,1
997439030,1
puder,3
ajudar,2
agradeço,2
já..,1
french,1
say,1
"please,1
move,2
passe,1
t'écarte,1
domine,1
t'inclines,1
10月の最初の１日も、いろんな気づきがありました。,1
それは学校で勉強して得られる知識ではないけど、,1
確実に自分を豊かにしてくれるものだと確信しています。,1
やっぱり物事を学ぶ姿勢は大切なんだなね。,1
とにかくおやすみなさい。,1
since,1
youtube,3
souncloud,1
wont,1
jacquees,1
here’s,1
trip,1
remix,1
y’all,1
"feira,1
consolida,1
glória,1
clima,1
político",1
terminei,1
ead,1
responsabilidade,1
socioambiental,1
tirei,1
alôooo,1
él,2
¨un,1
barco,1
arrastre,1
cazar,1
tiburones,2
solo,5
llevándose,1
variedad,1
habita,1
quizás,1
tweet,1
vea,1
cuantas,1
olviden,1
ignoren,1
新しい奴,1
かわいい,1
_llanos,1
habla,1
milagro,1
sala,1
estaba,3
vinculada,1
trata,1
llamativo,1
investigo,1
salta,1
jujuy,1
nada,a,1
médico,1
jujeño,1
present,2
recibo,1
consulta,1
probaba,1
lleg,1
jujuy.,1
costuma,1
ignorante.,1
maneira.,1
chorou,1
graças,1
nós..,1
arrogância,2
sabedor,2
deita,2
ombro,2
chora,2
nato,2
carismático,2
ouvir,2
guru,2
inspiração,2
nós!!!,2
_crf,1
escolheu,1
bem.,1
conti,1
archxpo,1
showcasing,1
technological,1
products,1
advanced,1
hygienic,1
#watersaving,1
washrooms,1
built,1
environment,1
#archxpo,1
contrary,1
believe,2
nintendo,1
64,1
2d,1
games,1
awful,1
platformer,1
mischief,1
makers,1
exception!...mostly,1
treasure's,1
found,2
enough,1
reuse,1
protagonist,1
liteyears,1
rakugaki,1
showtime,1
申込み期間終わってた(&gt;_&lt;),1
_saturn,1
ユニゾンまとまる分かりすぎます、個人的に制服きてるどぅーがめちゃすきです,1
白シャツ紺スカート赤リボン,1
des,3
reserva,1
llevant,1
increïble,1
dem,1
aquestes,1
hores,1
hagi,1
onades,1
més,1
mts,1
_baleares,1
新境地╰(*´︶`*)╯♡,1
improvável,1
consolidado,2
convicção,1
demonstra,1
assuntos.,1
elenao,2
atos,1
possível,1
bandeiras,1
adesivos,1
diferentes,2
(psol),1
(rede,1
raras,1
exceções,1
comprar,1
oponente.,1
#worldhabitatday,9
recordemos,9
basura,9
impacta,9
viven,9
humedales,9
lagunas,9
otros,9
hábitats,9
sensibles,9
encuentran,9
impactados,9
desechos,9
pesca,9
abandonadas.,9
aquí,9
permite,1
declarações,2
preocupantes,1
relação,4
focais,1
reformas,1
econômicas,1
necessárias,1
dificuldade,1
governar.,1
loucuras,1
repetidas,1
tantas,2
normalizadas,1
radical,2
extrema-esquerda,1
descontrolado,1
fraca,1
programa,2
trazer,1
ｺﾝﾊﾞﾝﾊｰ(´∀｀∩,1
まりなっち(*´&gt;ω&lt;))ω｀●)むぎゅ,1
10月も仲良くしてね(*⌒▽⌒*),1
初日は疲れた○|￣|＿,1
much.,1
*sees,1
murch,1
child's,1
art,2
project,1
doesn't,1
wanna,1
alive,2
ゆっくりしてね(*^_^*),1
おやすみzzz..(ˇ㉨ˇ๑),1
liked,2
psycho,1
malone,1
ft,2
ty,1
dolla,1
sign,5
(cover,1
lin),1
perguntam,1
reparo,1
pessoa:,1
ignorantes,1
respondem,1
sensatos,1
vdd,1
secreto,1
dois.,1
デコだし素敵です(o^^o),1
i'd,1
blog,1
hopefully,1
getting,1
eye,1
#theclqrt,1
#shoddybloggers,1
#bloggerbabesrt,1
#bloggingbeesrt,1
#bloggerssparkle,1
#everyblogrt,1
#littleblogrt,1
#bloggerloveshare,1
pequena,2
discreto,2
cotados,3
lista,3
coerente,1
esquerdopata,1
perda,1
não!!,1
elegemos,1
fuja,1
pior,1
sequência,1
acontecimentos,1
ocorreu,1
acontecendo,1
eldest,1
reliable,1
member,1
leader-nim,2
grateful,1
leading,1
group,1
well,2
sangyeon,3
care,1
bs,1
sunshine,2
angel,1
shines,1
brightest,1
#sangyeonday,8
_e,1
relatable,1
fire,1
berths,1
offhand,1
typical,1
costs,1
might,1
£2,400-£3,600,1
depending,1
length,1
facilities,1
hilária,1
debate:,1
grosso,1
amarela".,1
soberanía,1
gracias!!,1
anjo,1
transferência,1
somaria,1
uns,1
chegando,1
42,1
máximo,2
phd,1
candidate,1
_cambridge,1
scholar,1
velickovic,1
(2017,1
talks,1
research,1
construction,1
historical,1
narratives,1
tribunal,2
former,1
yugoslavia,1
素敵やでまりなぁ…,1
こんばんわ,1
^まりな,1
(pró-armas,2
usaria,4
faca,2
pior".,2
ué,3
porte,2
facas,2
proibido,2
minas,2
gerais...,2
fonte,2
piada,1
desqualificado,1
intragável,1
tonta,1
presidenciáveis,2
lôbos,1
velhos,1
escolados,1
peritos,1
!!,1
projeto,2
parasita,1
messa,1
specie,1
argilla,1
faccia,2
provare,1
l’ebbrezza,1
essere,2
fashion,1
blogger,1
ma,2
tutta,1
verde,1
ho,1
provato,1
quella,1
お疲れ様！録画して明日観ます！,1
_cangussu,2
direto..,1
tebe,1
učili,1
ovo,1
nešto,1
valjda,1
jebo,1
ciljano,1
imunoterapiju,1
šta,1
ima,1
veze,1
ak,1
postiže,1
bolje,1
rezultate,kome,1
prodat,1
svu,1
silnu,1
kemoterapiju,1
ožeži!,1
santo,1
2000,1
existe,3
crítico,1
atacado,1
colaborou,1
fragmentar,1
''o,1
blablabla,1
whyska,1
sachê',1
indeciso,1
sim...,1
coisa,6
rolar,2
@_marina_toledo,1
bozo?,1
pedindo,2
palavras,1
im,1
maneiras,1
agrada,1
torna,1
relevante,1
aula,2
recomendações,1
filmes,1
cults,1
estudar,1
gilbert,1
grape,1
donnie,1
darko,1
vei,1
arma,1
risco,1
justica,1
falha,1
fait,1
tabasser,1
dans,1
grand,1
calmes,1
personne,2
dis,1
rien,1
encanta,1
logo,1
tendremos,1
regreso,1
yy,1
negre,1
dije,1
semanas,1
decime,1
tenía,1
razon,1
citado,2
(submarina,2
aquiete,1
coração.,1
可愛すぎてアウト！,1
眼鏡自撮りはいつでも待ってます…！！,1
sale,2
highly-rated,1
deltaville,1
virginia,1
dozier’s,1
slip,1
storage,1
over,1
attracts,1
loyal,1
clientele,1
annual,1
customers,1
transients,1
significant,1
repeat,1
business,1
#cre,1
necesito,1
dinero,1
vendimio,1
here,7
head,1
fourth,1
floor,1
view,1
prints,3
_books,1
empatado,2
limite,2
simples,2
seguro,2
livre,4
vem,3
radicalismos,2
poderemos,2
sistema,,2
absolutely,1
congratulations,3
both,3
もっと早くアイカブ始めてたらなと後悔してる…。次に備えて頑張るよー！,1
initiative,1
hitting,2
hours,1
organized,1
it!!!,1
#urbanoctober,1
#playfulparadigm,1
#playstreets,1
#wearecork,1
falei,2
preferido,1
ver!!,1
leader,2
soft,1
boy,1
lee,2
boyz,2
deobis,2
though,1
wrote,1
지킬,1
protect,2
we'll,2
sangyeon-ah,1
사랑해요,1
리더,1
_neri,2
amiga,4
pediu,1
links,1
justificativas,1
abismado,1
"porque,2
prove,1
respostas,1
naquele,1
post.,1
comunismo,1
cem,1
mantém,2
setenta,1
campos,1
concentração,1
coréia,1
norte.,1
softest,1
bean,1
smiling,1
funny,2
person,2
_the_boyz,1
09.10,1
single,1
rumores,1
escreveu,1
musica,2
morena,1
lástima,1
pareja,1
hecho,3
uno.,1
amlo,1
diario.,1
verdaderamente,1
diario,1
barbaridades,1
(amlo,1
llevar,2
hoyo,1
retorno.,1
instituciones,1
banxico.,1
debía,1
preocupar.,1
cantar,1
cancion,1
melendi,2
siquiera,1
canta,1
#otdirecto1oct,1
#brasil,1
sondagem,1
btg/fsb:,1
máscara,2
boazinha,2
tornando,2
cruela.,2
_diehl,1
fiz,1
constato,1
convictos,3
respectivamente,2
cenário,2
salvo,2
surpresa.,1
gigantesca,1
desses,2
omi,2
aguentava,2
minutinhos,2
vivendo,2
viveu,2
sinceramente,2
某tubeで見るね(ｏ^ω^ｏ),1
謝らないでメール送れる時で大丈夫だからね(o^－^o),1
tus,2
dedos,1
guille,1
alberto,1
déjala,1
baile,1
javi,1
hetera,1
volando,1
voy,1
friends/tainted,1
titi,1
julia,1
another,3
sun,1
mía,1
tomate,1
otra,1
cosita,1
hija,1
meric_chile,2
wte_meric,1
uaustraldechile,1
regulamentar,1
imprensa,1
permitir,1
democracia,2
vença,1
possa,2
concessões,1
públicas,1
defendemos,1
democratização,1
#boulosnarecord,1
his,4
freestyle,1
dance,1
appreciated,1
neles,1
lá.,1
diminuir,1
crisol,1
domingo,4
moon,1
salinas,1
embarrasses,1
makes,1
lov,1
bonne,1
nuit,1
faites,1
beaux,1
rêves～♪,1
health,1
forget,1
happens,1
once,2
again,3
т,3
говоришь,1
чт,3
мо,2
лучши,1
друг,1
н,8
когд,1
аватарк,1
набрал,1
всег,1
четыр,2
лайка?,1
создава,1
аккаунта,1
бр,1
бро,2
guay,1
eres,4
nación,1
fe,1
pastors,1
joined,1
kissimmee,1
stand,2
faith,1
rican,1
community,1
across,1
nmrl,1
podia,1
maiores,2
problemas,1
voz,1
taquara,1
rachada,1
ar,1
professoral,1
suportar,1
quatro,1
nela.,1
escala,1
goulart,2
vale,10
morrer?,1
mexico,1
ceremonia,2
escuadra,1
japonesa.,1
*esta,1
zarpa,1
secretaría,1
marina-armada,1
méxico,1
informa,1
29,1
septiembre,1
llev,1
bienvenida..,1
_japan,1
done,1
classy,1
sakura,1
gakuin,1
_shokuin,1
tif,1
introducing,1
already,2
raura,1
moimoi,1
doing,1
choreography,1
yume,1
mukatte,1
screen,1
awesome,1
#さくら学,1
pegou,1
botou,1
desbeiçado,1
castelar,1
robaron,1
rodante,2
acondicionada,1
especialmente,1
chico,1
discapacitado,1
cartel,1
"franquito",1
nombre,2
nene,1
difunde,1
pidiendo,1
encontrarla,1
focado,1
hardworking,1
handsome,1
leader!!,1
kaeni,1
ndani,1
zaidi,1
hewani,1
#qwetukazini,1
mtoto,1
wa,1
kiafrika,1
dm,1
_mteso002,1
_ruth,1
_njau,1
_maree,1
uhmm,1
let's,1
father,2
crackhead,1
oldest,1
course,2
himself,1
sleep,1
!1!1!1,1
appreciate,1
freaking,1
++,1
opções,2
completar,1
recuerda,1
maroma,1
opción,1
celebrar,1
boda,3
"acepto,1
estupenda,1
mar.,1
representantes,1
comienza,1
planear,1
sueños.,1
weddings,1
-travel.com,1
tel,1
881,1
9400,1
#weddinginrivieramaya,1
お疲れ様ー！メールはいつまでも待ってます！,1
assim:,1
------,1
-----,1
にいがったフレンドは録画してるからリアルタイムでは無いけど見るよ,1
メールはいつでも大丈夫だよ！,1
ث,1
مدتت,1
يد,1
إل,1
الل,1
فأعطان,1
نورً,1
أتظن,1
ظلا,1
الدني,1
يُخيفني؟,1
茂雄です。今晩は。今日１日、お疲れ様。了解です。また、明日。お休みなさい。,1
spotify,1
blue,3
topo,1
descobertas,1
propício.,1
preocupe,1
daqui,1
novamente,2
ordem,1
floresta,1
descanso!,1
_blat,1
hoşgeldin,1
ekim....,1
d-marin,1
göcek,1
muğla,1
türkiye,1
(*´д`*)ﾄﾞｷﾄﾞｷ,1
#hubweek,1
oct,1
9,12,1
"marketing,1
strategies,2
future,2
business.,1
experts,1
discuss,1
newest,1
cost-effective,1
#marketing,1
bonnie,1
akerson,1
_erulkar,1
zuby,1
singh,1
_dao,1
ふふ~どういたしまして？事実やからね？,1
pajáro,1
piu,1
pio,1
crack,1
sandía,1
wolfies!!!,1
6b,1
#teenwolf,1
disponível,1
catálogo,1
netflix,1
(30/09):,1
28,2,1
25,2%,1
9,4,1
7,3,2
2,6%,1
manipulada,1
era.,1
marina’s,1
jewels,1
mothers,1
kicking,1
off,1
itron,1
utility,1
a...bull,1
donovan,1
vp,1
global,1
marketing,1
public,1
affairs,1
graces,1
introductions,1
seen,1
conference,1
#iuw18,1
#emrafamily,2
make,2
check,3
case-con,2
ballrooom,2
#emraatacep18,2
j'ai,1
hâte,1
qui,4
dira,1
belle,1
chose,1
lui,1
soit,1
arriv,1
qu'elle,1
pense,1
vraiment,1
30/09,1
gases,1
28%,1
25,6,1
(e,1
subindo),1
9,3,1
(fala,1
fala),1
(fomfomfommm),1
2,6,2
(j,1
deitar,1
rede),1
#obrasilfelizdenovo,1
aulas,1
marina!!!,1
rever,1
esmurro,1
representaram,1
denominação,1
católica,1
ambos,3
querrendo,1
prosperidade,1
irmãos,1
alternativas,1
mostraram,1
oposto.,1
officially,1
spooky,1
italian,1
heritage,1
therefore,1
taking,2
break,1
responsibilities,1
living,1
pip?,1
medida,1
tempos,1
considero.,1
deputada,1
federal,1
mais.,1
ceará.,1
prefeito,1
pinda.,1
poderia,1
contas.,1
2012,1
depression,1
different,1
marina..,1
born,1
die,1
lana..,1
ghost,1
sky,1
ferreira.....,1
tumblr,1
prime...,1
março/2018,1
"marielle,1
presente!",1
agosto/2018,1
"joão,1
defende,1
liberalismo,1
100%,1
votarmos,1
demandas,1
progressistas,1
'liberais,1
econômicos,1
equipe",1
hard,1
kind,1
strong,1
ultrapassado,2
revela,2
_sorehoho,1
大森靖子さんんん！！！まさにその通り！めちゃめちゃにわかる,1
amazônia,1
(antigo,1
porto,1
marés,1
17h,1
fest,1
paidégua,1
pôr,1
sol.,1
jorginho,1
gomez,1
confirmado,1
joelson,1
pantoja,1
banda,1
bregaço,1
eliana,1
renner,..,1
governabilidade,2
alianças,1
espúrias,1
barrar,1
né,1
atrelar,1
governabilidade.,1
dramas,2
cosa,1
divertida,1
captura,1
debes,1
huir,1
cual,3
rata.,1
concordo,2
duas,2
frases,1
preparados,1
importância,2
definição,1
aparentemente,1
arcoiris,1
#lomasdelmirador,1
#sinfiltro,1
_eltiempo,1
_bertolotti,1
posiciona,2
legalização,1
drogas,1
esperar,1
resultado,2
legalizaram,1
implantar,1
moldes,1
plebicito.,1
_moreira2,1
_baesso,1
calúnias,1
adopted,1
..,2
celebrate,1
bought,1
gansta,1
golden,1
peanut,1
necklace,1
ready,2
shine,1
"крэ,1
бандику,1
проти,1
все,1
мин,1
игр,1
cs,1
go,2
смешны,1
момент,1
монтаж",1
كُ,1
واح,1
فين,1
بيقد,1
يستحم,1
لح,1
وق,1
مُعين,1
وبع,1
كد,1
بيفر,1
معا,1
أ,1
حاج,1
oferta,2
demanda,2
bonita,4
distinção,2
bravo,1
entendo,1
"dois,1
medidas",1
decepciona,2
aliando,1
calheiros,1
histórico",1
"golpistas,1
palanque?,1
positions,2
quickly,2
apaixonada,2
capitão,1
певиц,1
нашл,1
квартир,1
тeлo,1
_tetsuya,1
気をつけないと同棲することになるよ,1
；∀；),1
tertdo,1
dalam,1
train,1
melayang,1
smpi,1
nnti,1
sdd,1
escrito,1
distinguir,1
focus,1
hurghada,1
egypt🇪🇬️,1
sindbad,1
aqua,1
club,1
been,2
little,1
activities,1
children,1
here.,1
superb,1
and..,1
estudo,1
primeiros,1
corrida,1
eleitoral.,2
(linha,3
verde).,1
vermelha).,1
preta).,1
(ocultados,1
gráfico,1
visualização).,1
casal,1
dudu,1
youuuuu,1
where’s,1
yours,1
tho!!,1
___moraes,1
amei,1
matéria,,1
one!,1
announce,1
day!,1
lovemos,1
creative,1
backing,1
wonderfull,1
designs,1
animations!,1
co-founders,1
arjona,1
jaume,1
casas.,1
try,1
wallet,1
"empodeiradas,1
fervor,1
presidência?,1
deixava,1
rir.,1
1eso,1
disfruta,1
augas,1
santas,1
taller,1
cetrería,1
horno,1
castro,1
villa,1
arme,1
#convaivenciaseso,1
entendam,1
parem,1
idiotice,1
ótimos,1
projetos,1
manipuladora,1
boçalnaro,1
afundar,2
merecem,1
culpa,1
salía,1
calle,1
bici,2
flipaba,1
levaram,1
menina,2
quae,1
entrando,1
rh,1
perguntando,1
gerente,1
2018..,5
avisa,5
turma!!!!!,5
#pttambémnão,5
#cirosim,5
ame,1
tudo!,1
ultrapassou,1
barreira,1
(pulando,1
81,1
votarão,1
(4,1
recuerda:,1
gay,1
lesbiana,1
asiatico,1
musulman,1
cristiano,1
fan,1
mineta,1
#debaterecord,6
tentando,6
dissimulado,6
sonhador,6
trapaceiro,6
fundamentalista,6
ordinário,6
cáscavel,6
rídiculo,6
#haddadpresidente13,6
permanecer,1
você:,1
#joaoamoedo30,1
warning,1
#newlp,1
#newalbum,1
"summer,1
mars,1
high,1
patrol,1
dispo,1
=&gt,1
nov,1
#standhighrecords,1
#testpress,1
_ant,1
"ele,1
soma,1
de:,1
21%,1
8%,1
6%,1
"apenas,1
27%,1
motivos,1
manifestações,1
(favoráveis,1
absurdamente,1
maiores?,1
fraude!,1
chegamos,6
ultrapassamos,5
menores,5
índices,5
espalhando,3
laranja,5
chegarem,2
quien,2
aparte,4
vegetando,2
profitando,2
proxeneta,2
barato,2
fragatas,2
segunda,2
compradas,2
forma,3
oscura,2
otro,4
valor,2
posee?,2
_dimm,2
_banned,2
_remizoff,2
в,2
главно,2
читайте!,2
очен,2
буд,2
ра,2
рецензия,2
втору,2
часть),2
lecture,1
felt,1
clueless,1
started,1
reading,1
_zaev,1
о,1
ти,1
550.000,1
најголемио,1
с,2
албанци,1
цигани,1
муртинск,1
циган,1
кра,1
сд,1
хемороидит,1
црпчо.,1
ago,1
sleeping,3
guy,2
hickey,1
later,1
slutwalk,2
then,9
slept,1
before,1
lol,1
hoe,1
point.,1
ardilosa,1
fórmula,1
ideias,3
próprias,1
justifica,1
posições,1
interessam,1
conclusões,1
terceiros,1
verdadeiras,1
inimigo,3
destrutiva,1
horror,1
sumir,2
politicamente.,1
phoebe,1
chandler,1
joey,1
curtem,1
memes,1
rachel,1
boys,1
magias,1
(haddad,1
daciolo),1
mônica,1
ross,1
usurpado,1
mãos,1
cúpula,1
sórdida,1
jogando,2
manipulando,1
ignorando,1
esqueça,1
ex-militantes,1
diretrizes,1
decisões,1
combining,1
two,1
challenge,1
lists,1
(and,1
own,3
additions),1
days,1
pearlina,1
they're..,1
perfect,1
^^;,1
forehead,1
touch,1
#splatoon,1
#pearlina,1
#offthehook,1
#pearl,1
acabei,1
sai,1
#mrsunshinef,1
=,1
luto,1
já...,1
rejeitada,2
(56,1
votariam).,1
preconceituoso,1
incompetente,1
ladrão,1
bate,1
jornalistas,1
jsuis,1
trop,1
gentille,1
c’est,1
grave,1
publicada,1
g1,1
matéria,1
dificuldades,1
esconder,1
tatuagens,2
emprego.,1
postamos,1
diversas,1
requisitos,1
possuir,1
piercings,1
recorte,1
ここで紹介しているサイトは有名な出会い系ばっかりです！！,1
alerta,1
mantenga,1
hice,1
deberes...,1
mãe,1
convenci,1
enfermería,1
#ligadia,1
lizarazu,1
intervenida,1
éxito,1
_cabello,1
sistema,1
capitalista,1
justificativa,1
querer,1
socialismo,2
parar,2
criticar,1
defender,2
candidato...,1
dejas,1
fundas,1
plásticas,1
playa,1
responsable,1
daños,1
fauna,2
#acciónporelplaneta,1
escort,2
service,3
hotline,1
+971524292172,1
website,1
#dubaiescorts,1
#dubaimassage,1
#top,1
#hot,1
#dubaiescort,1
#sex,1
#relax,1
#saudi,1
#kuwaiti,1
#european,1
#dubaiclub,1
#visitdubai,1
#erotic,1
#callgirlindubai,1
#businessbay,1
#jbr,1
#downtown,1
directo,1
comentarios,1
iván,1
gira,1
entra,2
esfera,1
nebulosa,1
assegura,1
políticas,1
liberais,1
(toscas,1
amoeba,1
segurança,1
posicionamentos,1
contraditórios,1
apoios,1
ofereceu,1
"estou,1
campeonato,1
brasil.",1
considerações,1
finais,1
idéia,1
velha.,1
chair,1
shown,1
tonight,1
brutal,1
choices!,1
#xfactor,1
どの位待てばいいですか⁇,1
笑笑,1
帰国後,1
焦る気持ちも、苛立つ気持ちも,1
全部浄化されちゃった笑,1
あざとくたっていいんだよ。,1
自分の持ってるカードで精一杯戦う,1
それが明日を繋ぐかもしれない,1
intemares,2
mayor,2
superficie,2
protegida..,2
dedicação,1
veinha,1
acionar,1
criminólogos,1
estudian,1
precisamente,1
esas,1
ayudar,1
sé,1
cansancio,1
repetirlo,1
what's,3
favorite,4
strat,3
ashton,1
said,2
email,1
someone,1
feels,1
mentioned,1
emails,1
knew,1
impact,1
fucking,1
sobbing,1
saved,1
5sos,1
dolar,1
evoluciono,1
bitcoin,1
gradualmente,1
cuenta,1
guardas,1
millon,1
futuro.,1
primero,1
queeeeee,1
pari,1
vol,1
año,3
erechim,1
absurdo,1
isso.,1
jogar,3
tarrafa,1
distraídas,2
"ser,2
mulher".ser,1
esquece,1
colega,1
padrinho,1
dilmanta,1
pedaleira,1
traíu,1
as..,1
дорого,1
дневничок,1
сегодн,1
мно,1
впервы,1
жизн,1
познакомилис,1
улице,1
вс,1
та,2
неожиданно,1
сказала,1
лесбиянк,1
свидани,1
пойд,1
во,1
ловк,1
проебыва,1
бого,1
посланны,1
шансы:3,1
universitários,1
estudam,1
trabalham,1
divertem,1
dormem,1
horas,1
qualidade,1
bebem,1
habitam,1
引用rtが正解だったことこの世で一回もないだろ,1
rapaziada,1
começando,1
guri,1
preconceito,1
pareça,1
gostou,1
fude,1
tatiane,1
jogada,1
quarto,1
namorado,1
dandara,1
morta,2
travesti,1
marielle,1
assassinada,1
calar,1
diante,2
injustica,1
vítimas,1
feminicídio,1
lgbtfobia,1
puderam,1
conosco.,1
_index,1
amigo,2
,por,1
12,6
,marina,1
,mas,1
nehuma,1
condição,1
,pelo,1
,mude,1
_presidente,2
oportunidade,1
fake,1
news,1
citaram,1
um.,1
títulos,1
daras,1
artillero,infante,1
etc..,1
darnos,2
master,1
tenéis,3
valen,1
paro,1
colmo,1
dicho,1
años,2
queréis,1
título,1
callados,1
"oportunismo,1
palmas,1
trocando,1
sorrisos,1
alckimim,1
fogueira,1
esfreguei,1
_la,3
_jimny,3
бли,1
далековат,1
очень.,1
consagrado,1
espalhar,3
falasse,1
"a,2
rainha,1
bichinha,1
sm/2,1
nuñez,1
gregorio,1
c.i,1
10948466,1
solicite,1
credifanb,1
sep,1
curso,1
zodi,1
apure,1
aun,2
respuesta.,1
_jordanov,1
nazis,3
greek,1
king,1
nazi,1
daughters,1
married,1
greeks,1
bulgarians,1
jews,1
macedonians,1
serbs,1
protected,1
them.,1
próximos,1
2022.,1
incubus.,1
aloo,1
desmatar,1
área,1
....kkkkk,1
dados,1
interessantes,1
juntar,2
venceria,1
estados,2
contando,1
vence,1
calculando,1
fanáticos,1
buceo,1
#cozumel,1
2do,1
#arrecife,1
ideal,1
admirar,1
okay,1
seriously,2
incredible,1
model..,1
starting,1
stanning,1
eleven,1
hh,1
truly,1
because,2
cut,1
mst,1
mtst,lula,1
reunir,1
montante,1
aí.,1
declarar,2
¡hoy,2
conocer,2
#vaquitaentreredes,2
--&gt,2
¿vienes,2
buonasera,2
ringrazio,2
serata:-))),2
sdds,1
snap,1
女の子(4歳)に「せんせい、おようふくに,1
アイロ,1
しゅーってする,1
なにしてるの？」と聞かれたので「シワを伸ばして綺麗にしてるんだよ〜」と答えたら、「ふーん、そうなんだ！」と納得。降園時、お迎えに来たママへ「ママさー！かお,1
アイロンした,1
きれい,1
なるんじゃない？」って。あかん。,1
exclui,1
perdi,1
contas..,1
gustado,1
enseño,1
infancia,1
ucrania,1
yers).,1
2:,1
llama,1
verdad,1
caia,1
bateu,1
patrícia,1
pillar,1
cofre,1
deixaram,1
meios,1
comunicação,1
fetiches,1
amanhã,1
bollos,1
daciolo..,1
meirelles?,1
amoêdo.#joãonosdebates,2
postura,2
semanas...não,1
duvido,1
aecio.,1
urgente,1
policía,1
preparada,1
administración,1
efectiva,1
debe,2
crearse,1
institución,1
contrario,1
conservarse,1
respetar,1
estructura.,1
ousada,1
incisivo,1
perguntas,1
destaque,1
enfrentar,1
conforto,1
notice,1
warns,1
director,2
pro-#jallikattu,1
film,1
‘marina,1
puratchi,1
retract,1
lies,1
told,1
#marinapuratchi,1
c__t_n_'s,1
garbo,1
(71),1
duda,1
beat,1
(30),1
(25),1
(15),1
ariana,1
(14,1
sério,2
oposição,1
roubaram,1
apelaram,1
queda,1
flertaram,1
joga,1
quererem,1
gera,1
dubiedade,1
afasta,1
chapemosmiamor,1
recent,2
am:zm,2
london,2
sheffield,2
remaining,2
posters,2
gls,1
technical,1
kelly,1
explains,1
why,1
thursday's,1
breach,1
million,1
users,1
becoming,1
[terrifying,1
norm,1
trabalhei,1
cansada,1
oportunidades,1
boas,1
dando,1
independência,1
precisar,1
carro,1
liberdade,1
divulgado,2
acordo,2
regras,2
tse):,2
12+1,2
12+3,2
12+5,2
12+6,2
12+7,2
12+18,2
12+33,2
12+39,2
eymael,1
filho,2
vera,1
lúcia,1
divulgar,1
conseguirem,3
acesso,1
material,1
ficamos,1
agradecidos.,1
comediante,1
dijo,2
"la,1
escucha,1
montón,1
historias,1
ex,2
novias,1
locas,1
mayoría,2
graciosas,1
casi,3
oímos,1
novios,1
locos,1
saben,3
qué?,1
río,1
pausa,1
salen,1
relación,1
vida".,1
equívoco,2
apontar,2
igual-oposto,1
deriva,1
imoral,1
ignorar,1
forças,1
correntes,1
internas,1
posição,1
insuficientemente,1
psol,1
ciro/marina,1
belo,1
banho,1
chuva,1
quoi,1
mieux,1
qu’un,1
mec,1
faire,2
rire,1
12:27,1
rayssa,2
saindo,1
escola,3
12:29,1
kkk,1
né?,1
irm,1
incisiva,1
parecer,1
atualmente,1
filiada,1
ministra,1
seis.",1
inveja,1
corrói,1
escolhe,1
desprezível.,1
isola,1
d'elba,1
16,21,1
(2,1
campo,1
#dayafterart,1
#venezia,1
#napoli,1
#elbashows,1
#isoladelba,1
#insideelba,1
#elbacheca,1
chaval,1
clase,1
intent,1
debatir,1
gastronomía,1
inglesa,1
española,1
caen,1
ovarios,1
aberraciones,1
soltando,1
_b98,1
no-names,1
duran,1
barba,3
tratándose,1
masón,1
macri,1
oportunidad,1
recordado,1
desplaz,1
verdaderos,1
dueños,1
nuestro,2
mismo.,1
qlqr,1
tiraria,1
"maior,1
お疲れ様(^^),1
台風来てたから撤収早かったねー,1
めがねまーりんかわいいいいいい,1
sabéis,1
suerte,1
quienes,1
vosotros,1
hahahahahaha,1
sobrou,1
coitada,1
marina,quer,1
mulher",1
dilmais!,1
idiotas,1
"elenão,1
caem,1
nessa.,1
físico,1
resolveu,1
cnadidtados,1
maneira,1
vieses,1
análise,1
acredite,1
med,1
gull,1
around,2
brixham,1
-doing,1
kingfisher,1
impression,1
afternoon,1
...xxx,2
necesario,2
abrazo,2
diga,2
estresada/agobiada,2
digan,2
exagerás,2
estresarte,2
más????,2
flipa,1
claudia,1
enseña,1
aproveitando,1
comunicativa,1
manha,1
comentar,1
opiniao,1
lil,1
wayne:,1
musicas,1
salvei,1
ultra,1
esperando,1
gostei,2
bastante.,1
qdo,1
aperta,1
zumbis,1
brasília,1
marina,,1
hegemonia,1
destruiu,1
taxando-a,1
banqueiros,1
levy,1
fazenda,1
tentam,1
sindicalista,1
abandonada,1
lula.,1
design,1
roupa,1
comenzamos,1
trocito,1
ruta,1
paseo,1
leyenda,1
#isladesálvora,1
sirena,1
"mariña,1
rescatada,1
"froilaz,1
convertirse,1
madre,2
primeros,1
propietarios,1
sálvora,1
#nauticdestination,1
prefiro,1
multa,1
3,51,1
pqp..,1
término,3
ve,1
jugoso,1
crudo,1
frío,1
crudo..,1
elección,1
hugo,1
carne,1
hecha,1
sal,1
poco,1
pimienta,1
acompañada,1
vino,1
¡es,1
manjar!,1
_mirandd,1
rica,1
demônios,1
espada,1
partners,1
desepero,1
destes,1
golpistas...alckimin,1
bolsolixo..todos,1
trincheita,1
golpismo..povo,1
tens,1
atento,1
defendem,1
michel,1
temer.,1
vueltas,1
asunto,1
yo:,1
puro,1
cálculo,1
abstém,1
bater,2
querrm,1
2t,1
ganhar.,2
_tt1,1
色々心配だとは思いますが、まずは痛みがおさまりますように。検査続きでお疲れ様でした。お大事にしてください。,1
seres,1
desprezíveis,1
falsa,1
dissimulada,1
cretina,1
"joguinho,1
tênis,1
expurgada,1
sempre.,1
citou,eu,1
fator,1
novo,meireles,1
contaminado,1
últimos,1
governos,1
papo,1
dialogar,1
prioriza,necessitamos,1
ação,1
kekel,1
salou,1
kevinho,1
escrevam,1
crescer,2
conversando,2
quantidade,2
inclinada,2
soa,2
intelecutal,2
"extremista".,2
resumindo:,2
preocupado,4
perante,2
certo/errado,2
formação,1
república,1
haviam,2
mauro,1
iasi,1
rui,1
costa,1
pimenta,2
luciana,1
genro,1
fundação,1
partido.,1
juntaram,1
hasudhsuhdsudh,1
viado,1
adorei,1
1a,1
aponta,1
chegaremos,1
2o,1
_b,1
tire,1
nojinho,1
amém,1
アカウント乗っ取られて削除されたっぽいんで,1
新しく作り直しました！,1
gracias!!!!!!,1
contenta,2
latín,2
pomeriggio,1
gessetti,1
pennini,1
calamaio,1
grembiule,1
colletto,1
inamidato,1
fioccone,1
canestrello,1
verso,1
nuove,1
avventure,1
cos,1
eravamo,1
tutto,2
grazie,1
hai,1
apprezzato,1
inizio,1
settimana:-))),1
_sun,1
felices,1
pringadas,1
pasa,1
vales,1
insônia?,2
procure,2
pronunciamentos,2
minutos,3
(o,2
"boa,2
noite",2
vem.,2
melhorar,2
isso?,3
guiada,2
qualquer..,2
wilmington,1
police,1
arrested,1
zachary,1
maditz,1
32,1
early,1
after,1
yacht,1
falsely,1
claimed,1
officers,1
responded,1
dock,1
port,1
4:15,1
a.m,1
reference,1
burglary,1
going,1
afford,1
sonho,2
eleicoes,1
avui,1
comencem,1
#projectevela,1
amb,1
els,1
alumnes,1
6è,1
ganes,1
baixar,1
platja,1
l’aigua,1
navegar.,1
_marina_ef,1
_macleod,1
alexa,1
anel,1
motel,1
hola,1
hermosa,1
sensual,1
totalmente,2
reales,1
cuerpo,1
deleites,1
sincensuras,1
rostro,1
con..,1
#querétaro,1
cheios,1
expressões,1
apostavam,1
decolar,1
certos,1
iram,1
entraram,1
desespero!,1
foto,1
lindíssima,1
pasado,1
celebr,1
windsurf,1
ucv,1
mañana,1
disfrutamos,1
actividades,1
iniciacion,1
_republik,1
perdiste,1
próximo!,1
faltaba,1
#ddm,1
lleno,2
calabró,1
cuñadita,1
rossi,1
listo,1
catita,1
barbaro,1
pon,1
fideos,1
panelista,1
grupos,1
vip,1
fue,4
placer,2
restrepo,1
rincon,1
mamas,1
amigas,1
compañía,1
mi..,1
serviram,1
"suas,1
ideologias,1
fé,1
eleitos,1
que..,1
おやすみ～,1
composition,2
3.000,3
manifestado,3
tetuán,3
protesta,3
asesinato,3
hayat,3
estudiante,3
intentaba,3
alcanzar,3
españa,3
patera,3
tiroteada,3
marroquí.,3
эт,4
да,2
проблем,2
большая,2
надеюс,2
ваш,2
администраци,2
адекватны,2
там.,2
girl,2
acts,2
sees,2
peacefully,2
_ren6,2
うわ、それ辛いやつや｡｡｡,2
こんばんは。,2
高橋真生さん今週末にngtから卒業ですね。,2
さみしいけど、5日は公演で楽しんで送り出してあげましょう。,2
προωθήστε,1
λέει,1
δημοσίευσ,1
ευρ,1
γι,1
προσελκύσετ,1
ακόμ,1
3000,1
άτομα,1
κάτσ,1
απαντήσ,1
σ,1
τρο,1
σχόλια,1
δει,1
πόσ,1
θ,1
προσέλκυσω,1
actually,1
enjoy,1
company,1
grabación,2
aprecia,2
extraña,2
criatura,2
aspecto,4
cola,2
abre,2
desmesurada,2
boca,2
desinfla,2
adquirir,2
pequeña,2
serpiente,2
50%.,1
"centro,1
somando,1
terças,1
feira,1
alagada,1
ondas,1
pude,1
fruteira,1
batia,1
canelas!,1
web,1
hahahahah.,1
claro,votar,1
pt.,2
ora,se,1
pt,não,1
motivo,1
alckmin,ciro,1
disse,são,1
coleguinhas,1
oposição.,1
pt.não,1
stop,1
🇸,1
#marinabaysands,1
_vs,1
marina!!!!,1
crescimento,1
reclamar,1
diva,1
_jsb,1
何回で取れたの？,1
brunswick,1
developments,1
limited,1
deserves,1
pat,1
gaining,1
planning,1
development,2
commercial,1
units,1
east,1
sussex,1
stable,1
finance,1
loans,1
client,1
finish,1
project.,1
fortaleceu,2
almoço,2
bb,2
相互りんくありがとうございます。,1
espécie,1
fogo,1
palha,1
imbatível,1
indicar.a,1
disso,o,1
soberano,1
escolher.,1
好きなひとは綾波です,1
dígalo,1
tincho,1
arismendi,1
manejar,1
rueditas,1
mdeo,1
indigentes,1
calles,1
astori,1
errores,1
conocimiento,1
charles,1
aznavour,1
morir,1
acompañando,1
muerte,1
andrea,1
otras,1
maté.,1
recordar,1
65,1
¿cuántas..,1
doida,1
abraão,1
klkkkkk,1
cal,1
jogou,1
cúmulo,1
desonestidade,1
intelectual,1
perdida,1
matemática,1
#concours,1
gagner,3
pour,5
#frenchdays,1
jeux,1
#forzahorizon4,1
tenter,2
votre,2
tas,1
05/10,1
#cdiscountfrenchdays,1
kkkkkkk,1
stopped,1
pressuring,1
relief...,1
¡¡386,1
donados,1
recogidos,1
campaña,1
alquiler,1
náutico,1
#beceite,1
"ayuda,1
tod,1
participado,1
sumamos,1
más.,1
¡por,1
mares,1
océanos,1
planeta,1
biodivesidad,1
soam,1
inúteis,1
chatos,1
avançadas,1
honesta.,1
pulha,1
credibilidade,1
zero,1
marcelo,1
adnet,1
divertida.,1
aww,1
she’s,1
cute,2
baby,1
funcione,1
ganhasse,1
expressividadenaspesquisas,1
makeup,4
dressed,4
favorito,1
fiesta,1
ponen,1
bella,2
ciao,1
bailan,1
fachas,1
ultimamente,1
criando,1
gostava,1
amazing,1
apartment,1
condominium,1
isleta,1
fajardo,1
usa…,1
jd&amp;marina,1
increíble.,1
enhorabuena,1
pareja,os,1
pederson,1
reich,1
better,1
apart,1
shame,1
frank.,1
rinaldi,1
$205,1
navy,1
cardigan,1
size,1
medium,1
#shop,1
#shopping,1
#shoppingday,1
#christmas,1
#sale,2
#shoppingaddict,1
#fashionaddict,1
#fashionblogger,1
#gift,1
#shopaholic,1
#buynow,1
#smallbusiness,1
#cardigan,1
cartaz,1
mostra,1
negar,1
debates.,1
#joãonosdebates,1
#joaoamoedo,1
mimimi,1
mtas,1
aí,1
tantos,1
retardado,1
mesmo.,1
buscar,1
encontr,1
según,1
acabo,1
leer,1
tony,1
podesta,1
cree,1
involucrados,1
tráfico,1
sali,1
lío,1
tampoco,1
imposible,2
viaport,1
türkiye’nin,1
deniz,2
üzerindeki,1
büyük,1
show’una,1
hazır,1
yarın,1
#viaportmarinatuzla'da,1
başlayacak,1
olan,1
fuar,1
ekim'e,1
kadar,1
dostların,1
ağırlıyor,1
#istanbul,1
#sailing,1
#turkey,1
#yelkenli,1
#tekne,1
#ekim,1
#pazartesi,1
#yacht,1
#yachting,1
#boatshow,1
#boatshowtuzla,1
jk,2
hyung,1
desenhou,1
costas?,1
molusco,1
pera,1
leão,1
simba?,1
macaco,1
carrega,1
simba!,1
#amas,1
_twt,3
perfeito!!!!,1
soňar,1
soňar.,1
invicto,1
rival..sufrir,1
dolor,1
insufrible..,1
maravilhoso,1
dúvida,1
razões,1
admiração,1
¡¡¡qu,1
cantaban!!!,1
¿los,1
recordáismari,1
carmen,3
malvido,1
mari,3
reluz,1
lázaro,1
lola,1
garcia,2
santana,1
ruano,1
olga,1
andino,..,1
realizar,1
docentes,2
graduados,1
autoridades,1
facultad.,1
aconteça,8
olhada,1
planos,1
infinitamente,1
decentes,1
disputa,1
crise.,1
can’t,4
wait,4
unseal,1
albums!!!,1
cards!!!,1
listen,1
songs!!!,1
watch,1
music,1
videos!!!!!!!!!!!!!!!!,1
#haddadnarecord,1
_fernando,1
disfarça,1
impresionante,1
región,1
lagos.,1
créditos,1
concours,1
blizzcon,1
_fr,1
nous,1
offre,1
l'opportunit,1
vous,1
billets,1
virtuels,1
aura,1
donc,1
gagnants,1
envie,1
tester,1
wow,1
classic,1
participer,1
commentes,1
#blizzcon2018,1
chefe,1
demitido,1
“-oi????”,1
_olimpico,1
lamento,1
passado,1
dinossaura,1
triste,1
errado,1
moço,2
bradou,1
plenos,1
pulmões,1
ouvirem,1
bh,1
incitação,1
coletiva,1
muito!,1
everyone's,1
fighting,1
battle,1
reason,1
ترض,1
زب,1
عشيقه,1
وتتنا,1
او,1
كوسه,1
والوا,1
صوره,1
خاين,1
جوزه,1
الشغ,1
وتتص,1
بعشيقه,1
يروحله,1
وينا,1
معاه,1
وكيفه,1
#سكس,1
#روابط_سكس,1
apaixonei,1
trigésima,1
vmin,1
lindos,1
mundo.,1
.nice,1
young,1
gilrs,1
0551389152,1
guess,1
fight,1
*cracks,1
knuckles*,1
nah,1
jokes,1
aside,1
that’s,1
shirt...i,1
there,2
pearl,2
shirts,1
união,1
atitudes,1
unificadoras,1
vídeos,1
campanhas,1
lida,1
destratando,1
pesquisar,1
acha.,1
senhora,1
militante,1
empatada,1
sorte,1
debatiendo,1
mejor??,1
chicos,1
cedo,1
jimin,1
sentiu,1
ardendo,1
impagável,1
#gcfinnewark,1
_anime,1
posted,1
#armyselcaday,1
idêntico,1
msm,1
gesto,1
ksksk,1
aaahh,1
she!!,1
marinus,1
underwent,1
taxonomic,1
revisions,1
rhinella,1
siya,1
découvrez,1
oreillettes,1
bose,1
sleepbuds,1
meilleurs,1
alliés,1
sommeil,1
d'en,1
paire,1
règlement,1
du,1
jeu,1
ici,1
すごい噛み跡を残してもらいながら、果てはった。さいこうだあ。,1
flota,1
cuidando,1
vasco.,1
partícipe,1
añejo,1
ideas.,1
saludos,1
ciudadanía.,1
_esp,1
今日も1日お疲れ様でしたm*´∀`)m♪,1
(๑•́ωก̀๑)おやすみなさぃ♡☆彡,1
copia,1
elogia,1
condo,1
#condo,1
#forsale,1
#bimini,1
#islandliving,1
#marinaviews,1
#seaviews,1
#largeswimmingpool,1
#boatdock,1
luis.,1
solete!!!!!,1
guapi,1
siempre,1
verte,1
cumprimos,1
dever,1
praia,1
noite,1
liga,1
pulamos,1
alegria,1
beijamos,1
tried,1
splat2n,1
what?,1
online,1
paid,1
now?,1
fuck,1
tbh,1
f*cked,1
“stay,1
fresh,1
tag,1
line.,1
5%-btg,1
medo.,1
#joãoamoedonosdebates,1
#extremosnao,1
ot,1
#ot2017,1
thalia,1
ricky,1
mimi,1
roi,1
agoney,1
alfred,1
aitana,1
ana,1
dr,1
gavin,1
squire,1
delivery,1
#bmw,1
#m5,1
third,1
purchased,1
jamie,1
bryan,1
#knights,1
#stoke,1
loves,1
others,1
楽しそうすぎ,1
_mari18,1
あるねあるね(´ー｀*),1
歌詞で泣くのもあるし、曲で泣くのもある。,1
落ち着く声ってあるね(*´ω｀*),1
lupi,1
tb.,1
despedida,1
vini,1
