acabei,11
decretar,10
voto,142
ciro,1997
gomes,462
recomendo,10
votarem,10
ficha,59
limpa.,12
12,98
#debatenarecord,442
_s,2
_azeved,1
fez,27
irm√£o,11
cid,2
secret√°rio,1
sa√∫de,5
assumiu,2
cargo,2
dizendo,32
iria,6
acabar,5
ocupa√ß√£o,1
pacientes,1
corredores,1
hospital,1
geral,2
fortaleza,3
todo,63
ocupa,1
cumpre,1
at,64
fim,31
pra,368
confiar.,2
sugar,46
daddy,46
inteligente,126
boas,49
propostas,73
limpa,49
competente,46
sabe,107
argumentar,44
debater,45
√©tico,45
simp√°tico,45
educado,45
lindo,54
debochado,49
reizinho,59
memes,44
carism√°tico,44
pensa,53
povo,80
vote,50
debate,430
sbt,124
1,145
dia,176
fazer,172
minicirurgia,123
sonda,144
ai,129
vem,131
eleitor,128
bolsorabo,123
falar,159
pode,180
ir,172
porque,217
ta,139
"recuperando",123
levar,155
alta,147
aqui,161
rio,125
chama,275
cuz√£o,123
onde,155
vcs,136
moram?,123
brasil,146
quero,33
pessoas,66
entendam,8
anos,33
luz,9
melhor,227
haddad,498
destruiu,3
primeiro,111
quest√£o,6
eun√≠cio,14
oliveira,6
criticando,4
pol√≠tica,23
engorda,3
monop√≥lios,3
educa√ß√£o,85
dinheiro,11
p√∫blico.,3
incrivelmente,3
conseguiu,32
ficar,10
direita,31
contando,4
pediu,16
pro,124
agripino,9
maia,5
realmente,28
suuuuuper,4
diferente,5
renan,8
bom,67
rico.,1
santo,3
esquerds,1
est,112
surfando,1
ondas,1
antipetismo,17
lupi,1
homem,24
honesto,3
pais.,1
verdade,25
bilhete,1
nunca,40
verei,15
bons,22
olhos,15
disso,24
desservi√ßo,15
pa√≠s,62
enfie,15
amargura,15
arrogancia,15
cu,17
ganhar,49
elei√ß√µes,32
ganhou,9
amigo,16
nessa,60
campanha,82
maior,29
presentes,11
discurso,14
repetido,4
cansei,4
sendo,31
bem,192
sincero,5
basta,4
ver,41
pesquisas,31
rejei√ß√£o,7
anti-petismo,5
diferen√ßa,6
abissal,5
desempenho,20
debates,39
entender,19
condi√ß√£o,4
segura,5
enfrentar,4
bolsonaro,419
2,75
turno,282
mais.,4
advers√°rio,15
chamar,13
programa,20
projeto,27
revanche.,13
core,1
kkkkkkkk,1
cara,47
al√©m,13
consegue,23
meme,5
vivo,9
namore,1
algu√©m,63
olhe,1
olha,10
#haddad13presidente,1
#maisamor,1
#menosbozo,1
@_olhaalua,3
vamo,16
ciro!,11
pt,425
chance,13
agora,63
situa√ß√£o,5
outra,13
vier,1
gerar,2
nova,44
tens√£o,1
2014,2
outro,20
golpe,8
infelizmente,6
=,1
mil,7
vezes,8
resumo,8
globonews,3
vc,50
sabedoria,2
lula,105
n√©,2
escolheu,1
odiosa,1
marina,262
candidata,1
gente,187
viu,19
tava,4
certo,20
escanteou,1
comprovando,1
coberto,1
raz√£o.,1
lado,13
disse,62
v√°rias,2
pessoal,17
mem√≥ria,5
curta,1
inocentes,1
√∫teis,1
c√°.,1
chegou,29
certeza,35
preparado,155
presidente,123
fortalece,21
cear√°,20
justamente,10
estado,38
governador,18
fato,12
governo,117
avaliado,9
datafolha,13
interessante,9
n√©?,10
logo,11
governou,7
acha,15
op√ß√£o,58
presid√™ncia,19
algo,11
fez.,7
cabo,32
daciolo,140
eh,36
video,6
mundo,16
bater,27
elei√ß√£o,81
8,20
aparecer,13
sede,12
pires,13
m√£o,15
podia,13
comportar,12
reta,13
final,28
dignidade,12
faz,31
boulos,106
exemplo,19
ciro:,54
esp√≠rito,55
animal,55
sensato,60
esperto,55
fala,100
preocupa,55
lgbt,55
mulheres,82
candidato,218
menos,72
rejeitado,60
dentre,55
principais,57
plano,76
ganha,74
lavada,55
todos,140
segundo,181
vota,106
"sei,5
segunda,19
todos"..,5
caralho,9
trabalha,10
comunica√ß√£o,5
contratou,5
amor,61
certamente.,5
dirigir,6
eleitores,37
progressistas,22
gomes:,6
polarizou,6
√∫nica,11
esperan√ßa,11
contra,95
fascismo,18
murchou,6
apenas,14
d√≠gito,6
desperdice,10
vamos,57
espantar,6
brasil!,7
disparado,2
qualificado,1
contexto,41
crise,1
econ√≥mica,1
institucional,1
margem,7
eleger,15
amadores.,1
#ciro12,87
#cironarecord,69
#gloriaadeuxx,1
√°varo,15
dias,87
acaba,50
denunciar,15
record,34
compra,16
apoio,31
eleitoral,23
ordem,17
direta,15
escrita,15
modalidade,15
-um,15
mensal√£o,15
direto,15
pris√£o.,15
alckmin,173
√°lvaro,58
apontaram,1
armas,2
pouca,2
proposi√ß√£o.,1
proposi√ß√£o,1
ideias,10
soube,1
defender,6
meireles,5
gen√©ricas,1
"admiro,1
trabalho,7
uahuahauhaua,1
af,2
duo,1
ia,11
esquerda,56
btg,29
tend√™ncia,4
fica,15
provado,1
limites,2
coer√™ncia,2
free,1
style,1
ciro.,26
cert√≠ssimo,1
criticar,11
respeito,6
proposta,24
assembleia,3
constituinte,14
prerrogativa,1
atual,4
levaria,1
risco,7
perdermos,1
direitos,2
cl√°usulas,1
p√©treas,1
hoje,47
.,14
ruas,5
cheias,5
m√≠dia,8
cheia,17
omiss√£o,5
cheio,35
orgulho,6
elen√£o,5
mentiras,5
xuxu,5
trejeitos,5
cinismo,6
defeitos,7
vento,5
coragem,7
jb,5
segue,13
l√≠der,9
mirou,1
nesta,2
prop√µs,1
convocar,4
mesma,9
forma,14
general,4
mour√£o,6
vice,14
rebateu,1
sempre,23
contr√°rio,1
governos,5
autorit√°rios.,1
nasceu,38
ditadura,41
militar,38
formado,38
oper√°rios,38
sindicalistas,38
camponeses,38
intelectuais,38
artistas,38
religiosos,38
etc,43
coloc√°-lo,38
partido,66
autorit√°rio,38
jeito,45
fazem,60
canalhice,38
gigantesca.,38
divulgado,1
n√∫meros,5
candidatos,60
(de,11
acordo,13
regras,1
tse):,1
12+1,1
meirelles,77
12+3,1
12+5,1
12+6,1
12+7,1
amo√™do,30
12+18,1
12+33,1
12+39,1
achou,10
estranho,1
geraldo,16
subir,2
cair,12
?,1
bolso,10
entendo,5
semana,38
ataques,6
assim,14
acho,36
30%,1
agr,4
bizarro,1
longe,28
√∫nico,33
tocar,9
quatro,9
dialogando,9
lados,10
vez,29
furada,16
total,18
hist√≥ria,30
constitui√ß√£o,29
congresso,16
piora,17
88,16
correla√ß√£o,16
for√ßas,18
favor√°vel,17
pobres,16
ruim,18
precisa,86
detonando,17
cima,27
bobagem,17
sobre,44
claramente,13
capacitado,6
destaca,1
meio,4
demagogismos,1
acusa√ß√µes,1
fal√°cias,1
apontamentos,1
coerentes,2
responde,1
perguntado,2
fechou,8
chave,7
ouro,6
pedindo,9
polariza√ß√£o,19
petistas,18
fascistas,7
monstro,6
participa√ß√£o,8
nestas,7
#ovotonarecord,33
devo,1
entendido,5
mal,6
entao?,1
pareceu,1
ce,2
quis,4
dizer,44
centro,10
isento,1
aguentar,8
deveria,8
cotados,1
deixava,1
participar,1
rir.,1
fizeram,2
parceiro,1
antes,8
manifesta√ß√£o,1
5,43
pesquisar,2
pouco..,1
[30/9,4
23:41,1
fernando,8
viana,2
ciro?,4
23:43,1
saulo,2
cuzao,1
23:44,1
pprt,1
23:45,1
falso,1
neide,1
gozou,1
(,21
"n√≥s,11
precisamos,13
achar,11
caminho,15
reconcilia√ß√£o".,11
agride,11
entrevistadores,11
tapas,11
socos,11
negro,11
discorda,11
"capit√£o,11
mato,11
parte,37
razo√°vel,11
eleitorado,15
nacional,13
"nazista".,11
ent√£o,66
respondeu,1
macho,1
frente,27
outros,14
mudar,19
continua,7
votando,6
racha,1
beijos,1
13,6
bozo,54
dai,1
trezao,1
ne,4
la,7
#debaterecord,8
√≥dio,19
extremos,5
odienta,1
galera,28
hein...,4
favor,12
continuo,36
firme,42
forte,46
gomes,o,34
governar,51
juntos,7
dias,,1
quanta,1
demagogia...apela√ß√£o,1
desespero.,2
qualquer,27
centrado,2
honesta,1
quer,110
cen√°rio,4
grande,16
probabilidade,1
silva,33
dois,12
ganhando,5
1t,1
cada,19
evoluir.,1
nada,17
nao,23
viva,2
democracia,7
ne...,1
voce,4
arrombado,1
julgar,5
tiraram,6
uns,37
votos,38
haddad.,23
identifico,11
pois,11
coisa,23
come√ßo,5
bonito,11
argumento,4
acabo,4
perdendo,4
paci√™ncia,4
mandando,8
tomar,41
cu.,4
prevejo,2
toca,6
pinda,2
n/cear,2
perguntando,2
''por,2
ganhei?',2
retomando,2
lideran√ßa,3
teto,7
#elen√£o,14
espero,5
confirmado,2
#elen&amp;#.,1
parece,29
google,6
tradutor,6
pausadamente,6
maneira,7
rob√≥tica..,6
rachar,7
tanta,9
‚Äúmassa,6
corrida,7
cara...marina,6
competindo,6
araci,6
top-therm,6
quesito,12
voz..,6
remendado,6
tanto,22
‚Äúeu,15
vim,17
√∫ltimo,18
veio?,15
amo,29
chamado,16
educacao?,1
bolsonaro.....,1
andrade,3
saude?,1
disse....,1
seguran√ßa?,1
fala.....,1
obrigado,4
sras,1
senhores,1
ajudar,6
pesquisa,90
pactual,25
sair,13
forno:,12
caiu,36
2%.,12
subiu,32
1%.,12
3%,12
desidratando,12
1%,12
surpreende,12
alcan√ßa,12
5%,13
superando,12
alvaro,25
tentou,10
desestabilizar,1
conseguiu.,1
problema,11
algum,5
convoca√ß√£o,2
comparar,11
ideia,3
loucuras,1
mourao,1
mentira,2
bl,200
bl√°,100
digo,27
chuchu,26
merenda!!!!,25
gl√≥rias,25
deux!,24
surpreendendo,1
revelando,1
bastidores,1
dessa,25
s√≥rdida,3
parab√©ns,6
minaram,1
candidatura,6
neste,13
momento.,2
super,24
votaria,5
acabamos,8
dilma,6
deixaram,1
paz,16
minuto,1
inventaram,1
tirar,51
medo,9
prefiro,6
racional,1
poss√≠vel,17
agora.,1
ficam,2
corrup√ß√£o,33
ditaduras,1
venezuela,3
veneram,1
jamais,3
v√£o,38
apartid√°ria,1
jair,7
assuma,1
claro,18
ap√≥s,15
protestos,1
diz,30
salvar,8
'precip√≠cio,1
presidenci√°vel,1
pdt,28
afirmou,1
ficou,14
'orgulhoso,1
'um,1
sadio,1
sociedade,2
brasileira',1
voltou,1
hamilton,1
psl.,1
acabou,11
pq,54
soltou,2
confirmou,2
duas,7
coisas,10
previ,2
passada,2
passou,21
falta,8
passar,3
bozon√©scio,2
caminho.,2
(n√£o,2
liguem,2
pros,7
variam,2
instituto,7
vejam,3
curvas.,2
poderia,16
identificar,1
deus,55
fla-flu,1
sinceramente,15
excepcional,11
pena,16
poucos,11
assistem,11
nesse,22
hor√°rio,12
espalhar,12
arrebentou.,11
rea√ß√£o,9
esfor√ßando,9
manter,9
normalidade,9
ouvir,9
serm√£o,9
serpes/o,6
popular,28
goi√°s,6
(em,6
v√°lidos):,6
51%;,6
17%;,6
8%;,6
6%;,6
6%,12
loooonge,3
gnt,4
pfvrrrrr,3
adoro,6
porem,1
surtado,1
capaz,14
acalmar,2
acusado,1
superfaturar,1
helic√≥pteros,2
alvo,10
a√ß√£o,15
improbidade,1
licita√ß√£o,1
cear,17
pagou,1
us,1
19,1
mi,1
por..,1
seguran√ßa,9
cabe,1
decidir,9
arriscar,2
fascista,5
extrema,3
democrata,1
reais,6
chances,7
eleito,12
governabilidade,3
#agorasouciro,1
voc,29
explicar,3
origem,1
palavra,6
assina,1
baixo,1
bobagens,2
saber,7
votar,119
princ√≠pios,1
escolherem,1
respeite,1
recolha,1
limites.,1
tomara,2
ven√ßa,1
merda,14
repito,4
n√£o!,2
acredito,4
ultimo,1
minuto!!!!!,1
massa,2
milit√¢ncia,6
formiguinha,1
recompensado,1
despertar,1
daqueles,1
d√∫vidas,3
consolidando,1
linda,5
rela√ß√£o,8
azedando,3
bate,4
escalado,3
vingan√ßa.,3
incompar√°vel,1
inclusive,9
to,14
quiser,14
alem,1
petismo,1
sigo,4
confiando,2
cheguemos,1
f√©,1
destino,1
2022,1
rt,3
primeira,52
perguntar,1
(pdt),2
"nenhum,1
democr√°tico,3
presidente",1
come√ßa,14
"o,7
podemos,3
promover,1
confian√ßa,1
entendimento,1
brasileiros,3
caia,1
radicalismo?",1
sim,35
narrativa,1
cr√≠vel,1
tendo,4
competitividade,1
campanhas,1
podem,7
"puros,1
resto,14
boa,29
sorte,2
noite.,1
engolindo,5
surpresa,6
crescer,6
sexta,5
colar,5
petista,17
realidade,12
semanas,2
empatou,1
migo,1
oh,3
:,2
queria,28
votem,8
omha,1
puta,4
pariuuuyu,1
brasilllllllllllllllllllllll,1
combate,1
crime,1
intelig√™ncia,4
policial,1
prote√ß√£o,1
jovens,16
votemos,1
goste,1
amoedo,27
fundo,8
partid√°rio,14
tempo,22
tv,6
estar,11
d√©cadas,1
relevante.,1
levando,1
conta,8
erro,15
tecnicamente,2
empatado,5
olhando,1
responder,6
perfeito,4
preparados,2
:"a,1
mulher,8
unica,2
importante,10
fun√ß√£o,2
vida,11
dormir,10
ele",desce,1
tapa,1
opoe,1
maconheiro,1
envolvido,2
escandalos,1
roubos,1
desse,13
merece,10
passa,6
coron,1
merda!!!,1
conhe√ßa,5
lugar,11
falado,14
melhores,40
finalmente,2
postura,3
desvencilhar-se,1
arguiu,1
postou,2
mandou,3
recado.,1
incr√≠vel,3
transforma,2
"grande,2
p√∫blico",2
ator,2
categoria,2
excelent√≠ssimo,2
ministra,2
alckmin..,2
trata,2
pessoalmente,3
"merda,2
anta,2
filho,5
put@,2
caras,5
poder,47
motivo,11
deixou,7
psdb,21
sabia,9
hora,11
demoraria,7
chegar,10
espa√ßo,18
dominada,7
historicamente,7
flerta,7
regular,1
controle,1
remoto,1
entrevistar,1
aberra√ß√£o,1
liberdade,2
imprensa,12
limite.,1
demais,38
presidenci√°veis,2
assumir,24
12.,8
btg/fsb,34
divulgada,36
(01/10,7
compara√ß√£o,9
anterior,8
(24/09):,7
31,44
(-2),9
24,37
(+1),11
11,45
(+3),9
9,13
(-1),26
(+2),10
4,22
(=),11
mbl,3
dando,3
cr√©dito,1
fico,2
orgulhosa,1
menino,2
falando,16
sala,1
aparentemente,13
ningu√©m,8
conhecia,1
nomes,2
falei,2
acreditando,2
nisso,6
torcendo,1
j√∫lia,1
desculpa,2
intrometer,1
pergunta,11
assiste,1
sabatina,1
youtube,1
faap/estad√£o,1
horas,1
globo,22
news,2
30,6
minutos,1
jornal,1
tbm,5
consistentemente,1
debates.,1
mim,18
apaixonada,4
mano,10
gracinha,3
aff,2
kkkkkkkkkkkkkkkkk,2
deixei,1
twitter,15
aberto,2
so,3
ve,1
sentie,1
diferen√ßas,2
pensar,4
momento,12
urna,8
comemorar,1
amigos,7
vit√≥ria,8
eleitoral.,1
coerente,15
preparada,9
projetos,10
quais,11
participo,7
mundo.,8
pior,2
hj,12
terceirizado,1
entusiasmado,1
spc,18
como?,1
valor,2
pago,1
cofres,1
p√∫blicos,1
pagos,1
toda,19
aumento,1
impostos,1
ademais,1
inadiplemento,1
incentivado,1
ent√£o?,1
‚Äúvoc,1
acredita,10
dizer‚Äù,3
afirmar,2
preciso,3
refazer,8
coisa.,3
encerrar,3
radicaliza√ß√£o",3
pol√≠tico,8
acompanhe,3
folha,4
all,20
media,40
is,21
good,20
enquanto,28
descansa,20
recupera,20
condi√ß√µes,21
criticado,20
cart√£o,20
visita,20
ato,4
2:,1
lembrando,3
timidamente,1
suspirar,1
opini√µes,1
pr√≥prias,1
percebe,1
leva,4
salnorabo,3
hospitalizado,1
reaparece,1
umas,2
sensatas,4
aparece,4
torto,1
ponto,3
pol√™mico,1
cria√ß√£o,1
lembra,4
prerrogativa.,1
devaneio,18
rir,19
durante,18
dele.,20
estabilidade,19
rachando,18
bico!,18
hahahahahahhaaha,18
_barros,3
centr√£o,5
sinal,2
p√∫blico,3
conversar,3
negociou,2
claras,2
envolvendo,2
demonstrou,2
aceita,2
alian√ßas,6
baseadas,2
simples,4
assim.,2
_fernandes,7
"antipatia",1
"cinismo",1
bl√°bl√°rina,1
"desespero",1
"fanatismo",1
"educa√ß√£o",1
"cara,1
pau",1
fora!,1
injusti√ßado,10
reportagem,10
revista,10
isto√©,10
pris√£o,10
curitiba,11
coordena,10
mudem,12
benef√≠cio,10
#alvarodias19,10
rara,4
escolher,8
credenciais,4
conhece,7
dialogar,5
estadista,4
s√©rio,20
√∫til,28
concretas,10
ganharia,9
f√°cil,37
deixem,10
dar,36
pensem,8
hein,2
concorre,1
esp√≥lio,1
pouco,10
apareceu.,1
"eu,4
aceito,3
(eunicio,2
corrupto,3
ajeitou,2
ele...",2
triste,15
sentimento,1
conseguir,15
katia,3
motosserra,1
livrar,1
antipetista,3
bonoro,8
alckimin,6
-,4
equipe,5
direito,40
resposta,32
conclus√£o,11
sereno,5
propositivo,4
lidera,4
inten√ß√µes,9
voto.,5
#haddadnarecord,14
#haddad13,6
ajoelhando,4
perder,17
respeitar,7
fundador,5
leonel,4
brizola,8
c√¢ncer,4
suspenderia,4
concess√£o,4
sustentou,4
ditadura.,4
sorridente,5
eunicio,6
kkkkkkkkk,10
internet,7
maravilhosa,5
vejo,13
possibilidades,6
gosto,3
curtido,1
debatidas,1
deixa,3
pr√≥xima,2
elei√ß√£o.,3
muitos,8
questionamentos,1
lava,1
jato,1
sentido,5
deu,18
bola,6
temperamento,1
complicado,1
fortes,1
(ou,1
pior).,1
6,3
pontuaram,1
√∫ltima,3
jo√£o,3
#joaonosdebates,2
falem,3
importa,8
coloquem,3
destaque,4
representa,23
aluno,21
nerd,20
estuda,21
tudo,77
cansado,1
repetir,1
termina,4
bem.,5
saiu,14
bolsonaristas,4
haver,6
soma,5
62,4
banco,4
paulo,15
guedes,15
31%,5
33,8
superou,8
acreditem,8
jogo,11
pensei,2
favorecendo,1
adoraria,1
precisas,1
permite,1
colocarem,1
sabendo,1
perdem,1
atr√°s,6
op√ß√µes,2
3,16
inverteu,1
haddad/pt,1
autocr√≠tica,2
aliam,1
apoiaram,1
alia,1
k√°tia,5
atualmente,2
flertando,1
calheiros,6
mdb,3
uni√£o,1
parlamentar,1
aceita√ß√£o,1
popular.,1
duvido,2
encabe√ßando,1
chapa,3
daria.,1
arrepios,1
ali,5
quase,16
inten√ß√£o.,1
vi,32
querendo,8
puder,12
mostrar,2
fonte,2
agrade√ßo,1
sei,32
in√≠cio,1
ano,5
estrat√©gias,6
pol√≠ticas,3
coerentes...,1
enquete‚Ä¶,3
=d,1
aula,4
explicando,1
haddad!,3
nenhum,15
pisa,10
desperdi√ßado,10
superior,5
reflitam,4
moral,8
pactual/fsb:,1
(psl,1
(pt,5
(psdb,1
(pdt,3
(novo,1
(rede,1
07/10,6
a√≠,8
eventual,1
conseguiria,3
entregar,1
prop√µe,6
muita,9
tentada,1
estrat√©gia.,1
esposa,19
tornar,23
dama,19
cora√ß√£o,35
amanh,2
decisivo,1
conquistar,3
levarmos,1
2¬∞turno,3
virada,1
vencer,13
unido,1
katy,3
perry,3
apoiando,9
beijo,1
pocs,2
hahahaha,3
empate,2
hegem√¥nico,1
vitoriosa,1
importantes,4
campanha",1
por√©m,9
infinitamente,1
relevantes,1
"esquerda",1
l√°bia.,1
_igor,1
_d,2
_ds,1
_ciril,1
@_wupe,1
_skoberne,1
saj,1
nisem,1
rekel,1
ni,1
bila,2
dobra,1
ravnateljica,1
samo,1
tale,1
kandidatura,1
je,2
bolj,1
ponesrecena...,1
nulo,2
fa√ßa,4
acabe,2
bozo),2
capazes,2
trazer,5
juntem,2
vi√°vel,3
#ciropresidente,12
liso,4
alfinetadas,4
preferencial,4
afiado,4
perdidos,4
escanteado,4
modo,8
ursal,4
levou,6
dura,4
bloco,5
den√∫ncia,3
procede,2
maranhense,2
comentando,2
estranhas.,2
faca,1
queijo,1
juntar,7
sim!,1
brasileiro,9
concorrentes,1
correu,9
bolsonaro!",1
processado,1
racismo,2
abre,1
mat√©ria,1
sulistas,1
falou,12
nazismo,1
regi√£o,1
"contra,7
desequilibrado,7
xinga,9
geral.,25
"representamos,7
controlar,7
"tem,7
casa,18
solu√ß√£o,8
ocupar,8
tudo.,8
l√∫cido,7
come√ßou,2
assola,1
verdadeira,2
cortina,1
fuma√ßa,1
problemas,2
sociais,4
econ√¥micos,1
comentava,1
car√°ter,4
oportunista,1
pepsi,1
gomes..,1
aproveitou,3
mostrava,1
veio,9
acharem,1
bozonaro,2
saiba,4
nele,20
elegendo,1
atac√°-lo,1
folga,1
pense,5
elege,4
2.0,1
bastante,2
adesivo,25
mensagem,1
clara,2
camisa,14
bandeira,20
panfleto,13
partidos,28
aposto,14
idosos,13
crian√ßas,15
sobretudo,13
civilizat√≥rio.,13
entramos,1
full,2
mode,1
pensem..,4
vence,8
disputam,4
segue...,4
experiente.,1
01/10,27
9%,29
vitoria,27
garantida.,27
vivi,3
mostra,16
derrotar,5
desta,4
recado,1
valorizem,1
pequenas,1
bebam,1
√°gua,1
deem,1
risada,1
reclamem,1
noite,9
mude,2
sistema,3
coliga√ß√µes,2
possibilita,2
mandatos,2
sa√≠da,2
rep√∫blica,4
nanico,2
ataca,8
grandes,5
engana,2
sozinho.,2
finge,2
oposi√ß√£o,8
roubam,1
juntos.,1
colegas,2
estariam,1
vendendo,1
quanto,4
declara,1
extremista,1
fogo,1
cruzado,1
senhor,2
marina,ciro,1
propaganda,4
gratuita,1
colocar,18
‚Äúx,1
inv√©s,2
‚Äú@,1
"refazer,1
propor,5
vingan√ßa,3
raz√£o,7
cuidado,1
passando,2
animado,3
hahaha,3
notifica√ß√µes,2
abarrotadas,2
monte,2
decidiu,5
(me,2
refiro,2
todas,15
redes,10
intensificar,6
dentro,10
foto,8
plaquinha,6
gravar,6
v√≠deo,25
√≥timo,10
estaremos,15
divulgando,6
aqui.,6
achando,2
desonestidade,3
intelectual,3
virou,3
redund√¢ncia.,2
honestamente,3
dividido,2
fortemente,1
coiso,8
cirer,1
gomer,1
frider,1
kalder,1
receber,1
e-mail,2
regularizar,1
felizmente,2
estara,1
(boulos,1
henrique,2
alkimin,3
resolver,1
boloro,1
gostei,7
dobradinhas,1
nesses,1
√∫ltimos,2
continuar,4
descontentes,1
robalheira,1
permitiu,1
omitiu,1
expurias,1
inescrupulosas.,1
_ortega,1
inteligentes,1
suficiente,1
critic√°-lo,1
motivos,1
justos,1
rebaixar,1
rasteiro,1
nacional.,1
devem,3
resultado,8
arrumou,3
lutando,3
pai,1
escutar,1
considera√ß√µes,1
finais,1
reclamar,1
√≥timas,1
declara√ß√µes,4
ok,13
duvidas,1
ja,6
pararam,1
ces,1
sao,2
besta,1
#votonarecord,2
universit√°rios,1
d√≠vida,1
acumulada,1
bilh√µes,1
fies,1
refinanciar,1
justo,1
pagam,1
arrumam,1
trabalho.,1
deeeus,1
perfil,2
daquela,1
doida,3
musica,2
bororo,1
causa,28
batendo,7
palma,6
adora√ß√£o,6
amea√ßa,9
bizarra,6
votaria.,6
lata,7
real,16
guerra,7
elenao,7
‚Äúnazista,7
fdp.,7
important√≠ssimo,7
brado,7
retumbante,7
alma,10
_zds,1
troca,6
kkkkk,2
top,3
daciolo.,5
lavar,3
letras,3
usa,4
comprar,3
sabotar,5
gomes.,7
centro-direita,5
sul,3
reafirme,3
acorda,3
‚Äúhaddad,1
desculpar,2
2018,3
adianta,4
neg√≥cio,21
nordeste,4
obs,1
pintaram,1
mo√ßo,1
efetivas,1
ch√£o,1
organizando,1
direitinho,5
sai,4
serasa,1
parcelar,1
iphone,1
18x,1
#magazineluiza,1
com√©dia,10
erros,10
rasgava,8
elogios,8
centro-direit√£o,8
estocada,8
via,12
decolou,8
desesperou,8
igualar,9
trag√©dia.,8
simpatia,3
itemzinho,1
pessoa,8
querer,5
mando,11
seis,12
milh√µes,22
parar,11
apoiar,14
comiss√£o,11
n√£o.,12
tiro,12
#haddadpresidente,15
venha,2
desenhando,1
nele!,1
copiadas,1
biscoito,1
pacote,1
algumas,5
mas..,1
honra,1
gl√≥ria,2
am√©m!,1
chegaremos,3
hist√≥rica,3
2¬∞,3
curvar,3
#manuvice,3
#obrasilfelizdenovo,3
#vote13,3
argumentos,7
convincentes,1
mudei,2
esperando,1
mo√ßa,1
mente,4
vazia,1
interessam.,1
bicho,6
kkkk,4
rindo,4
b√≠blia,1
negocio,2
ganhe,6
porra,4
bobonaro,3
pegar.,1
levem,7
cometam,7
pt.,11
"ain,1
enganar,1
povo",1
ah,6
t√°,4
come√ßar,3
acreditar,8
macaco,1
ing√™nuo,1
bonzinho?,1
mostrou,1
desenvolvimento,2
!!.,1
oportunidade,3
futuro,2
provou,1
!.,1
#elesnao,1
terno,7
gravata,2
prop√≥sito,2
pr√≥pria,6
encarregando,2
deixar,12
eleitoras,2
indecisas,2
sabiam,2
cheios,5
viram,6
express√µes,5
apostavam,5
decolar,5
ambos,7
certos,6
iram,5
entraram,5
desespero!,5
_n89,1
correr,3
s√≥:,1
malabarismo,4
ol√≠mpico,4
esquivar,4
par√¢metros,4
mudan√ßa,8
constitucional,7
certamente,4
assustar.,4
_fire5,1
..,3
simpatizo,1
:),3
veja,2
filiado,1
haveria,1
defendo,1
cegamente,1
cr√≠tico,2
deixo,1
simpatia...,1
indigna√ß√£o,18
fizemos,18
votam,19
nele?,18
roubo,18
desmoraliza√ß√£o,18
justi√ßa,20
aparelhamento,18
grita,18
livre?,18
#bolsonaro17,18
coiso.,1
concordou,1
olhar,1
entrevistas,2
razoabilidade,1
pr√≥prio,6
ex-presidente,1
favorzinho,2
apelo,2
pensam,2
culpados!,2
fant√°stico,1
cujo,1
zomba,1
aceitar,2
senten√ßa,1
proferida,1
√≥rg√£o,1
colegiado,1
lar√°pio,2
prop√¥s,3
sequestrar,1
escond√™-lo..,1
prioridades,6
alkmin,6
sa√∫de.,6
escolhi,8
ran√ßo,6
afastou,1
posso,2
acabando,2
trajet√≥ria,1
t√©rmino,1
derrotados,1
pdt.,1
tb,6
analise,1
baseado,1
pactual...a,1
onda,2
ocorrer,1
ciro...,3
tradicionais,1
atoa,1
desde,4
89...isso,1
torna,1
fraco...,1
vendo,2
mta,1
nessas,4
elei√ß√µes...,1
bonojo,1
ganhe,t,1
valendo!,1
consci√™ncia,1
loco,1
fantoche,1
desses,2
pensadores,1
exatamente,4
#jovemdoano,1
#kevinho,1
7,10
turno!!,1
#cironosegundoturno,2
destrua,1
fudendo,1
,queria,1
nascido,1
tristeza,1
;-,1
(ps,1
botei,1
baguio,1
achei,3
engra√ßado,6
fifa,1
first,1
immobile,2
(pelo,1
use,1
palavras,2
abrir,1
mentes,2
cegar,1
lament√°vel,1
competir,1
politica,2
acusa√ß√£o,1
op√ß√£o.,1
sensatos,1
igual,5
enquete,1
apoiador,1
cambada,1
vagabundo,1
hadadd,1
etc...,2
reclama,2
lulinha,1
manuelinha,1
apoiam,1
matou,3
120,1
confirmados,1
#elenao,5
critiquei,1
tenta,1
nome,17
julgue,1
m√©rito,1
ali√°s,2
pregando,1
carregando,1
tom,2
#cirogomes,1
fortalecer,2
#petrobras,1
recriar,1
soberano,1
#ciro,2
#ciropresidente12,2
fofinha,1
velhinho,1
bombom,1
_fernando,9
garante,3
administrar,1
cidade,6
kkk,6
destacou,1
positivamente,11
prefeito,6
magistral,1
usar,3
indignado",1
mede,1
p√©s,3
metro,1
nela,1
geraldinho,1
surgiram,1
tweets,1
abanando,1
rabo,2
tucano,1
original,3
nota-se,1
deve,3
sonho,7
galerinha,6
1Ô∏è‚É£3Ô∏è,6
timeline,7
supera,12
varios,1
auges,1
debate:,1
atacando,2
bozo;,1
sabotagem,1
questionando,1
constitui√ß√£o;,1
gaguejando,1
horrores.,1
arrependendo,1
profundamente,1
tirado,1
t√≠tulo,3
presidencial:,1
dupla,3
perfeita,3
duvidas.,3
busca,4
turno!,3
#debatedarecord,3
estrat√©gia,2
porta-voz,1
d√≥i,1
indica√ß√£o,1
),1
imagina,2
indo,4
m√£os,3
dadas,2
briga,2
discutir.,1
derrotamos,1
come,1
catioro,1
quente,1
beija,1
__oyg,1
tentador,1
anti,4
bateu,2
inebriou,1
mundo".,1
salvador,1
maioria,4
escorando,1
militante,1
tranquilo,2
especialista,1
humildade,1
reconhecimento,1
#debateaparecida,1
#boulosnatvaparecida,1
consigo,8
raio,2
parta,2
cedo,1
mes√°rios,1
lacrar,1
personalidade,1
parecida,1
principalmente,1
falas,2
"exc√™ntricas,1
"contatos,1
capit√£o,2
mero,1
cidad√£o,1
tentando,3
forte.,1
_club,1
noutro,1
verdade.,1
dialoga,3
tranquilamente,3
apoiado,3
ele.,3
estagnado,1
natural,1
ter√ßo,2
diminui,1
ritmo,2
crescimento,1
d√≠gitos,1
cresce,2
modestamente,1
mingua.,1
lidar,1
#ovotonarecod,1
rea√ß√µes,2
animais.,1
esquerdista,1
talo!,1
ret√≥rica,1
conte√∫do...mas,1
esquerdalha!,1
trag√©dia,1
economia...jogo,1
cena,1
criticas,1
aliado,1
2¬∫turno,1
ter√°!,1
√∫nca,1
sa√≠da!!,1
quisesse,4
crist√£o,2
votava,6
alckimin.,1
ignorancia,1
estupidez,1
preconceito,5
identifica.,1
tse,9
rejeitou,8
pedido,9
retirar,8
ar,8
confessa,8
planos,8
implementar,9
socialismo,9
assistam,8
compartilhem,8
votarei,3
simplesmente,4
apostar,2
psol,6
deputados,2
senador,2
indiscutivelmente,2
aconter,2
gradativamente,1
machista,2
racista,3
homof√≥bico,2
kkkkkkkkkk,1
(marina,1
curiosidade,1
mesmo),1
outubro,1
traga,1
novo,5
(o,2
bosta,1
batido,1
prevendo,2
nivel,2
imbecilizado,1
gay,2
p√µe,2
m√™s,4
vs,2
antipetismo.,1
carinha,2
fofo,8
queimando,1
lento,1
rubinho.,1
fedeu,1
cheirou.,1
apanhou,1
figueira,1
orlandes,1
riu,1
com/do,1
feliz.,1
puro,2
@_siqueirakarla,1
percebi,3
atacar,6
tornou,1
defendido,1
veem√™ncia,1
desesperar,1
outros.,2
acusa,1
financiando,1
abandonarem,1
pedetista,1
financiamento,2
cita,1
maranh√£o,1
resposta.,1
bastava,12
ganhava,12
afirma,12
avers√£o,11
assume,11
identifica,12
mediocridade,11
preconceito.,11
usurpado,2
c√∫pula,4
jogando,2
lama,2
manipulando,2
ignorando,2
esque√ßa,2
n√∫mero,9
ex-militantes,2
diretrizes,2
apoia,13
decis√µes,2
altura,1
evitar,1
~plebiscito,1
(alckmin,1
unir,6
√∫nico.,1
acontecer,1
grandeza,1
acima,1
projetos.,1
completo,1
_oq,1
n√£o..,1
gritado,1
√©..,1
vis√£o,1
homossexuais,1
patamar,2
bandidos,1
assassinos,1
estupradores.,1
"mito,1
darmos,1
alimentando,1
criticam,1
ocuparam,1
cargos,5
guilherme,1
esconde,2
admira√ß√£o,2
lula.,1
ofendeu,1
fabrica,1
homossexual,1
jornalista,1
dps,2
mandou..,1
voltar,6
sincera,2
sinjela,1
opiniao,1
subindo,2
dms,1
rejei√ßoes,1
pa,2
fudeu,1
pesquisas.,2
caraleo,1
usando,2
avisa,1
coordena√ß√£o,1
haddad...mas,1
palco,2
leviano.,1
comprove,1
12!!!,2
confi√°vel,1
discorde,1
aponte.,1
regime,1
preferir,1
concorda?,1
escolha,8
equil√≠brio,1
maravilhoso,2
efeito,1
kkkkkkk,1
protestar,1
afilia√ß√£o,1
m√≠nima,1
levantamento,10
mant√©m,10
oscila,10
ultrapassa,10
apertem,10
cintos,10
amorz√£o,1
quinta-feira,1
bolsorano,1
cse,1
valer.,1
verdade),1
falso),1
chandler,1
escolheria,1
precioso,1
idioma,1
sarcasmo,1
"qual,1
favorito,1
chandler?,1
representatividade,1
#representatividadeimporta,1
bonitinho,1
derrubamos,1
_gebhardt,1
opini√£o,6
ligadas,1
detalhes,1
estaria,4
frente...hoje,1
gigante,1
tocando,2
fodasse,2
laborat√≥rio,1
fazendo,7
experi√™ncias,1
"coiso,1
"coisa,1
preso,2
crescer.,1
coe,1
rapaziada,1
domingo,1
mto,8
declarando,5
porcentagem,5
ibope,8
mam√£e,1
fofura,1
zoando,1
local,1
_do,1
ver√≠dicos,1
copiou,1
metade,6
realista,2
reerguer,1
c√≥pia,1
;),1
pronto,4
capacidade,5
transitar,4
organizar,5
ca√≥tica,4
organiza√ß√£o,8
brasileira,7
retomar,4
perspectiva,4
progressita,4
democr√°tica,4
necess√°ria,4
12!,2
"d√≠vida,3
zero,3
reforma,4
banc√°ria,3
juros,3
respons√°vel,8
sujo,4
corre,3
possibilidade,4
combatida,3
poc,2
beijou,2
devolveu,2
beijo!!!!!!!!!!!!!!,2
@_delrioz,2
_wins_2,2
_fogo,2
ga√∫cho,2
viado,4
"mulher,2
grelo,2
duro",2
gaba,2
transar,2
cabras,2
protestantes,2
humilha,2
posto,2
"momento,2
testosterona",2
descupa,2
busque,2
quesitos,2
agora!,2
li,2
falasse,1
ache,1
poss√≠vel...,1
pensando,1
seu.,3
luciano,7
hang,7
chega,7
"comunistas",7
viver,10
paralela.,7
experi√™ncia,5
preparo,1
empregos,1
melhorar,5
acesse,1
melhor.,2
acordaram,1
pras,2
bora,3
povo!!,1
#cir√£opresidente,1
amorzinho,6
feita,3
#bolsonaro,1
#haddad,1
24%,1
#alckmin,1
11%,1
#amoedo,1
#marina,1
4%,1
#meireles,1
2%,2
#dias,1
simula√ß√£o,1
1.tem,1
coment√°rios,2
vergonha,3
cegueira,1
ponderar,1
coment√°rio,1
tentar,3
analisar,2
completar,1
chamou,2
si,2
alcunha,1
m√°ximo,5
professores,5
encontrou,5
chomsky,6
fds,5
tra√ßar,5
ensino,5
ideb,5
investimento,6
refer√™ncia,5
frota,5
mt,10
apeguei,1
vdd,1
chorar,1
td,1
clareza,3
objetividade,3
saboria,2
prega√ß√£o,2
apocal√≠ptica,2
aparente,2
cansa√ßo,3
humor,2
arg√∫cia,2
conten√ß√£o,2
time,3
"garantir,2
resultado".,2
motoserra,1
sorrisinho,5
last,1
night,1
somebody,1
had,1
the,2
audacity,1
tell,1
that,2
better,1
than,1
francesco,1
totti,1
i‚Äôm,1
sure,1
he,1
was,1
saying,1
it,2
just,2
piss,1
off,1
but,1
did,1
work,1
screamed,1
‚Äúare,1
you,2
fucked,1
and,2
went,1
off.,1
_bsb,1
perderam,1
enganada,1
aqu√©m,1
votos!,1
dijeron,1
grabar,1
algo..,1
aqu,1
ando..,1
lo,3
curioso,1
es,2
ac,1
hemos,1
llegado,1
plaza,1
vimos,1
cinco,2
tiendas,1
abiertas..,1
:o,1
in,2
san,1
acosta,1
_swift13,1
estudo,1
patriotismo,1
amar,2
p√°tria,1
observe,1
vem.,1
pe√ßo,7
seguint,1
17,3
aprova√ß√£o,4
sp,2
acabado,1
fudido,1
destru√≠do,1
ladr√£o,2
mudou,2
14,1
_twd,2
mostram,5
demais.,1
abreu,4
elegeram,2
ganharam,3
temer,4
canalha,3
dessas,4
livrou,3
desgra√ßas,3
buongiorno,1
buona,1
settimana,1
buon,1
mese,1
di,1
ottobre,1
anche,1
grazie,1
preocupar,1
_gomes2018,3
simbora!!,1
rendido,1
sotaque,1
deboche,3
claro.,1
utopia,1
ganhando!,1
digno,1
sentar,1
cadeira,1
lazytown,1
confiante,2
acontecer.,1
#vemcomciro,1
num√©ricas,1
impedir,1
volte,7
(des)governar,1
&amp,2
familia,3
nenhuma,2
principal,2
arrego,1
mec,1
fundou,1
(pros,1
coliga√ß√£o,2
hadade,4
comandar,4
pais??acordem,4
termino,1
amizade,1
eymael,1
arranja,1
contornar,1
falaram,3
criticaram,3
argumentativa,3
incisivas,3
fanaticamente,3
anti-petista,3
pistola,3
ctz,3
raiva?,3
g√≥mez..,1
pura,3
vasca,1
creo,2
le,1
crea,1
su,3
abuela...,1
debocha,1
(debate,1
26/09/18),1
candidatoooooooooooo!!!,1
√∫ltimas,2
sim!!!!,1
orgulho!!,1
depois.,1
daqui,2
escolas,1
t√©cnicas,1
est√°gio,1
funcionam,2
policl√≠nicas,1
regi√µes,1
melhore,1
experiente,1
governe,1
concorrendo,1
ir√£o,1
turno.,3
jb17,1
oi,4
aperta,4
convic√ß√£o,2
identifica√ß√£o,1
amada,1
oq,3
perfeitos,1
mercado,1
economista,2
dispensa,1
bancos,1
gest√£o,1
fiquei,1
hahahaahaha,5
denuncia,5
na√ß√£o,8
gloria,5
deuxxx!,5
dependesse,3
123,1
fazia,1
arroz,1
galinha,1
insosso,1
merda.,1
moro,1
brasil!mas,1
consulado,!e,1
convocando,1
fam√≠lia,1
tbm!!se,1
ruas!trabalhando,1
guerreiro!!!eu,1
tenno,1
muda,11
ciro12!,1
focando,1
ig,1
fb,1
sentia,1
muro,2
posicionar,1
abertamente,2
posicionei,1
bombardeada,1
nasci,1
guerreira,1
girl,1
power.,1
acreditam,2
100,6
vendido,1
hahah,1
mordeu,4
inoculou,4
veneno,4
perdeu,4
sintonia,4
quadrado,4
interpretativo,4
polariza√ß√£o.,4
querido,4
amado,5
vota.,4
sauda√ß√µes!...,4
sinceridade,1
"dialogar,1
parcela,1
anti-democr√°tica,1
tipo,5
governante,1
ser?,1
cara..,1
apurado,1
verdade..,1
morrer,2
praia,1
_sp_br,1
tal,1
ampla,1
formada,1
representantes,1
ex√©rcito.,1
mostrando,3
ate,1
(kkkk,1
"isso,1
comunismo,1
adolescente,1
revoltado",1
bolha,1
msm,1
odiando,1
apresenta,3
dizia,3
necess√°rio,1
poderes,1
voltarem,1
caixinhas,1
restaurar,1
institui√ß√µes,1
restabelecer,1
poderes.,1
plantou,1
sementes,2
lutar,1
convencer,1
alguns,3
indecisos,1
precisar,2
colher,1
plantou!,1
2022!,1
rs,3
queimou,2
ministro,10
ajudou,1
economia,10
gerais,1
m√©dio,1
rs.o,1
gostosa,1
amigos....,1
queda,4
n√£o??,1
assistimos,1
n√£o???,1
apelaram,3
flertaram,3
joga,3
quererem,3
gera,3
dubiedade,3
afasta,3
dedo,2
prfto,1
esmurrou,1
_com,2
show,1
professor,3
pesquisem,1
ver√£o,1
mentindo.,1
papo,1
reto,1
engra√ßados,1
rico,4
faria,1
tudoa,1
chuva,1
dourada,1
assisto,3
reafirmo,1
rep√∫blica.,1
debochadissimo,1
exp√¥s,1
tornando,1
tendem,1
aumentar,3
papel,1
ajuda,5
defende,2
privatiza√ß√µes,1
liberal,7
estatista,1
ter√ßos,1
topam,1
migrar,3
‚Äúvoto,1
imagino,2
iriam,5
fariam,3
alckmin.,5
duvidar,2
#atacazo,1
esto,1
duele,1
nuestra,2
ciudad,1
en,7
llamas,1
cu√°ntos,1
incendios,1
m√°s,9
necesitamos,1
conciencia,1
el,7
tienen,1
nuestros,1
bosques,1
fauna,1
bozzano,1
venceria,1
50,2
v√°lidos,6
isso.,2
confirmar,5
enxergar,5
cartaz,5
grudado,5
probleminha,1
pensamento.,1
hein?,1
eduardo,1
jorge,1
minist√©rio,2
sa√∫de..,1
ampliar,1
m√©dicos,1
profissionais,1
estrangeiros,1
s√©culo!,2
n'eles,2
sorrir.,2
coma,1
corda,1
velho,2
esquece,2
entento,1
picuinha,2
excluir,1
sarc√°stico,2
pau!,1
despreparado,1
agir,1
emo√ß√£o,1
transfer√™ncia,1
falei.,1
posi√ß√£o,1
incluir,1
outro.,2
faltam,1
c.,1
carinhos,1
advers√°rios,1
coligar,1
todos.,1
existe,8
(e,3
‚Äúmessias‚Äù,1
et,1
al,2
adolf,1
trump,1
br,2
contar,3
sorte.,1
#voudeciro,1
#ciro12sim,1
banda,1
podre,2
‚Äúposte,1
p√©ssimo,1
aceitou,1
portanto,2
pr√≥ximo,5
presidente.,1
_alyson,1
abra√ßo!,1
cirurgia,1
valeu,1
"n√£o,2
(...,2
constituinte.",2
verdadeiro.,2
zacaria,1
vtnc,1
desperdi√ßar,2
brilhante,2
janta,2
morto,1
relevante,1
cirao,1
pe,1
costas,1
mina,2
apocalipse,1
medo.,2
"estrat√©gia".,1
dessa.,1
desafiando,5
(ciro,5
amarela,5
anyways,1
really,2
miss,1
daniel,1
every,1
pass,1
ciro‚Äôs,1
italian,1
restaurant,1
think,1
of,2
him,1
valent√£o,1
"estimado,1
amigo".,1
apresentar,1
decorado,1
jogador,1
domin,1
etc..,1
grilo,1
duma,1
cama,1
copo,1
d'√°gua,1
#debateband,1
*marina,1
promete,2
bolsa,1
*ciro,1
*boulos,1
seguran√ßas,1
ditado,1
esmolas,1
prefer√™ncia,6
fatos,2
when,1
said,1
felt,1
ptnuncamais,1
,mas,1
decidi,1
,boa,1
independente,3
tchau,1
vale,2
ressaltar,1
m√°gica,1
estima√ß√£o,1
embate,1
‚Äúpol√≠tica,1
imp√µe,1
optar,1
gerir,1
pa√≠s!,2
bololo,1
tweet,3
antigo,1
criar,2
movimento.,1
perdido,2
kkkkkkkkkkkkkkkkkkkkkkkkkkkkkkkkkkkkkkkkkkkkkkkkkkkkkkkkkkkkkk,1
antipetistas,1
sinais,1
vir,2
certa,3
dificilmente,1
"engra√ßado,3
dilma",3
a√©cio,3
neves,3
risadinha.,3
gr√°tis,1
tira,1
hadad,1
ciro..,1
restantes,1
(concordem,1
imposs√≠vel,2
gostam,2
in√∫til,1
ent√£o..,1
up,1
indecis√£o,1
certinho,1
hey,2
#cirosim,5
fofim,1
tio,2
senso,1
velha,1
cirocracia?,1
odeio,2
reitero,2
refor√ßo,2
tese,2
fuder,2
teimam,2
irrita,2
gastrite,2
inflar,2
vsf,1
fandom,1
encheu,1
saco,4
anticorrup√ß√£o,1
religi√£o,1
compet√™ncia,2
diferencial,2
preconceituoso,1
verificada,1
menor,1
torne,1
compet√™ncia.,1
pequenininho,1
pequenininho.,1
tra√≠ra,1
jur√≠dico,1
indultar,1
afirma√ß√£o!,2
nega√ß√£o!,2
fermentando,2
ultradireita,2
aceitar√£o,2
pacifica,2
pa√≠s.,2
!!!,3
achas,1
lutarem,1
showzinho,1
lamento.ciro,1
convidado,1
cego,1
aceitado,1
gra√ßas,2
recusou,3
incoerente,1
entra,1
ronaldo,1
caiado,1
brincadeira,1
deixam,1
kalil,1
m√°rcio,1
tr√°s,1
fav,1
ic√¥nicas,1
"lind√≠ssima,1
ilustre,1
estimada,1
amiga,1
comadre,1
tudo!,1
soco,1
rep√≥rter,2
gratuitamente,1
brasi..,1
liked,1
filtro,1
√≠cone,2
sorriso,4
c√≠nico,2
superioridade,2
recibo,2
ajustar,2
suspens√≥rio,2
baforadas,2
charuto,2
brilho,2
notas,2
acertar,2
chap√©u.,2
entendedores,2
entender√£o.,2
noite!,2
diverg√™ncia,3
democratiza√ß√£o,3
democratizou,3
demanda,3
pretende,4
democratizar,3
oportunidades,3
produtivas,3
exige,3
inova√ß√£o,3
institucional.,3
loucura,1
apresentam,2
lapela,2
anteriores,2
adotou,2
conhecido,2
intervalo,2
wishful,1
thinking,1
somados,1
nenhum.,1
hum,1
tendi,1
inomin√°vel,2
!!,1
brigada,1
informa√ß√£o,1
imagem,2
cola,1
v√≠deos,1
viralizados,1
agredindo,2
xingando,2
provavelmente,5
perco,1
palmares,1
anular,1
armando,1
paulo...,1
aconteceria,2
alckmistas,2
isso!,2
alertei,2
chamaram,2
prova,5
3.1,1
"ah,3
urnas",1
calma,2
manda,2
sintoma,1
respinga,1
encharca,1
sairia,1
transe,1
poder.,1
"nesse,4
corta,4
bolsonaro".,4
verdadeiro,4
passes,4
toma,1
liberaleco,1
menores,1
verbas,1
recebeu,1
verba,1
coleguinha,1
p√©rsio,1
arida,1
hip√≥crita,1
fofinho,3
caf,2
leite,2
acefalia,2
merenda,2
rouba,1
consegui,1
&lt;3,1
lend√°rio.,1
pot,1
(pesquisa,1
oficial,1
79,1
socorro,1
@_guilia,1
namorado,1
soberbo,1
hahahahahahaha,1
lutou,1
manuela,1
afinal,1
rodava,1
emissoras,1
denunciando,1
coloquei,1
qque,1
feito,4
neee,1
sinceros,1
boulos!!ciro,1
pau,1
difere,1
fisiologismo,1
guajajara,1
governar?",1
sugere,1
quebrar,2
status,1
quo?,1
falam,4
ladrao,2
concordo,3
preciosa,1
seguras,1
gaguejou,1
olhou,1
c√¢mera,2
algum.,1
covardes,1
amarelou,1
caluniam,1
normal,1
canalhas.,1
dedada,1
traseiro,1
facada,2
bolsonaro.,3
incomoda,1
populistas,1
corruptos!,1
tabelinha,1
tr√™s,2
diferentes,1
democr√°ticas,1
derrotariam,1
terceira,1
soa,1
√©?,2
mistura,1
fhc,1
tasso,1
jereissati,1
acreditam.,1
renegando,1
defendeu,1
regula√ß√£o,1
emocionou.,1
defesa,1
absolutamente,1
generoso,1
nobre.,1
vinha,2
quantidade,1
mensagens,1
invasivo,1
convido,1
conferida,1
afim,1
conversa,2
baixou,2
saudoso,2
trabalhismo,2
genu√≠no,2
golpistas,2
ego√≠stas,2
tratar,2
ironia,3
sorriu,1
sido,4
ontem,3
ido,1
procurar,1
eun√≠cio.,1
hipocrisia,1
alian√ßa,4
golpista.,1
):,1
cabar√©,2
_fsf,1
canela,1
articula√ß√£o,1
proposta.,1
lembrei,2
prometeu,2
#elenunca,2
salvou,1
gome,1
sabem,4
pagar,1
mico,1
asneiras,1
sentiremos,1
saudades.,1
coitado,1
cela,1
impediu,1
psb,2
fechar,2
culpa,1
responsabilidade,2
cairia,1
conquistou,3
pol√≠ticos,6
representando,3
fazenda,5
elevou,3
rompe,3
paradigmas,3
xenofobia,3
calmo,1
objetivo,2
atacado,1
tds,2
tranquil√£o,1
mesmice,1
afaga,1
qd,1
alfinetou,1
convincente,1
pat√©ticos,1
deprimente,1
considero,2
companheiros,2
haddad...,2
exortou,1
baixaria,1
teatral,1
assemelhava,1
partida,1
volei,1
partir,1
2a,1
rodada,1
reduziram,1
ataque,1
biografia,1
hoje.,1
ficaria,1
viesse,1
defendendo,1
status-quo,1
devia,1
arrumado,1
basti√£o,1
institucionalidade,1
carcomida,1
temos?,1
_russell,1
acontece,4
reviravolta,1
dif√≠cil,1
pare,7
fingir,6
bonzinho,7
revoltado,6
_voz,1
murchar,1
p√©,1
lulismo,1
m√≠nimo,1
nulos,1
seguido,2
distribui√ß√£o,2
sopapos,2
apagado,2
perdedor,2
circo,1
deux!#bolsonaronoprimeiroturno,1
pink,2
money,2
tao,3
c√™s,2
pensaram,1
talvez,1
toda...,1
puxa√ß√£o,1
assim?,1
mesmo,,1
"puta√ßo",1
25%,1
amostragem,1
baile,1
hahahahah...,1
certezaaaa,1
significa,4
_qrv,1
homens,1
honestos,1
erram,1
acertam.mas,1
cupinchas,1
(chefe,1
lula).vc,1
sabe!(psdb,1
esquerda),1
s√©rio,patriota,1
pessoa.,1
üáßüá∑d,1
volta,1
c/bolsonaro.,1
desgra√ßa?,1
reta!,1
99,1
gritaria,1
anda,1
gil,1
pedile,1
otro,1
gato,1
del,12
saque,1
temas,1
buenos,1
n√≠veis,1
s√©ricos,1
pacificar,1
algu√©m?,1
porre,1
pav,1
roubar,1
acontecendo,1
botar,3
universidades,1
privadas,1
baixissimo,1
qualidade.,1
famosaas,1
uniesquinas,1
cnt/mda,2
(30,1
(17):,1
28,2,1
25,2,1
(+7,6),1
9,4,1
(-1,4),1
7,3,1
(+1,2),1
2,6,1
(-1,5),1
2,0,2
(+0,3),2
(-0,8),1
1,7,1
(-0,2),1
0,7,1
0,4,1
_red,1
amanh√£,1
aa,1
cerca,2
anti-bolso,2
anti-pt,2
esperar,2
observar,2
mudan√ßas,2
prefere,9
diabo,9
advogado,1
palestras,1
precisasse,1
aposentadorias,1
politica.,1
classe,1
seguir,3
glasy,1
rede,2
n√©??,1
lan√ßou,3
moda,1
peito,1
aderiram,1
tenebroso,1
qdo,1
perguntou,1
recordarem,1
censurar,1
maduro,1
qlqr,1
qm,1
quadro,2
_17,1
fio,1
terra,1
abd√¥men!,1
:-(,1
senti,1
queridinho,1
bjo,2
nen√©m,1
cheiroso,2
auge,1
apontam,1
28,1
23%,1
10%.,1
tt,1
moz√£o,1
naquela,1
respeitem,1
familiares,1
conversem,1
gravidade,1
desistir,1
deste,1
tentem,1
virar,1
pr√≥ximas,2
tempo.,1
rendida,2
jogada,2
fa√ßo,9
grupo,9
perdia,9
muitas,12
mudaram,9
desanimem,9
segndo,9
bonita,1
cuida,1
wow!!,1
thanks,1
always,1
know,1
exactly,1
what,1
say!!!,1
livre,6
corruptos,1
linha,1
declarou,1
sabemos,2
fecha,1
#bolsonaronoprimeiroturno,1
dado,2
aten√ß√£o,1
ultimas,1
pacifista,1
mezo,1
punho,1
agaunst,1
encantado,1
zerado,1
elucidado,1
opcao,1
taria,1
dividido.,1
cuckold,1
dedadas.,1
andarei,1
inteira,1
testa,1
(se,2
boto,1
mamilo),1
piau,1
precedentes,1
tiene,2
ca√±o,1
randazzo,1
#alvarocomciro,1
gigantesco,1
deix√°-lo,1
‚Äúvc,2
ditando,2
‚Äúnem,2
reputa√ß√£o,1
ilibada,1
(com,1
resultados,6
comprovados,1
comunista,4
chin√™s,2
financia,1
apoiava,1
stalin,1
mao,1
exposi√ß√£o,1
dizem,2
far√£o,2
ivo,1
sobral,1
locais,1
oferecer,1
29,1
acesso,1
gratuito,1
videogames,1
jogos,1
qualidade,1
ferreira,1
games.,1
cega,1
enxerga,1
limpinho,1
campanhas..,1
face,1
m√£e,1
pavio,1
curto,1
jornalistas,1
abra,1
olho.,1
critica,1
compara,1
dan√ßando,1
lets,1
go,1
_v,1
equilibrado,2
convence,1
,vou,1
,marina,1
participam,1
teatro,1
,esqueceu,1
?jura,1
entendeu,1
,,1
_br,1
amo√™do30,1
entrar,1
dificuldade,1
novo!,1
parecidas,1
perigo,1
gomes!,1
#jo√£onosdebates,1
early,1
predictions,1
records,1
investir,2
topo,1
playlists,1
liberar,1
jab,1
radios,1
pop,1
pegar,1
minimo,1
#2,1
futebol,1
conectado,1
agressividade,1
jb",1
70,2
arrependimentos,2
_felipe,1
farinha,1
trocam,1
farpas,1
mentirinha,1
rua,1
acorda!,1
janeiro,2
2019,1
painho,1
rampa,1
planalto,1
som,1
filmar,1
tomando,1
faixa,1
‚Äúme,1
conspirador,1
festa,1
haha,2
cangaciro,1
m√°scara,1
ocasi√£o,1
√¥h,1
cabra,1
dissimulado,1
arrogante,1
vota√ß√£o,1
associar,1
diretamente,1
minorias,1
culpar,1
perseguir,1
‚Äú‚Äùdesastre‚Äù,1
apesar,1
caracter√≠sticas,1
+,2
confesso,1
arrumando,1
jeito...,1
foda,1
desinformada,1
entrevista,1
afiada,1
apontou,1
apontar,1
acreditava,1
brasil.,1
amei,2
bate-bola,1
bonossauro,1
feliz,1
voces,1
_gabs,1
discordar,1
odiado,1
tl,1
sentir,1
peso,1
m√≠dia.,1
pedir,1
entendi).,1
cumprir,2
prometendo,1
inferno,1
direito.,1
l√°,6
vera,2
l√∫cia,2
(pstu),2
(psol),2
centro-esquerda,2
jango,2
(ppl),2
(mdb,2
(rede),2
(psdb),2
(podemos),2
extrema-direita,2
(psl),2
–±—É–¥,1
—Å–∫—É—á–∞—Ç,1
–ø,1
—Ç–µ–±–µ,1
–º–∞–ª—ã—à,1
–Ω–∞–¥–µ—é—Å—å,1
—Ç–µ–±,1
—Ö–æ—Ä–æ—à–æ,1
–ø—Ä–æ—Å—Ç–∏,1
—á—Ç,1
—Ç–∞,1
–º–∞–ª,1
–±—ã,1
—Ç–æ–±–æ,1
–≤—Å,1
–≤—Ä–µ–º,1
—Ç–∏—Å–∫–∞–ª,1
–ª—é–±–ª,1
—Ç–µ–±—è,1
–º–∞—Ç—Ä–æ—Å–∏–∫.,1
vive,1
machistas,1
homof√≥bicas,1
racistas..,1
recente,1
doq,1
supostamente,1
homof√≥bico...,1
sobraram,1
incoer√™ncias...,1
turno..,1
manifestar,1
pernas,1
eita,2
surpreendidos,1
novamente,2
quadros,1
dela.,1
rolar,1
"carnificina,1
chaidaniel,1
perigo?,1
aguardo,1
resposta,,1
atenciosamente,1
expor,1
for√ßam,1
barra,1
p√∫blica,5
ressuscitou,1
eleva,1
...,1
ciro/marina,1
vista,1
ok.,1
transformaram,1
assistiu,1
camarote.,1
adotado,1
tende,1
favorece,1
quem?,1
pol√™mica,1
light,1
proto,1
caudilho,1
desapontar,1
brizolistas,1
espalhados,1
contrari√°-lo,1
conhecer,1
autoritarismo,2
dividisse,1
levar√≠amos,1
corremos,1
literalmente,3
trabalhadores,1
uni-vos!,1
gostando,1
gente...,1
tornou-se,1
lionel,1
messi‚Äôs,1
son,1
looks,1
spitting,1
double,1
dad,1
cute,1
pic,1
shared,1
by,1
wife,1
antonella,1
cr√≠tica,1
levantar,1
errados,1
falarem,1
somente,1
imbecis,1
samuel,1
pinheiro,1
guimar√£es,1
nelson,1
jobim,1
luiz,1
furlan,1
ministros,1
extremista?,1
d√°,1
percebam,1
sinto,3
tes√£o,1
dividida,2
afirmam,1
taxa,1
baixa,1
atualiza√ß√£o,1
data,1
juntad,1
mandar,2
voto?,3
comp√¥s,3
mulheres.,3
rompeu,3
criou,3
pm,3
feminina,4
cear√°.,3
coisas.,3
canal,3
band,3
22/10/2017,3
#epelavidadasmulheres,3
#elenaoday,3
ligando,1
dita,1
2018.,1
25,1
bouso,1
(-4),1
15,1
(+7),1
nego,1
querem,1
bolzonaro,1
viadinhos,1
ganhasse,1
cirinho,1
presentear,1
camila,1
procuradores,1
deveriam,1
meter,1
formal,1
cf,1
determina,1
mundos,1
compromissado,1
norteia,1
tentaria,1
alavancar,1
pr√≥prios,1
logica,1
sobrevivencia,1
pqp,3
qu,1
dito,2
francamente...,1
votooooo,1
habilidade,1
aliar,1
exemplo.,1
#redespiertos,3
hola,3
tiempo,3
pero,3
siempre,3
presente,3
con,4
ustedes,3
aca,3
brunito,1
ya,3
salen,3
reja,3
negrito,1
alegra,3
est√©s,1
chimuelo,1
aunque,1
crean,1
quien,1
defienda,1
jajajaja,1
urnas,3
analfabetismo,1
reina,1
brasilz√£o,1
"ia,2
v√°rios,1
tons,1
cinza,1
olhadinha,1
melhores.,1
old,1
impeachment,1
popula√ß√£o,2
aguenta,2
progressivamente,1
creche,1
integral,1
0,1
programas,1
educacionais,1
estimulem,1
inf√¢ncia,1
#todoscomciro,1
#vempramassa,1
-ce,1
chim,2
bien!!!,2
bruno,2
(camilo,2
santana,2
cearenses,2
concordam,2
posicionamento,2
camilo,2
rende,1
n√≠vel,1
compactuo,1
afinidade,1
prezam,1
hist√≥rico,1
cometeram,1
ressalvas,1
branco,3
fun√ßa,3
bozzo,3
pov√£o,3
manifesta√ß√µes,3
leem,3
neh,1
derrota,1
abra√ßos,2
alexandre,1
passam,1
fome,1
assassinado,1
torturado,1
sabia?,1
_sn,1
resumindo,1
np,1
diminuiu,1
vivendo,1
desumanas,1
chances.,1
perceba,1
reprovou,1
pretendida,2
diferenciou,1
mour√£o.,1
suprapartid√°rio,1
diversos,1
perfis,1
apoiadores,1
bandeiras,1
tipos,1
antifascista,1
parem,2
inverdades,1
aceitem,1
rejei√ß√£o!,1
terceiraviismo,1
conseguirem,1
r√°pido,1
ganham,1
alegria,1
√©tica..,1
deviam..,1
dobradinha,2
pega,1
junto,1
revezam,1
bomba,2
record!!,2
entrega,2
esquema,2
manipula√ß√£o,2
cadeia,2
enfraquecer,2
oferece,2
favores,2
apoia-lo,2
migrem,2
haddad..,2
amarelando,1
respeita,1
joguei,1
95,1
iludida,1
jun√ß√£o,2
odeia,1
lacradores,1
aceitamos,1
primeiramente,1
salnorabo17,1
flor,1
anjinho,1
presta,1
"nem,2
falando",1
jkkkkkk,1
morro,1
escolhido,1
l√©sbico,1
brother,1
relativizar,1
d√≠vidas,1
d√≠vida.,1
compreens√≠vel,1
positivo,1
rep√∫dio,1
irrespons√°vel,1
contribuindo,1
niilismo,1
fake,1
eleitoreira,1
base,4
desespero,1
turma,7
isdo,1
far,1
puts,1
piedade,1
cadelinha,1
ganhe.,1
ind√≠cios,1
envolvidos,1
opera√ß√£o,1
percebeu,1
recentemente,1
completamente,2
puto,1
safadeza,1
trairagem.,1
terceiro,2
brigar,1
outubro.,1
discute,1
renda,1
comunicar,1
claros.,1
combinar,1
l√°bia,1
(junto,1
√≥bvio,1
percept√≠vel,1
carisma,1
lidando,1
reclamo,2
barriga,2
cr√≠ticas,2
progressista,1
entanto,1
errou,2
rapidamente,1
resolveu,1
fascismo.,1
errado,1
socialdemocrata,1
ferrenha,1
elite,1
postando,1
pronta,1
dei,1
haddad",1
sim..,1
pagassem,1
$1,1
"bolsonaro,1
falavam,1
divida,1
presidenci√°veis..,1
prov√°vel,1
globo...,1
jantar,1
jogral,1
tema,1
uso,1
bulshit,1
campanha.,1
simulacro,5
#puntofinal,5
gobierno,5
regional,5
#callao,5
iv√°n,5
rivadeneyra,5
(29.4%),5
dante,5
mandriotti,5
(28%),5
castillo,5
rojo,5
(12.9%,5
rogelio,5
canches,5
(7.5%),5
informaci√≥n,5
gomez,1
famoso,1
fale,1
collor,1
hahahahahahahahahaha,1
üáßüá∑,1
-----------------------------------------,1
possui,1
processo,1
sequer,1
malfeito,1
39,1
legislativo,1
executivo,1
judici√°rio,1
iniciativa,1
privada,1
40,1
inten√ß√£o,1
_oficial,1
patota,1
libertar,1
presidi√°rio,1
estrela.,1
crush,1
"quem,1
cabe√ßa,1
voc√™",1
transborda,1
tolerante,1
filtros,1
nen,2
extrovertido,1
autentico,1
2h,1
manh,1
lendo,1
hmmmmmmm,1
excluindo,1
f√£,1
"lula",1
kkkkk...ciro,1
!,1
trouxa,1
bolsoneca,1
pensou,1
18,1
tombo,1
serem,1
burros,1
_varela,2
entendi..,2
abra√ßando,2
passeando,2
enche√ß√£o,1
segurando,1
bico,1
kkkkkkkkkkk,2
centavos,1
26,1
22,1
bom..,1
pais,1
coleira,1
amarrado,1
for√ßa...,1
digna,1
apelar,1
pig,1
ajude,1
merd,1
nojo,1
dignos,1
transformando,1
desonestos!,1
presidencia,1
voz,1
politicos,1
"ciro,1
sus?",1
programada,1
j√°:,1
questionou,1
embargos,1
f√£s,1
"ele,2
revolu√ß√£o,1
transformar,1
seguinte:,2
lyla,2
necessariamente,2
china,1
gracias,1
proverbial,1
riqueza,1
ensalzada,1
los,1
autores,1
antig√ºedad,1
creso,1
hizo,1
lidia,1
reino,1
poderoso,1
oriente,1
hasta,1
conquista,1
persia,1
546,1
a.c.,1
don't,1
forget,1
banner,1
seta,1
apontada,1
usou,1
movimentos,3
fascist√≥ide,1
bucha,1
canh√£o..,1
v√©i,1
decep√ß√£o,1
suma,1
restaram,1
pertence,1
encontro,1
explica√ß√£o.,1
cismada.,1
‚Äúmilitantes,1
ciristas,1
t√°ticas,1
empregadas,1
honestidade.,1
cansada,1
vitimismo,1
pdtista.,1
hahahahah,6
carteirada,6
escolhe,2
(une,2
mst,2
etc),2
qualificada.,2
alguem,1
postar,1
kkkkkkkkkkkk,1
indeciso,1
tarado,1
suruba.,1
hor√°rios,1
ajustam,1
legendas,1
candidatos:,1
12:00,1
haddad/lula,1
13:00,1
17:00,1
repassem,1
perca,1
senao,2
fodido,2
obrando.,1
(28,2%,1
(25,2%,1
registram,1
t√©cnico,1
mandei,1
mp,1
pf,1
processos,1
investiga√ß√µes,1
andamento,1
p√¥de.,1
_torre_s,1
_f_h,1
andreza,1
parecido,1
abismo,1
meses,2
picareta,1
uber,1
etccc,1
enfim.,1
soma.,1
um.,1
incoer√™ncia,1
burlar,1
regra,1
doa√ß√£o,1
empresa,1
recebendo,1
altas,1
quantias,1
empres√°rios,1
trocaram,1
meia,1
d√∫zia,1
poupe-nos!,1
leram,1
ciro??,1
pis√£o,1
patataddad,1
filha,1
trio,2
gays,3
microfone,1
anderson,1
da√≠,1
passeata,1
xingados,1
hipocrita,1
fala!,1
sabotou,1
traiu,1
formas,1
poss√≠veis,1
ferrando,1
aliados,1
atrapalhar,1
presidenta,1
gleisi,1
reza,1
brava",1
sangue,1
barata,1
reagiria,1
man,1
arthur,1
hueueehhehue,1
igualzinho,1
ler,1
convencidos,1
domina,1
pontes,1
lulista,1
passado,1
conheciam,1
viam,1
iam,1
figura,1
aus√™ncia,1
abc,1
sedimentou,1
processo!,1
_queen2,1
leiga,1
relacionados,1
aloka,1
assinar,1
embaixo,2
assino,1
ressentida,1
primeiros,1
considerei,1
perdi,1
ilus√£o,1
grana,1
d√≥lar,1
implantar,1
pretende.,1
olhada,1
post,1
citei,1
l√≥gico,1
diferente.,1
pelando,1
carnaval,1
colocou,1
desmascarada,1
salientar,1
divididos,1
d√∫vida,1
ascens√£o,1
comprando,1
possam,1
desanimar,1
hein?n√£o,1
desanimem!,1
_colecionador,1
trasnferencia,1
analistas,1
apostaram,1
py,1
turno...,1
ga,1
dividiram.,1
homer,1
simpson,1
sumiu,1
dod√≥i,1
fraco,1
frase,1
desnecess√°rio,1
chamam,1
_01,2
limpar,1
banqueiros,1
negociar,1
feito.,1
agropearista,1
escravo.,1
revogar,1
pec,1
gastos,1
emenda,1
proibe,1
20,1
votou,1
pec+,1
ixe,1
leia,1
beleza,1
pudesse,1
filhos,1
laurinha,1
anos.,1
'despreparado',1
corrompeu,1
sistema!,1
metade.acertou,1
expectativa,1
escolho,1
fracasso,1
organizado,1
m√©ritos.,1
cr,1
bob,1
mostrar√£o,1
crescendo,1
impulsionamento,1
cativa,1
pensada,1
havendo,1
recomposi√ß√£o,1
ptucanismo,1
aguarde,1
veja.,1
brasileirosdo,1
pipipi,1
popo..,1
energia,1
solar,1
tropical,1
explicou,1
passo,2
el√©n,1
site,1
