_1,1
O,301
povo,63
lutando,2
contra,161
tudo,19
ruim,3
voc,38
representa.,2
Vc,25
frequenta,16
muitos,16
canais,16
YouTube??,16
Ent√£o,18
encha,16
saco,20
JOVEM,16
DIN√ÇMICO,16
vc,50
assiste,17
SE,36
POSICIONAR!!,16
N√£o,75
importa,18
canal,16
GAME,16
PIADA...FODA-SE!,16
Dia,16
7,22
BOLSONARO,126
17,51
futuro,19
pa√≠s,64
est,189
jogo!!,16
TEM,18
Q,28
POSICIONAR!,16
Isent√£o,16
ir,100
CASA,16
DO,57
CARALHO!!,16
Jornalista,12
Record,26
Pq,18
senhor,12
cr√≠tica,12
candidato,71
Bolsonaro,1051
Haddad,154
fa√ßo,12
cr√≠ticas,12
ningu√©m,14
Me,37
defendo,12
qd,14
preciso,28
tempo,38
curto,12
perder,95
bate,13
bocas,12
As,78
pessoas,53
sofrendo,12
efeito,13
crise,13
querem,20
ouvir,12
propostas,22
solu√ß√µes,13
E,84
pressa,12
TOLDOS,20
CONTRA,31
imposs√≠vel,22
amar,20
brasileiro,47
Eu,42
PT,192
errei,1
4,29
vezes,1
nunca,16
esperan√ßa,4
Brasil,95
17üáß,1
Agora,16
perde,25
De,36
Marina,151
Silva,27
(,36
#DebateNaRecord,152
"Bolsonaro,100
fugiu,85
debate,255
porque,35
medo,107
perder".,9
Disse,9
candidata,10
5,17
inten√ß√µes,9
voto,59
caindo.,9
Voc,15
pode,19
votar,56
quiser,6
Menos,5
merda,23
üáßüá∑üáßüá∑CIDAD√ÉO,10
DE,60
BEM,10
1Ô∏è‚É£7Ô∏è‚É£üáßüá∑üáßüá∑,10
vamos,11
deixar,10
comunistas,13
sa√≠da!!,10
N√ÉO,26
CONFIA,10
NA,11
URNA,10
Na,14
hora,28
escreva,10
nome,17
RG,10
n√∫mero,10
PAPEL,10
deixe,10
debaixo,10
urna,13
digite,10
0,10
todos,48
espa√ßos,12
confirme,10
PROTESTO,10
pra,141
enganar,10
petistas,10
Com,10
correta,2
desculpem,2
rsrs,3
#SomosBolsonaro17,77
qualquer,10
forma,6
dia,16
07,2
errar,3
gente,96
üáß,2
Em,17
2014,5
viv√≠amos,1
auge,1
antipetismo,3
A√©cio,4
s√©rio,32
Dilma,1
atacada,1
lados,2
assim,19
venceu,1
elei√ß√µes,15
existe,13
setores,1
ricos,2
incapaz,2
deter,1
chegada,1
primavera,1
pq,181
U√©,75
pensei,75
deixou,78
levou,76
FACADA,88
tentativa,74
HOMIC√çDIO.,74
Tem,12
ocorrido,9
fen√¥menos,9
sociais,19
ultimamente,9
envolvem,9
jamais,10
soube,12
hist√≥ria,12
nada,23
parecido.,9
Acabar,1
amea√ßa,5
Democracia??,1
*Fato,1
Grav√≠ssimo.*,1
Ser,13
desse,4
v√≠deo,3
acreditar?,1
plena,1
campanha,25
vice,4
convida,1
ex-presidente,1
Uruguai,1
(Mojica,1
governante,1
URSAL,1
Qualquer,14
compare,1
colocando,1
balaio,1
credibilidade,1
pois,10
canalhice,1
tamanho,7
#OVotoNaRecord,28
FOI,60
UMA,88
LAVADA,59
manifesta√ß√µes,140
favor,79
lavada,59
humilhante,59
aconteceram,59
s√°bado,59
imprensa,155
fazendo,68
Vergonhosamente,59
omitindo,59
apoio,77
Essa,64
lado,109
corruptos,81
.,63
A,136
IMPRENSA,21
BRASILEIRA,9
NO,12
AF,9
DESESPERADO,9
EM,13
DETER,9
DEBALDE,9
FEN√îMENO,9
PISANDO,9
SOBRE,10
QUALQUER,9
VEST√çGIO,9
√âTICA,9
HONESTIDADE,9
IR,9
PAGAR,9
MUITO,13
CARO,9
√îNUS,9
SUA,9
FALCATRUA,9
__alves,1
idade,1
votaria,4
ciro,mas,1
to,10
vendo,7
bolsonaro,102
haddad,7
segundo,estamos,1
dois,25
Eles,13
viram,1
tava,4
feio,3
atacar,21
#Bolsonaro,5
agora,56
atacando,14
Mor√£o,1
racinha,1
falsa.,1
outro,53
moeda,42
nao,15
quero,10
SEU,1
FILHO,1
VAI,5
VOTAR,5
PORRA,12
K,1
triste,7
elei√ß√£o,20
definida,3
Bolsonaro.,43
Debate,5
vergonha,16
falem,2
cara,33
Tartaruga,2
Ciro,78
pilantra,2
bandido,2
at,42
Meireles,4
querendo,6
ganhar,21
costas,8
Quem,8
nasceu,3
imbecil,2
Reinaldo,1
Azevedo,1
aderem,1
√≥dio,39
pobres,6
diferen√ßa,7
Henrique,8
Meirelles,33
"O,26
gosta,11
Bolsa,19
Fam√≠lia".,7
FALSO,19
declara√ß√£o,7
recente,7
afirmou,8
combater,21
fraudes,7
Fam√≠lia,11
elevar,7
valor,7
pago,7
reais,17
necessitados.,7
Ainda,2
perguntam,2
porqu,3
afasto,4
bolsominion,2
"a,2
vcs,13
liberdade,3
express√£o,2
reprime,2
eleitor,10
porque.,2
doentes,3
cegos,2
idolatrando,2
pol√≠tico,5
caga,3
voc√™s.,2
Seu,5
direito,5
acaba,2
come√ßa,2
caralho,8
voltar,2
causa,11
dessa,9
indignado,2
demais,19
Passei,26
contato,26
todo,53
Dif√≠cil,27
encontrar,26
cidade,34
onde,29
manifesta√ß√£o,63
ocorreu,26
hoje,47
talvez,30
maior,36
fraude,28
jornal√≠stica,26
√∫ltimos,26
tempos,26
deliberadamente,26
ESCONDEU,26
fatos,26
p√∫blico.,26
Gomes,20
Record:,13
‚ÄúO,15
alta,13
veio,13
hospital,14
vim,13
pro,48
sonda,18
perna‚Äù,13
MANO,14
CARA,13
ESTOUROU,13
VEIA,13
CU,13
T,17
QUERENDO,13
COMPARAR,13
COM,14
Fomos,25
ontem,45
ver,66
coisa,41
~esquerdista~,24
~petista~,24
~comunista~,24
quest√£o,26
bom,26
senso-..,24
mentindo,4
sobre,26
sabem,12
aproveitam,1
aus√™ncia,3
Que,19
Marina!,1
Est,6
ocorrendo,6
candidatos,54
ficam,9
falta,17
respeito,9
car√°ter,6
Esquerda,6
imunda.,6
#MudaBrasilComBolsonaro,16
#TodosComBolsonaro,8
#EleSim,15
#bolsonaro17,7
quer,24
mata,3
pobre,4
acabar,33
mulheres,49
acha,6
tbm,7
matar,3
√≠ndio,3
√©!!,3
altura,8
reclamar,10
bronco,8
passageiros,8
Titanic,8
reclamarem,8
botes,8
salva-vidas,8
desconfort√°veis.,8
(PT)s√£o,1
faces,6
mesma,34
moeda.14,1
milh√µes,4
desempregados,1
resultado,10
desgoverno,2
petista,aliada,1
radicaliza√ß√£o,1
burra,7
Bozonazi.Marina,1
neles,2
!!,5
criou,4
cabo,23
eleitoral,4
PT",1
#VoteMarina18üáßüá∑#DebateNaRecord,1
semana,18
falou,21
ex-mulher,2
algu√©m,17
lembra,4
Lula,10
chefe,2
?,7
governe,1
tr√°s,2
poste,2
HADDAD,30
Revista,1
AzMina,1
preparou,1
lista,2
argumentos,3
Jair,53
nessas,1
Use-as,1
tutorial,1
conversar,1
indecisos,1
convencer,5
dialogar,1
pensa,2
diferente,3
odeio,4
f√£s,2
tnc,1
sapat√£o,3
vota,20
merece,3
buceta,3
chupa.,3
Boulos,24
falando,25
dizendo,7
Somos,2
atacadas,1
diariamente,1
imitam,1
armas,2
apontam,1
n√≥s.,1
outros,25
CAR√ÅTER,2
Pesquisa,10
CNT,4
segundo,84
3,34
atr√°s,13
Bolsonaro..,6
Fortuna,1
150,1
descoberta,1
contas,1
banc√°rias,1
Macaco,1
Urbano,1
fraco,6
perguntar,2
√∫nico,11
ia,5
apanhar,1
perguntasse,1
algo,8
batido,1
Mano,3
irritante,1
boulos,1
chupando,1
ovo,2
kkkkkk,3
bob√µes,1
Gente,13
plmdds,1
ficar,18
turno,98
mt,3
deu,22
c√©u,2
Meu,10
Deus,23
taxar,1
13,31
sal√°rio,3
"o,1
bolsonaro..,4
bolsonaro...,1
bosta,1
pqp.,1
fala,71
grosso,19
momentos,13
amarela,23
Ele,30
derrota,6
dar,10
atitudes,6
autorit√°rias,5
sendo,8
desconstru√≠do,6
pr√≥prios,6
atos,5
#DebateRecord,11
#VoteMarina18,8
sentindo,2
pessoa,9
decepcionada,2
mundo,16
descobri,3
m√£e,4
(PASTORA,2
manteve,2
escondido,2
mim,19
mandei,2
text√£o,2
metendo,2
boca,6
fale,4
bem,14
mal,24
menos,50
preparado,1
nenhuma,2
ret√≥rica,2
Pt,1
desesperado,1
kkƒ∑k,1
√≥bvio,1
podem,3
opini√£o,4
problema,6
distribui√ß√£o,1
gratuito,1
tendo,3
jogando,2
outro.,1
_Igreja,1
Mesmo,3
crist,1
apoiando,2
desses,6
Enquanto,2
geral,1
Daciolo,84
mitando,1
#DebatenaRecord,2
TRAPA√áA!!!,2
V√≠deo,2
Largo,8
Batata,8
usado,2
#globolixo,2
carnaval,4
2017,2
disse,24
cortar,17
verba,2
publicit√°ria,2
metade,17
grana,2
hospitais,2
ta,15
desespero,7
Como,23
Edir,10
Macedo,11
declarado,1
debate?,1
puta,30
pariu,25
morreu,25
vez,29
Ei,1
retardado,4
entrou,1
federal,1
gra√ßas,2
Sisu,1
particular,1
fies,1
legi√£o,1
programas,1
beneficiaram,1
Foi,2
boso,1
27,2
anos,9
vida,5
p√∫blica,1
pai,8
vem,6
falar,26
fica,6
saio,1
andando,2
cansei,2
discutir,2
‚ÄúBolsonaro,1
aceitaria,1
Ta,1
parecendo,2
umas,2
dizem,5
democracia,19
faria,1
Ia,1
chorar,1
darem,1
presid√™ncia,3
Perdeu,1
vaza,1
Esse,17
"debate,1
conversa,1
amigos,3
cujo,1
objetivo,2
principal,4
Chega,1
riduculo!,1
Hadadd,1
consegue,4
cara.,1
parece,3
ali,1
so,3
ou√ßo,1
Acho,2
v√£o,16
maluco,3
Esta,1
justamente,4
jogada,6
Mas,25
abuso,1
guerra,2
X,1
ein,1
precisa,5
escolher,6
duas,19
piores,9
op√ß√µes,6
Sigo,1
entender,15
olham,1
candidatos.,1
TV,10
falam,8
...,4
matou,2
kurt,2
Cobain,2
COMPROVEM,11
AGORA,11
ESTARRECER,11
Abra,11
1,62
p√°gina,11
on,11
line,11
folha,13
veja,11
Globo,13
jornalismo,11
respeita,16
intelig√™ncia,12
Jornalismo,12
IGNORAM,11
AS,15
MANIFESTA√á√ïES,11
GIGANTES,11
APOIO,13
BOLSONARO.,11
Cheguei,1
momento,2
excluindo,1
outra,3
rede,1
absurdamente,1
escroto,1
aceitar,4
Minha,1
prima,1
beb,3
internado,6
corredor,1
encontrou,1
pediu,2
pegar,1
colo,1
grito,1
"ELE,2
NAO,5
lindo,1
choraram,1
inclusive,3
enfermeiras,1
Nina,3,1
dias,116
EU,4
COLOQUEI,1
DEBATE,2
FAZ,1
MIN,1
FALARAM,1
VEZES,1
TENHO,1
DUVIDA,1
QUEM,2
Amiguinhos,1
existem,2
al√©m,2
S,17
lembrada...,1
Professora,4
presa,4
picha√ß√£o,4
base,15
militar,23
Chapec,4
SC,6
!,15
tipo,7
depreda,4
patrim√¥nio,5
p√∫blico,7
hierarquia,4
conhece,5
toler√¢ncia,4
protesta,4
ELE,5
N√ÉO.,4
_general,5
segue,1
ataques,2
tema,1
(Jair,1
kkkkkkkkkk,1
Mi,1
apuesta,1
las,10
elecciones,1
del,1
pr√≥ximo,4
7/10,1
habr,1
necesidad,1
2,261
vuelta,3
el,7
balotaje,1
lo,2
disputar√°n,1
la,12
segunda,13
a√∫n,1
pero,1
lleva,1
ventaja,1
Comparto,1
mi,1
columna,1
hoy,1
en,17
Tercera,1
Chile,1
CARALHO,3
PARA,2
POSTAR,1
COISA,1
VC,1
14,1
ANOSSSS,1
calunias,8
fundo,8
engra√ßado,10
acham,11
idiota,14
Depois,9
toda,19
rua,10
digital,9
feita,10
dif√≠cil,13
institutos,9
pesquisa,10
provarem,9
chances,9
vencer,9
primeiro,18
Se,20
Bolsonaro,o,1
dele.,4
Haddad,o,1
Seus,1
bando,4
chato,6
crlh,1
Fernando,14
_Fernando,14
13¬∞".,12
desmentiu,14
General,12
Mour√£o,17
criticou,12
(mas,12
pretende,12
"cortar,12
13¬∞)".,12
Pensando,1
seriamente,1
viu,3
sei,11
PORQUE,10
MAIORIA,9
DA,11
EST,9
Porque,12
faz,41
parte,11
esquema,9
fingem,9
Receberam,9
bilh√µes,10
govs,9
mamata,9
PODEM,9
ME,18
ATACAR,9
JEITO,9
QUISEREM,9
VOU,10
CALAR!,9
Ontem,1
ocorreram,1
Algu√©m,2
not√≠cia,2
Existem,3
Nitidamente,1
focado,1
Bolsonaro,est√£o,1
pouco,8
lixando,1
sociedade,1
entrar,2
facebook,1
MULHERES,2
MINHA,2
FAM√çLIA,1
postando,8
gen√©tica,1
combina,1
Isso,8
"fale,1
Bolsonaro"?,1
expor,3
tentar,13
fazer,10
pensem,1
fa√ßa,1
tente,1
manipular,2
ficando,3
ja,2
‚ÄúLos,1
venezolanos,1
est√°n,3
muriendo,1
hambre,4
debido,3
un,5
gobierno,4
tir√°nico,4
ajudem,15
chegar,18
filhos!!,15
Uma,17
cidadezinha,15
Aproximadamente,15
40,15
mil,18
habitantes,17
interior,19
Amazonas,15
escolheu,15
Quer,30
mudan√ßa!,16
Presidente!,15
üáßüá∑üáßüá∑üáßüá∑üáßüá∑üáßüá∑,15
AUTAZES-AMAZONAS-BRASIL,15
Combinaram,1
rid√≠culo,6
defender,19
covardes#OVotoNaRecord,1
These,1
Brazilians,1
that,1
adore,1
are,1
yelling,1
Our,1
Captain,1
is,2
back,1
he,1
now,1
home,1
after,1
failed,1
assignation,1
attempt,1
by,1
the,1
Communists,1
Unidos,5
argumento,5
baixo,5
notoriamente,5
falso,7
Partido,6
Trabalhadores,5
coisa",5
satisfa√ß√£o,6
tia,13
chamava,6
facista,6
homof√≥bico,26
car√°leo,6
v√≠deos,7
face,7
grupo,12
fam√≠lia!,6
vivi,6
pior,8
petista,13
poss√≠vel,6
curada!,6
GLOBO,3
PRECISA,1
DEIXAR,1
CLARO,1
N,3
TAXAR,1
POBRES,1
CORTAR,1
BOLSA,1
FAMILIA,1
NEM,1
SAL√ÅRIO.,1
Aham,1
submissas,1
Querem,2
cuspir,1
trabalho,2
Sergio,2
Moro,4
Lavajato,1
libertar,1
criminoso,2
botar,1
cadeia,2
her√≥i,1
juiz,2
permita,1
ven√ßam,1
combate,1
corrup√ß√£o,18
foda,12
atacado,3
estar,15
COVARDES!,1
assunto,5
kkk,2
Desculpa,2
zezinho,1
Presidente,5
turno.,7
moral,3
chega,5
toma,2
cu,7
fodam,2
familiares,2
rela,2
olho,2
td,2
tanto,9
arma,2
morra,3
tiro,2
causar,1
confus√£o,1
ajudasse,1
Convuls√µes,1
costumam,1
facilitar,1
for√ßa.,1
Por,10
sorte(ou,1
n√£o),1
malugolpinho,1
resolveu,1
Ex√©rcito,1
haveria,1
viabilidade,1
executar,1
ordem,1
sumir,1
urnas,10
inteiro.,1
uniram,2
impressa,1
ladr√µes,3
corruptos!,1
Hoje,9
escancarado,1
alian√ßas,1
feitas,1
nojo!,1
#ovotonarecord2018,1
fez,39
benef√≠cio,1
Sinto,2
dizer,10
existia,1
unificou,1
benef√≠cios,1
alegando,1
colocou,3
novo,4
#Elesim,1
lotar,5
ruas,10
virarmos,6
Venezuela,11
crian√ßas,5
morrendo,7
fome,6
Constitui√ß√£o,8
bolivariana,5
m√≠dia,9
internet,6
controladas,5
discordantes,5
presos,6
Lava,5
Jato,5
destru√≠da,5
partido,15
fim,7
Venezolanos,3
mueren,3
vinculado,1
dictadura,1
cubana,1
_0007,1
Amoedo,4
simpatzo,1
infelizmente,4
jogo,3
acho,38
desistiu,1
campus,1
tirar,10
poder,13
indicado,1
algumas,1
√∫nico.,1
caralha,1
tanta,3
mentira,3
acusa√ß√£o,1
falsas,3
Bolsonaro?,3
nojento,7
fracos,8
expressividade,7
usando,8
possa,7
presente,16
utilizam,7
perguntas,7
r√©plicas,7
tr√©plicas,7
atac√°-lo,7
Bando,7
covardes!,7
pulso,4
firme,4
cambada,3
snow,1
flake,1
aguenta,1
rem√©dio,1
amargo,1
necess√°rio,2
Outra,1
Nicol√°s,1
Maduro?#SomosBolsonaro17,1
pedir,5
resposta,3
nesse,16
ds,1
usar,2
minimo.,1
veremos,1
repetir,1
sair,5
#CiroPresidente12,1
Nojenta,1
mentirosa,1
manipuladora,1
tv,1
deve,5
360,1
BNDES,2
cobrar,3
ent√£o,7
popula√ß√£o,3
sim,7
Nojo,1
Levando,1
conta,4
apenas,9
dic√ß√£o,1
Alguns,2
"comando,1
campanha.,1
Bom,1
levar,10
facada,8
passar,4
cirurgias,116
quase,34
m√™s,7
tomar,3
cacetada,1
rem√©dios,1
meros,1
detalhes,1
gente???,1
equipe,1
provou,1
COESA,1
sim.,2
Tenho,1
diverg√™ncias,1
pol√≠ticas,2
Assim,1
Por√©m,2
rola,1
mudar,9
porra,5
brinde,1
Temer?,1
plano,4
governo,5
verdade,13
bastante,1
no√ß√£o,3
administra√ß√£o,1
pol√≠tica,31
Entre,1
abismo,1
burrice,3
burros,1
pt,14
mestre,1
publicidade,1
msm,3
Movimentos,1
LGBT,2
feministas,1
apoiaram,1
implanta√ß√£o,1
ditadura,3
l√°,3
iguais,5
passam,1
igualmente,1
massa,4
manobra,2
√∫til,3
vote,4
afastar,1
comunismo,2
#MulheresSubmissasAoPT,1
Disseminadores,1
boatos,1
promovem,1
falsa,9
checagem,1
protesto,11
ganha,3
PT.,10
Pros,3
eleitores,14
esquerdopata.,1
Alckmin,32
tra√≠ra.,1
Haddad.,1
cabos,6
eleitorais,6
Carreata,1
Cuiab√°-MT,1
Sucesso,1
total,2
foto,6
carreata,2
inteira,7
Cuiab,1
Talquei,1
espera,1
mesmo.,1
espanto,1
J,37
espero,1
grande,1
decep√ß√£o,3
esperava,1
virou,2
raiva.,1
Pena,3
,voto,1
reconhe√ßo,1
realmente,8
ideal,1
Pelo,4
afastaria,1
fantasma,1
Eis,1
vossa,1
sonhada,1
socialista,1
democr√°tico,2
eximir,1
institui√ß√£o,1
principalmente,2
investiga√ß√£o,1
Pare,1
Ou,2
vence,4
OU,1
ESTAMOS,1
FRITOS,1
#JairMessiasBolsonaro17,1
alckmin,1
sabe,13
cansam,1
proferir,1
merdas,2
boca..,1
mano,11
comparando,1
entendendo,1
eh,7
fotos,1
orgulho,1
mulher,13
muita,4
indigna√ß√£o,2
RESPEITO,1
minimo..,1
n√£o.,2
lixo,3
maioria,1
Numa,4
coronel,4
ficou,7
v√≠tima,4
Albert,4
Einstein,4
checar,5
hemorr√≥ida.,4
Cara,7
''fugiu,6
esfaqueado,115
passou,118
seguidas...,6
ideia,7
bobagem,6
disse?,6
conforta,6
saber,10
prestes,7
tradicionais,6
f√©rias,6
anos!,6
90,4
cidades,7
20,2
200,2
odeiam,5
esquerda,3
L√≠der,3
SP,8
RS,3
RJ,8
ES,2
PR,10
MT,MS,2
GO,2
TO,4
RO,2
RA,2
RN,2
BA,2
PE,2
CE,2
MG.,2
palavras,4
derrota",3
diz,18
Acompanhe,1
vivo,1
#Eleicoes2018,1
aguento,3
twitter,1
pol√≠tica/bolsonaro,1
enjoou,1
desgra√ßa,1
doido,2
Pabllo,15
Vittar,15
boicota,10
marca,5
botas,5
Victor,5
Vicenzza,5
apoia,19
maquiador,5
Agust√≠n,5
Fernandez,5
sozinha,5
bota,6
feia,6
KKKKKKKKKKKKKK,5
Enfim,1
ligada,1
Comunista,1
movimentos,1
(mesmo,1
disfar√ßados,1
C√öMPLICE,1
MORAL,1
genoc√≠dio,1
perpetrado,1
pares,1
Manuela,1
d'√Åvila,1
dessas,1
idiotas,1
√∫teis,1
cr√™em,1
#Gulag,1
batendo,1
ponto,3
ajud√°-lo,1
cima,1
pouca,1
rejei√ß√£o,3
dando,3
√™nfase,1
"se,1
Ciro.,1
Tema,1
cada,7
cinco,1
ladrao,1
tenta,9
fingir,1
"√∫ltima,1
onda,5
desta,1
entendo,1
insist√™ncia,1
querer,2
#JoaoNosDebates,1
Novo,1
programa,2
neoliberal,1
discurso,12
lavajatista,1
hip√≥crita,1
√Ålvaro,7
Dias,3
conservadorismo,1
tosco,1
Nada,3
acrescentar.,1
"pq,1
Caralho,1
nesses,2
16,3
Kkkk,1
burro,5
ato,10
representou,6
for√ßa,6
Das,6
aceitam,9
homens,8
Elas,6
decisivas,6
parar,9
atraso,6
pa√≠s.,6
#BoulosNaRecord,6
Era,1
‚Äúmostrarem,1
servi√ßo,1
‚Äú,3
gira,1
torno,1
demais!!!,1
"Ain,3
insistir,3
indicar,3
ainnn,3
estrat√©gia,11
ferrar,3
ainnn...,3
CNT/MDA,3
registram,3
empate,3
t√©cnico,3
Beijo.,3
esque√ßa,2
califa,2
merda...,2
individuo,5
louco,14
privilegio,5
achar,8
sao,6
_carvalh,1
Nojento,1
deveria,5
dado,1
medidas,1
votaram,3
juntos,2
Faltou,1
citar,1
CPMF,3
PSDB,14
na√ß√£o,1
entubar,1
contra.,1
diga,1
sabendo,4
investigado,1
sofrer,1
impeachment,1
entra,11
louca,1
dele?,1
casa,5
restabelecendo,1
engalfinhando,1
debates,27
#Bolsonaro17,1
_bolsonaro,1
kkkkkkkkkkk,1
So,1
coitados,1
(#EleN√£o,1
queria,5
proposta,2
destilar,2
dados,1
lula,2
Podem,1
candidatura,6
serviu,1
muitas,2
coisas,7
Pra,13
machismo,1
cabe√ßa,3
Para,6
unir,1
quanto,28
andar,1
Obrigado,1
bozo,1
Kkkkkkkk,1
trata,1
filha,2
mal?,1
simples,6
prol,5
Toritama,1
pequena,2
PERNAMBUCO,1
#bolsonaro,2
#BolsonaroPresidente17,7
#Bolsonaro17EleitoNo1¬∫turno,1
Deleg,1
PF,1
Rodrigo,1
Morais,1
(indic,1
PT),2
decretou,1
sigilo,1
investig,1
segurar,1
ate,3
elei√ß√µes.,1
(Filh,1
Secret,1
comunic,1
Ze,1
dias),1
Assinou,1
#folhafakeNews,1
morte,1
Adelio,1
agressor,1
Ligado,1
PSOL/PT,1
Nonato,1
viegas,1
(PSOL,1
#VEJA600MILHOES,1
Mt,1
legal,1
v√°rias,1
ruins.,1
S√£o,5
cotadas,1
pqp,3
apelativo,1
desesperador,1
Geraldo,7
comparar,3
campanhas.,1
Sou,6
Curitiba,6
oportunidade,8
conhecer,6
Sergipe...a,6
surpresa,6
acontecendo,6
passeata,12
certeza,6
presidente,17
1‚Ä¢turno.,6
#EleSim17,6
#EleSimENo1oTurno,6
#BOLSONARO1¬∫TURNO,6
DESCOBRI,1
LADR√ÉO,1
MERENDA,1
APAIXONADO,1
PELO,1
sozinhos,1
timeline,1
discutindo,1
maturidade,1
pauta,1
evitar,1
assunto.,1
poucos,2
acabou,6
Minist√©rio,1
P√∫blico,1
continuarem,1
insistindo,1
mesmos,1
pol√≠ticos,2
mancomunados,1
faltando,1
tornarmos,1
tb,1
Imagine,2
naufr√°go,2
V,2
Iate,6
300,2
metros,4
canoa,4
lascada,2
10,12
Vai,5
nadar,2
agarrar,2
humilde,2
perto,2
canoa.,2
impress√£o,1
presen√ßa,1
ruins,1
nestas,1
mesas,1
redondas,1
Infelizmente,6
devem,2
considera√ß√£o,1
neste,8
pleito.,1
Av,2
Santos,2
Dumont,2
Londrina,2
tomada,2
Pr,3
Resposta,2
pesquisas,15
mentirosas,2
eleito,11
Turno.,2
Sera,3
votam,5
entendem,2
direitos,3
luta,3
lutou,2
conquistar,2
√°gua,2
baixo?,2
seguinte,1
falas,1
infelizes,1
ciro,1
tentando,2
pano,1
fascista,7
mesmo!",6
Curioso,6
√öNICA,6
bloqueou,6
aqui,11
corrigimos,6
informa√ß√£o,6
divulgou,9
Amarelou!,6
chama,2
"bolsomito,2
deus,3
olhar,3
olha,5
pros,2
cachorro,2
tonto,2
correndo,2
pr√≥prio,3
rabo,3
Manifestantes,1
juntaram,2
avenida,1
Paulista,4
Paulo,6
demonstrar,1
presidencial,1
(PSL),1
Outras,1
realizadas,1
Bras√≠lia,2
aconteceu,6
carreata.,1
Foto,1
Miguel,1
Schincariol/AFP,1
Alckimin,1
limitado,1
merendas?,1
#MulherescontraBolsonaro,3
Vice,3
reduzir,3
bastava,3
aumentar,5
imposto,3
pobre.,3
LEIA,3
MAIS,3
Os,5
propagandas,1
rejeitados,1
(de,1
op√ß√µes),1
apresentar,1
m√≠nimo,1
proposta.,1
converter,12
nele,12
Vasca√≠no,6
virar,9
Flamenguista,6
lidera,7
oposi√ß√£o,6
odiar,3
devido,1
corrup√ß√£o.,1
minorias.,1
soa,1
burr√£o,2
voc√™.,2
canalhas,1
cagando,1
[30/9,6
23:43,3
Dany,1
moss,1
QUE,10
ODIO,1
CAD,1
ARMA,1
23:44,1
23:45,1
Deve,1
perseguindo,1
sla,1
23:49,1
KKKKKKKKKK,1
ignor√¢ncia,1
desprezar,1
agradar,2
Geral,1
Sinceramente,1
incomoda,1
bolsonarismo,2
Mourinho,1
desde,2
surrado,1
agenda,1
conservadora,1
representada.,1
Numbers,1
dont,1
lie,1
Rafi!!,1
desempenho,3
pessimo,2
turma,1
estam,1
entregando,1
terror,1
lugar,4
resultado!!,1
&gt,17
2,5,1
padr√£o,1
NS!!,1
!!!,1
GIGANTE,1
ACORDOU!!,1
17!!!,1
PRIMEIRO,1
TURNO!!,1
POVO,1
ESTA,1
NAS,1
Absurdo,1
Ultimamente,1
cheiro.,1
certo..,1
Est√£o,2
apoiaria,1
steevie,1
cego,1
kkkkkkk,2
bolso,1
puto,1
facil,1
At,3
Miriam?,1
Sempre,1
confiei,1
admitir,3
volta,2
bandidos???,1
S√©rio,3
pensar,2
trama,1
brasileira,5
unidos,1
aceitando,1
bandidos,2
Sabem,1
divulgando,1
#eleNao,1
Rio,2
feke,1
mostrar,1
pr√©dio,2
ca√≠do,1
Aqui,2
aparece,1
tapume,1
caiu,2
Mais,4
den√∫ncia,1
fake,13
detesto,1
politica,2
obrigada,1
oq,3
passa,2
S√≥lido,1
Kast!,1
Aunque,1
entrevistador,1
di,1
m√°s,1
vueltas,1
con,3
pollo,1
as√°ndose,1
for√ßou,1
n√©?,1
extremista,1
culpa,5
isentando,1
responsabilidade,1
Ela,1
preso,3
Olha,2
enojado,1
vejo,4
leio,1
atualmente,1
midia,2
Brasileira,1
Salvador,2
Patria,1
baixaria,1
VENDIDA,1
Afundou,1
chance,8
'Bolsonaro,1
horas,2
amarela`,1
Parab√©ns,2
conseguiu,1
amea√ßa..,1
2018,2
fria,2
adianta,5
chora,1
1¬∞tirno,1
Merendeiro,1
(comeu,1
parecidos..,1
Pergunto...Fernando,1
diferentes,2
levantando,1
bola,1
arrega√ßar,1
"Fala,1
amarela",4
:,6
rejeitado,31
tdas,6
bro,6
V√çDEO,1
pr√≥-Bolsonaro,2
‚Äúencontro,1
fazenda,1
Projeto,3
lei,4
2006,3
reservando,3
vagas,3
deputados,3
senadores,3
negros,4
Putz,3
racista,4
n√©,7
Cr√©dito,10
Alkiminn,1
come√ßando,1
coitado,1
inventar,1
Santo.,1
pio,3
companheiro,3
Maluf,3
Kataguiri,3
DEM,3
parlamentares,3
cassados,3
neg√≥cio,4
Camargo,1
Luciano,1
fazem,112
enquete,1
show,1
Tirando,2
uns,2
gatos,1
pingados,1
DEU,1
1Ô∏è‚É£7Ô∏è‚É£.,1
establishment,2
acredite,1
compradas?!,1
fossemos,1
tolos...,1
acordou,1
e...,1
Pura,1
percebeu,1
ataca,1
junto,1
Bozo,3
esquece,1
casado,1
ama,1
procura,1
lugar.,1
feio.......acalma,1
Estamos,1
paix√£o!!!!!,1
#SomoBolsonaro17,1
To,1
igual,1
4hrs,1
manh,1
daqui,2
esperando,2
aparecer,3
HUAHAUUHAUUAH,1
anta,1
"No,1
enfrentar,3
projetos,1
autorit√°rios,1
saudosismo,1
daqueles,1
fraudaram,1
criando,1
Las,1
encuestas,1
afianzan,1
Tava,1
refletindo,1
namorado,1
homao,1
irritar,1
vezed,1
porem,1
concorda,1
comigo,3
homem,2
rhebehdbd,1
Primeiro,1
mentiu,ele,1
realidade,6
Segundo,2
contradisse,ele,1
retirar,1
desmentir,1
afirmar,1
distorceram,1
fala,q,1
retirar.,1
atacam,3
turnos,1
_blue,1
l√°.,3
Cerca,1
200.metros,1
frente,2
concentra√ß√£o,1
helen√£os,1
maconha,1
rolando,1
bebida,1
alco√≥lica,1
ch√£o,2
passavam,1
camisa,3
Bolso,1
gritavam,1
"mulher,1
apanhar"...,1
440,1
coliga√ß√£o,1
sai,6
dinheiro,1
segundos,1
PRTB,1
(e,1
povo),1
sempre,6
1¬∫,1
humilhado.,1
Da,1
tristeza,1
pr√≥xima,1
"ATO,1
CRIMINOSO,1
JORNAL,1
BOLSONARO",1
via,4
GERALDO,3
ALCKMIN,3
TENTA,3
CONVENCER,6
OS,4
ELEITORES,3
NELE,3
COMO,6
TENTAR,3
UM,7
VASCA√çNO,3
VIRAR,3
FLAMENGUISTA,3
EXISTE,3
LIDERA,3
PESQUISAS,3
FEZ,6
AQUILO,3
NUNCA,5
OPOSI√á√ÉO,3
AO,5
"Somando,1
declara√ß√µes,1
anteriores,1
general,1
'juntando,1
cr√©',1
percebemos,1
an√∫ncio,1
golpe",1
debater,1
"perguntas,1
"candidatos,1
ai,3
lambendo,1
bolas,1
farinha,1
bolsa,2
gloria,1
deux,1
_caos,1
Pqp,1
usam,1
FOTO,1
Hitler,1
matam,1
desgosto,2
comunidade,1
Judaica,1
Burra,1
professora,1
PRA,3
disseminar,1
caramba,3
putos,1
verem,1
metralhado,1
independente,1
n√£o).,1
der,4
senhora,1
acusa,1
??????,1
Nenhuma,1
bandeiras,2
Brasil..,1
bandeira,2
CUT,1
MST,1
UJs,1
UNE,1
etc...,1
espont√¢neo..,1
pol√≠tico.,1
patri√≥tico..,1
ideol√≥gico.,1
mulheres..,1
causa.,1
#EuQueroBolsonaro,1
_Souza,1
Todo,2
marina,1
silva,1
nervosa,1
desidratar.,1
corrupto,3
‚Äúa,2
chocada,3
polariza√ß√£o,2
PSDB‚Äù,1
hj.,1
"ah,1
amoooooor,1
partidos,2
estudar,1
argumentar,1
Dormir,1
trabalhar,1
Resumo,3
Cabo,17
delirando,1
desesperados,2
propaganda,5
gratuita,1
2010,5
ache,5
ruim.,5
amoedo...,1
turno...pq,1
poderia,3
desistir,1
mim?,1
Bolsominions,2
xingaram...‚Äù,2
MATURIDADE!!,2
ISSO,2
AQUI,2
PA√çS,2
JOGO,2
FUTEBOL,2
PORRA!!!!,2
Desculpem,1
bater,4
certa,1
muda,1
Marina.,2
tipicamente,1
declarando,1
deputado,2
RIO,1
JANEIRO,1
rid√≠cula,1
resumindo,1
canalha,2
PIOR,1
Assunto,1
lero,2
vazio,1
vergonha!!!,1
Detalhe,1
enquanto,6
feminazis-comunistas-petistas,1
patriotismo,1
galera,6
verde,6
amarelo,3
regra.,1
_Oficial,1
fechou,1
Nunca,2
vi,4
desastroso,1
reuniram-se,1
eleger,2
CIRO,14
d√£o,1
ibope,1
cenas,1
comuns,1
fumo_maconha_e_apoio_o_bolsonaro.mp3,2
possivel,1
automaticamente,1
comunista,2
tlg,1
odio,2
ACABOU,1
CENTR√ÉO,1
DEBANDOU,1
APOIAR,1
INCONDICIONALMENTE,1
BOLSONARO!!,1
TURNO,1
PRB,1
ligado,1
Universal,1
manifestou,1
internamente,1
predile√ß√£o,1
PSL,5
(via,1
Politica,1
Estad√£o,1
#Estad√£o,1
acredita,1
Jo√£o,2
lixo.,1
Pessoal,2
junta,1
logo,9
mundockskskks,1
sugeriu,1
projeto,3
castra√ß√£o,1
qu√≠mica,1
estupradores,1
ironicamente,1
criticado,1
Maria,1
Ros√°rio,1
defendeu,1
estuprador,1
Champinha.,1
chocado,1
ninho,1
Matou,1
pau,3
Marana,1
Siva,1
#CiroNaRecord,18
viveu,1
Falava,1
besteiras,1
Luciana,1
Gimenez,1
ficava,1
zoando,1
falava,3
verdades,2
zoeira,1
l√≠der,1
descansando,1
Descansa,1
domingo,2
comemorar,1
crlh!!,1
#SomosTodosBolsonaro,1
Checagem,2
news,6
2.0,2
"Mas,4
fot√≥grafos,2
registrando,2
fato",2
p√≥s-p√≥s,2
lama,2
amigos.,2
√∫ltimo,2
amarrada,1
perna,1
recusa,1
participar,7
FALA,2
precisava,1
daciolo,1
projetinho,1
meme,3
Urnas,1
fraudadas,1
BOlsonaro,1
_moreira01,1
incoerente,1
maconheiro,1
indigentes,1
piorou,1
17,pT,MDB,PSOL,PC,1
doB,PDT,PSDB,o,1
represntou,1
detui√ß√£o,1
milhoes,2
miserais,1
desempregado,1
golpe,3
.apenas,1
poeder,1
politico,aqui,1
Pe,1
ferrovia,1
sert√£o,1
Salqueiro.,1
Ja,1
pararam,1
saberemos,1
capit√£o,3
ops,1
Militar,2
Sim,3
levanto,1
m√£o,2
agrade√ßo,1
fam√≠lia,3
bolsonaro.....,1
VS,2
Tamo,1
doen√ßa,1
mental,1
Vulgo,1
sal,1
botam,2
centro,3
percebem,2
refor√ßo,2
convocat√≥rio,2
plebiscito,2
domingo.,2
Voc√™s,1
chatos,3
fulano,1
ciclano,1
Entenda,1
conseguir,2
jeito,2
melhor,1
Ngm,1
voto.,2
FASCISTA?,1
Pergunte,1
judeu,1
ele!,1
#Desafio,1
Desculpe,2
achei,2
Sra,2
Roberto,1
Motta,1
declarou:,1
"Nossa,1
dura,3
meses,1
gest√£o,1
significar,1
institucionaliza√ß√£o,1
explos√£o,1
crime,5
emigra√ß√£o,1
Votem,1
17.",1
#SemanaRenova,1
Aos,1
decidido,1
advirto,1
trucidado,1
pr√≥ximos,2
Duvido,5
resista,1
Veja,2
TSE,3
STF,2
Tio,1
Sam...,1
Ao,2
inv√©s,3
mostrarem,1
odiava,1
Bolsonaro!!!,1
Odiava,1
passei,1
pesquisar,2
fortes,1
Bem,1
contr√°rio,5
percebi,1
diziam,1
sentia,1
tornou,2
admira√ß√£o,1
Militares,1
2018:,1
Daciolo.,1
militarismo,1
sa√∫de,1
mental.,1
manifeta√ß√µes,4
inteiro,5
final,4
Manaus-AM,4
Todos,3
"puxando,1
mulheres",1
Bl,2
Bl√°.,1
sinto,2
informar.,1
üáßüá∑Ô∏è,1
Hahahahahahahahahahaha,1
mito!!,1
gerou,1
Mito,1
Pop,1
n√≥s!,1
Daciolo!,1
cariocas,1
√∫ltimas,1
elegeram,1
N√≥s,1
paulistas,1
votamos,1
parab√©ns.,1
Marquem,1
serem,3
for√ßados,1
veia,1
estourada,1
procedimento,1
mini,1
cir√∫rgico,1
√≥bito.,1
desejar,1
pensamento,2
leva,2
psicopata,1
"Jair,2
desrespeita,2
_17,2
ajuda,4
aliado,2
ocorrer,1
assustador,19
Um,26
fundamentalista,19
religioso,19
machista,20
gra√ßa,20
fruto,19
emergir.,19
ri,19
desespero.,19
brito,1
poderiam,2
come,1
finge,1
Crentes,1
entendam:,1
Crist√£o,1
busca,1
Te√≥logo,1
autoridade,4
espiritual,1
"querubim,1
ungido,1
votando,2
Pastor,1
denomina√ß√£o..,1
MAS,1
cora√ß√£o,1
aperta,1
qndo,1
surreal,1
Propaganda,1
apoiam,2
todas,6
inventadas,1
Meninas,1
certas,1
criticando,5
aff...,1
BRASILEIRO,1
TER,1
ESCOLHER,1
vira,2
comandada,1
organiza√ß√£o,1
assessorado,1
Jos,1
Dirceu,3
corja,2
comandados,1
denunciado,1
elege,1
bandalheira.ESCOLHAM!,1
SANTA,1
MARIA,1
PINTOU,1
VERDE,1
AMARELO,1
PROL,1
JAIR,1
virado,1
meio,4
perigoso,2
loca,2
voz,1
memes,1
deixa,2
mentir,3
Bolsonaro...,1
amigo,3
√∫ltima,2
salvar,2
venezueliza√ß√£o,1
completa!!,1
prefere,2
brigar,1
comida???,1
DORMIR,1
DEPOIS,2
DESSA!,1
embolei,1
poxa,1
pessoal,1
cisma,1
(desses,1
apoiar,4
taxam,1
lembrou,1
escova,2
dentes,2
Procurando,1
trivialidade,1
for√ßar,1
simetria.,1
p√¥de,1
nessa,1
jogou,1
montada,7
bateu,1
sand√°lia,1
havaiana,1
cansar,1
Mayara,1
Sapat√£o,1
usa,1
drogas,1
batman,1
igreja,1
conciliar,1
repito,12
polarizado,10
terr√≠vel,13
eleja,10
dificilmente,11
governar,10
preparo,10
projeto.,10
#Ciro12,15
#CiroPresidente,10
Eleitores,2
maluc√£o,2
sigam,1
dica,1
Maluc√£o,1
doid√£o,1
perfil,3
esquerdista,2
"denunciar,2
criado,3
induzir,2
acreditarem,2
"existem,2
Queridas,2
SIM,2
mtas,2
gota,2
mar,8
feminino,2
fraquejada,2
v√™m,1
milhares,1
Foice,1
manipula,1
fotografar,1
primeira,2
imagem,2
usaram,2
"mostrar,1
Paulo.,1
print,1
manifesta√ß√£o..,1
claro,3
funcional,1
sangue,110
transfundiu,1
ne,1
Vivo,1
sequelado.,1
perder",3
vagabunda,2
Almeida,4
Prado,4
46,4
participa√ß√£o,4
radicais,1
fantoche,1
representa,2
continuidade,1
dum,1
Poder(palavras,1
Min.C,1
Mello),1
radical,3
Muito,1
(atuante,1
claramente,2
guinou,1
direita,1
m√≠nima,2
preocupados,2
??..,2
turno?,2
Dois,2
jumentos!,1
Perderam,1
rid√≠culoooooo!,1
fiscal,1
COOOLLL,1
Amo√™do.,1
mostram,2
indicam,2
Ah,1
confio,1
pesquisas.,2
VEJAM,3
PARCIAL,3
Tivemos,3
in√∫meras,3
carreatas,5
gigantes,4
mostrou,6
menores,3
amplo,3
destaque,3
imprensa.,3
VERGONHA,3
Ap√≥s,7
alguns,1
duvidem,1
d√∫vida,1
mito,2
..,2
iguais!,1
Qual,3
crit√©rio,1
tocante,1
arsenal,1
mentiras,1
desgastantes.O,1
atingiu,1
n√≠veis,1
estratosf√©ricos.Todos,1
votos,10
admitem,1
proje√ß√µes,1
pesquisas.O,1
p√¢nico,1
haver,5
2o.turno,1
justifica,1
patifaria.,1
VENCEDORES,4
DEBATE:,8
PERDEDORES,4
NINGU√âM,4
LIGA:,4
zzzzzzzzzzzz,4
afundando,1
crescer,2
aproveitar,1
Bater,1
"ausente,1
covardia,1
render,1
audi√™ncia,3
p√≠fia,1
dele!,2
Paulino,1
uuummmm,1
discrimina√ß√£o,1
ofensa,2
Pois,1
conhecidos,1
torcida,1
Bamby,1
viado,1
),5
kkkkkkkk,2
catar,1
boiolas.,1
sistema,6
antecipo,20
resumo,20
#DebateNaRecord:,20
‚Äúsujeito,20
oculto,20
malhado,20
todos;,20
roubou,21
cena,20
humor,20
involunt√°rio;,20
modelo,20
FALIDO;,20
nenhum,25
ganhou,20
perdeu,131
votos.,20
FIM,20
Jose,1
Antonio,1
kast,1
"Si,1
yo,1
fuera,1
#Chile,1
cumplir√≠a,1
fallo,1
La,1
Haya",1
"si,1
salgo,1
ONU,1
sirve,1
es,2
local,1
reuniones,1
comunista",1
El,5
parcito,1
Nazis,1
#ElInformanteTVN,2
No,5
üáßüá∑:,2
usem,2
camiseta,3
rosto,2
(para,2
impedido,2
suposta,2
urna),2
tirem,2
coloquem,2
assinatura,2
votem,4
legenda,2
Vote,2
candidato!,2
REPASSEM,2
hj,3
milh√£o,1
dir√£o,1
mico,1
d√≥i,1
corruptor,1
melhorar,2
ficha,2
limpa,1
atitude,1
PMDB,1
afundaram,1
chamam,1
(Bolsonaro,3
louco?,1
(Daciolo,1
Record),1
engana,1
Nordeste,3
garantir,1
peso,1
organizadas,1
anteriormente,1
Apenas,2
lugares,1
periferia,4
d√∫vida.,1
terrorista,1
lider,1
MTST,1
chamando,1
Capit√£o,1
ditador,1
justi√ßa,1
estaria,1
terrorismo,1
prestar,1
sabemos..,1
presta,todo,1
Todas,1
tranquilo,1
Plante,1
colha,1
culpado,1
51,2
achando,5
desculpa,2
crist√£os,1
malucos,2
janeiro,1
traz...Daciolo,1
Crivella,1
Bolsonaro...que,1
SUAS,1
PROPOSTAS,1
FALAR,1
MAL,1
TE,1
CANDIDATAR,1
receber,2
fizeram,1
vao,1
fzr,1
agr,3
Recebi,1
pergunta,1
wpp,1
responder?,1
Ali√°s,3
mistura,1
Frota,1
pitadinha,1
Feliciano.,1
Vou,1
arrombado,1
Duas,1
chocantes:,1
erros,1
mataram,1
fascismo,1
matando,1
juntando,1
esferas,2
drag√£o,1
ressuscitar,1
mo√ßa,1
rad,1
olhando,1
pras,1
meninas,1
mto,2
LGBTS,1
qm,1
vinda,1
chernobyl,1
vir,3
dente,1
vo,2
morde,1
radwr,1
c√∫mulo,1
vivente,1
mente,2
vazia,1
oficina,1
pena,3
participou,1
injusto,1
candidatos!!!!,1
comunista.,1
n17,1
Brava,1
espancar,1
fdp,1
palha√ßada!,1
"Mulher,1
FODA-SE,1
chamar,3
bostas,,1
decis√£o,1
porras,1
aoou,1
paranoicas,1
orienta√ß√µes,1
menina,1
postagem,2
aleat√≥ria,1
mencionou,1
Muita,1
loucura.,1
permanecem,1
‚ÄúPT,1
outro‚Äù,1
cal√ßas,1
borradas,1
Sabe,2
sobra,1
Imagina,1
(pesadelo,1
destruir,2
coitado!,1
incompet√™ncia,1
expondo,1
preferindo,1
minutinhos,1
amiguinho,2
Hoy,3
mujeres,4
dijimos,3
#EleN√£o,4
repudio,3
al,11
fue,3
impactante,4
calles,3
redes,12
Un,3
freno,3
racismo,3
homofobia,3
autoritarismo,3
violencia,3
_Guim,1
enlouqueceu,1
arrastando,1
facada,n√£o,1
soou,1
leviana,.,1
gosto,1
Pode,2
todos!!,1
Precisamos,1
inimigo,1
brutal,1
poder..,1
atravessar,1
Oceano,1
atl√¢ntico,1
nadando,1
Para√≠ba,1
fronteira,1
pa√≠s!,1
nojenta,3
postura,11
H,112
verdadeira,3
brasileiras,3
Vejam,3
portais,3
"not√≠cias,3
continuam,3
concentradas,3
cidades.,3
Gnt,1
ficarmos,1
compartilhando,3
burrices,1
liga,1
escolheram,1
burras,1
sentiu,1
ofendido,1
ligo.,1
acusando,2
Queria,1
falarem,4
explicarem,1
passado,2
falei,1
encerrar,4
atingir,4
d√≠gitos,4
continua,4
voce,4
junte,4
hipot√©tico,4
negativo,2
Turno,1
#17,1
aceitou,2
orquestrou,2
Temos,3
gera√ß√£o,2
infantis,2
Pat√©tico..,2
Perigoso...,2
noiado,1
sua..,1
aii,1
denegrir,2
m√∫sico,3
Lob√£o,4
grave,3
alerta,3
#ELENAO,2
fortaleceu,1
mta,1
pessoa.,1
insistente,1
irm√£o,2
sujeito,2
√°vido,1
Falta,1
campo,1
Desesperado,1
eg√≥latra.,1
cerca,218
23,111
√≥rg√£os,109
revirados,109
costurados,109
L,110
milagrosamente,109
sobreviveu,109
requer,109
cuidados,109
extremos,109
inescrupuloso,109
diante,110
condi√ß√µes,109
sujo,109
Vamos,116
vencer!,109
Porra,1
lacrosfera,1
quanta,1
hipocrisia,1
palavra,1
resume,1
DEMOCRACIA,1
aprendam,1
respeitar,1
opini√µes,1
parem,4
"BOLSONARO,3
sal√°rio...",3
MENTIRA.,3
Quero,4
far,4
garantiu,3
firmeza,3
FAKE,3
NEWS,3
engraxa,1
chuteira,1
lacradinha.,1
copiou,1
colinha,2
kkkkk,1
T√¥!,1
Vendo,1
jogar,1
podre,1
Triste,1
chegamos,1
lugar...,1
prop√¥s,2
impresso,2
inquestion√°vel,2
barrou,2
absurdo,3
recusar,2
correto,2
defendendo,2
impediu,2
vota√ß√£o,2
recontada,2
sistema!,2
praga,1
coitada,1
sobrinha,1
maneira,1
profunda,1
Vale,1
assistir,1
Quando,1
inventam,1
editam,1
pagam,1
artistas,1
testemunhas,1
Tudo,1
manterem,1
continuar,3
participando,2
Seria,3
massacrado,2
entrevista,3
Stephen,2
Fry,2
Deu,2
tamb√©m.,2
fudeu,1
palma,2
povinho,1
capacidade,1
Candidato,1
trajet√≥ria,1
defende,1
austeridade,1
pede,1
uni√£o,1
"Ven√ßo,1
fico,1
NERVOSA,1
desonestidade,1
comprar,1
Rid√≠culo.,1
SABEM,1
EPIS√ìDIO,1
TRISTE,1
ATENTADO,1
TEVE,1
D,4
PRESERVAR,1
DESSE,1
DEBATEs,1
(se,1
podemos,1
circo,1
debate).,1
PORCOS,1
MISTURA,1
FARELO,1
COME!!!,1
Ent√£o..,1
apoiarem,2
fato,4
ego√≠stas,2
pensam,2
"sou,2
sofri,2
OLHAM,2
FORA,2
UMBIGO,2
DELAS,2
TANTO,2
MULHER,2
SOFRENDO,2
MORRENDO,2
POR,4
A√ç,2
Inacredit√°vel,3
prefiram,3
arrogante,3
carism√°tico,3
intencionado,3
vale,3
inexperiente,3
estadista,3
pedetista,3
mostra,5
compet√™ncia,3
#AcordaBrasil,3
bolsominions,1
bozonaro:,1
‚Äúse,1
filho,5
gay,1
espanco,1
homem‚Äù,1
‚Äúmeu,1
relacionar,1
negra,1
educado‚Äù,1
‚Äútive,1
filhos,2
dei,1
mulher‚Äù,1
"Eu,10
op√ß√£o,10
ven√ßo,20
voto.",10
Declara√ß√£o,1
aceita,1
vit√≥ria,2
repudiada,1
Presid√™ncia,1
democratas,1
Golpista,1
age,1
modo,1
irrespons√°vel,1
rela√ß√£o,10
Fala,1
inaceit√°vel.,1
apresenta,1
saem,1
bin√¥mio,1
'PT,1
(um,1
EDIR,1
MACEDO,1
RECONSIDERAR,1
DESSA,1
DACIOLO,1
_crf,1
conseguiria,1
(que,4
GENTE!!,1
FAN,1
ACCOUNT,1
POSTEI,1
MANIFESTO,1
DAS,1
PEDINDO,1
DOS,1
MENINOS,1
THE,1
NEIGHBOURHOOD,1
JEREMY,1
RESPONDEU,1
ACREDITANDO,1
CHORANDO,1
MT,1
demostrou,1
montagens,1
sempre,..,1
extremo,1
comuna,1
registrado,1
atra√≠do,1
familias,1
inteiras,1
longe,1
reda√ß√µes.,1
"Voc,5
decidiu,5
agora.",5
derrotado,1
Periodista,1
Mat√≠as,1
Del,1
R√≠o,2
habla,1
raza,3
Kast,1
referirse,1
personas,1
afrodescendientes,1
opiniones,1
Concepto,1
desuso,1
connotaci√≥n,1
negativa,1
discriminatoria,1
demasiada,1
carga,1
hist√≥rica,1
tras,1
J√∫lio,2
Brant,2
Vasco,2
meno,1
Refor√ßou,2
estere√≥tipos,2
Dos,2
acordos,2
MDB,2
centralizadora,2
risco,2
existe.,2
Resultado,1
roubando,1
nocauteados,1
paradoxal,1
Prega,1
amor,3
pratica,1
Guapo/Fals√£o,1
unindo,1
sulistas,1
nazistas,1
#B17,1
Fazer,1
geografia,1
sentido,3
permanece,1
nisso,1
aprendeu,1
babaca,1
Record!!,1
pejorativa,1
Interessante,1
demonstram,1
motivos,1
quais,1
estando,1
Caso,1
abrir,1
caixa,1
pandora,1
sobrar,1
presidenci√°vel,1
julgar,1
dobradinhas,1
desesperadas,1
cen√°rio,2
consolidado...,1
Vcs,2
putaria,1
come√ßou,1
Fixa√ß√£o,1
t√°tica,1
errada,1
cair,1
confronto,1
direto,2
faz√™-lo,1
gaguejar,1
agredir,4
Esperto!,1
DIZEM,1
INTOLERANTE???,1
ESPERO,1
ASSUMIR,1
PRESID√äNCIA,1
2018!,1
SEJA!!,1
REDE,1
VEJA,1
OUTRAS,1
MERDAS,1
TIPO.,1
Comparar,1
moram,1
Galera,1
absolutamente,1
suposto,1
tweet,1
esposas,1
real,2
serve,3
amostra,1
observar,1
facilmente,1
reproduzidas.,1
PUTO,1
carro,1
"que,1
inferno,1
ACREDITO,1
IMBECIL,1
jesus,1
humanidade",1
hein,1
confian√ßa,3
Eymael,1
salinha,1
fict√≠cios,1
creio,1
s√©rias,1
Candidato....eu,1
votei,1
petralha!,1
sr,1
tds,1
elei√ß√µes!,1
conluio,1
esquerdalha,1
arrebentou,1
BR!,1
erramos..,1
2018.....,1
‚Äúain,1
amizade,1
ideais,1
absurdos,2
disso,2
globolixo,2
capa,1
MENTINDO,1
portanto,1
f√°brica,1
#FAKENEWS,1
impostos,1
recebe,1
sal√°rios,1
m√≠nimos.,1
2-N√£o,1
sal√°rio.,1
3-N√£o,1
nova,3
constituinte.,1
4-N√£o,1
paga,2
PSOL,1
30,1
elas.,1
#OVotoNaRecod,1
mostrando,3
OPC√ïES,3
melhores,3
insiste,3
colocar,4
briga,3
fanatismo,3
outubro,1
papo,1
disc√≥rdia,1
estranhas,1
Falso,1
Moralista!,1
enche,1
minorias,1
fininho,1
Eduardo,3
Cunha,2
contumaz,1
Compare,1
Pimenta,1
referia,1
"quadrilh√£o,1
PMDB",1
Assista,1
Compartilhe,1
caras,3
mau,2
afetar,1
mudan√ßa,2
tomara,1
globo,1
#BolsonaroEleito1¬∫lugar,1
#BrasilComBolsonaro,1
Haganle,1
llegar,1
mensaje,1
narcodictador,1
_Libertad,1
serio,1
liberar,1
poner,1
orden,1
#LibertadONada,1
#FueraMaduro,1
passeia,2
DEUS,2
12,4
Assumam,2
RISCO,2
destroi,2
qualquerr,2
oponente,2
copiadas,2
FAVOR,2
AINDA,2
D√Å,2
parab√©ns,1
Protesto,1
esvazia,1
chuva,1
√≠ndice,1
engano,1
28,1
22,1
PERTO,1
provavelmente,2
juntinhos,1
&gt;,1
"PT,3
autoritarismo",1
durante,1
acompanhe,1
Nmrl,1
cegas,1
algum,1
quebrado,2
c√°,1
1800e,1
fuma√ßa,1
aonde,1
BRASIL+ainda,1
#ELEN√ÉO,1
#ELENUNCA,1
aeroporto,1
JURO,1
‚ÄúBOLSONARO,1
2018‚Äù.,1
acreditar,1
homof√≥bicos,1
escondem,1
Meus,1
patr√µes,1
indignados,1
engra√ßada,1
KKKKKK,1
seguir,2
Acabamos,2
mandamos,2
lamber,2
feridas,2
derrotamos,2
voltamos,2
construir,5
utopia,2
levando,2
estado,2
absurdas,2
quebrar,2
aumentarmos,2
Segue...,2
pm,1
devia,1
matado,1
1000,1
111,1
jair,1
massacre,1
carandiru,1
exce√ß√£o,1
falaram,2
direcionado,1
vice-versa,1
OUTROS,1
CANDIDATOS,1
T√ÉO,1
ENFEITE,1
INFERNO,1
"Contra,1
8s,1
dominou,1
Pa√≠s,1
fant√°stico!#TodosComBolsonaro,1
autoritarismo"#DebateNaRecord,1
justa,2
ensandecidas,1
sairam,1
paz,2
vimos,1
mals,1
olhos,2
odiavam,1
genuinamente,1
Bel√©m,1
PA,1
vibrando,1
lota,1
cantos,1
resto,1
news!,1
debate:,1
SBT.,1
choque,1
realidade.,1
p√©ssimo.,1
ODEIO,1
Cl√≠max,1
"√≥leo,1
peroba,1
amarelou",1
SBT,1
usou,1
for√ßas,1
Louco,1
eu.,1
vi√©s,1
subida,1
est√°vel,1
caindo,1
Escrevi,2
dissera,2
inaceit√°vel,3
asneira,2
anti-democr√°tica,2
dificuldade,2
cuja,2
corrida,2
atentar,2
valeu,2
condena√ß√µes,2
Mensal√£o,2
Petrol√£o,2
torna,2
amador,2
m√©dico,1
recomendou,1
repouso,1
servir,1
muleta,1
cega,1
DESGRA√áA,1
chamada,1
por√©m,2
diferentes.,1
conhe√ßo,1
considerei,1
viajada,1
morado,1
feito,1
faculdade.,1
insemina√ß√£o,1
artificial,1
solteira,1
acabei,1
decepcionei,1
espont√¢nea,1
surpreender,1
nesta,1
comum,1
compromisso,1
afirmamos,1
conjunto,1
franca,1
civilizat√≥rio,1
primordial,1
Assine,1
manifesto,1
conosco,1
lutar,1
movimento,2
N√ÉO"!!,1
alvo,1
Sei,1
repugnante,1
covarde,1
ego√≠sta.,1
chata,1
‚Äúah,2
isso‚Äù,1
parente,1
brigando,1
fuder,2
pergunta:,1
√∫nica,1
Brasil?,1
vida,s√£o,1
funcionais,1
pontos,3
Uns,1
Outros,2
amam,1
assassinado.,6
DESUMANA,6
COVARDE,6
condi√ß√£o.,6
recuperando,7
Pitta,1
_macedo,1
*FANT√ÅSTICO,1
pr,1
hoje*,1
raiva,1
Poliana,1
üáßüá∑,1
ap√≥s,1
adesiva√ßo,1
almo√ßar,1
Petinha,1
Bar,1
Chegando,1
passamos,1
15,1
minutos,2
atendimento,2
olhares,1
recrimina√ß√£o,1
embora,1
Algumas,1
Estudar,1
passado!,1
_com,1
maligno,1
frio,1
quente,1
morno,1
v√¥mito,1
espa√ßo,1
isent√µes,1
comprometem,1
ap√≥ia,1
regresso,1
progresismo,1
termo.,1
_Hermes,1
Nas,1
ganhava,1
combinaram,1
ficaram,1
bla,3
politico,1
tal,2
apresentaram,1
otarios.,1
esparramou-se,6
Cinel√¢ndia,6
"Mulheres,6
Unidas,6
Bolsonaro",6
farsa,6
m√≠dia..,6
aguentamos,1
quatro,1
senso,1
beijas,1
#elen√£o,1
BTG/FSB,2
oscila,4
baixa,2
33,2
31%,2
24%,2
cresce,2
8,2
11%,2
9%,2
4%,2
Amo√™do,2
5%.,2
Este,1
constata√ß√£o,1
definitiva,1
S√°bado,1
advers√°rios,1
conseguiram,1
espernear,1
gritar,1
pichar,1
muro,1
#VaiSerNoPrimeiroTurno,1
Aquela,1
garota,1
chakota,1
cantando,1
musica,1
tml,1
sujo!Vamos,1
kkkk,1
mtooo,1
doente,1
debate..,1
assumi..,1
sabemos,1
certo!,1
Alco√≥latra,1
jr.,1
Miseric√≥rdia,1
@_RicardoRezende,1
#BOLSONARO,1
_Moller,1
Comigo,1
Nao,1
pat√©ticos,1
fixa√ß√£o,1
doente.,1
quinta-feira,1
antes,3
Defendendo,1
‚Äúponto,1
vista‚Äù.,1
atentado,1
corrido,1
raia,1
opositores,1
iria,2
:/,1
hip√≥tese,1
,com,1
ganhando,1
,,1
alimenta√ß√µes,1
di√°rias,1
...largue,1
FSB/BTG,1
Pactual,1
expressa,1
embolada,1
milagre,1
(avan√ßando,1
nitidamente,1
Bolsonaro),1
ex√≠guo,1
aguardar,1
blitz,1
marota,1
P√©rolas,1
"Minha,1
dormir,1
Machista,1
Agress√£o,1
f√≠sica,1
rep√≥rter,4
xinga,1
Incita,1
viol√™ncia,1
negro,1
Mato,1
Racista,1
v√™..,1
policiais,3
deixaram,3
manifestante,3
expulsaram,3
jovens,3
faziam,3
‚Äòrolezinho‚Äô.,3
partir,3
R,3
Ponte,4
primeiramente,1
escute,1
som,1
passe,1
raiva!,1
(√°udio,1
DESCANSE,1
PAZ,1
=diomendes,1
chinaski,1
MARINA,1
SILVA,1
U√â?!,1
Estar,1
ASSASSINADO,1
"medo,1
eleitora,1
‚Äúcabe√ßa‚Äù,1
merda?,1
canalhices,1
parceira,1
quadrilha,1
criminosa,1
LADROES,1
CORRUPTOS,1
VERMES,1
FOLHAVERMELHA,1
DATACOMUNISTA,1
IBOPECORRUPTO,1
REDESGOTO,1
GLOBOSTAJORNAL,1
cr√°pulas,1
dignidade,1
dec√™ncia,1
humana,1
üáßüá∑urgente,1
BOLSONAROüáßüá∑,1
"menos,1
pior",1
EleN√£o,1
contento,1
ladainha,1
comeu,1
c√©rebro,1
Desgosto,1
dms,1
fode,1
historia,1
sujar,1
m√£os,1
limpo,1
Vejo,1
simplesmente,1
anti-petismo,1
tira,2
lideranca,2
raspando,2
pais,2
atropelado,2
hexa,2
alguem,1
oficial,1
pe√ßo,1
CONCURSO,1
DIF√åCIL,1
EXPCES,1
falar?,1
LULA,1
vagabundo?,1
Denunciem,1
passando,1
coment√°rios,1
carreta,1
Fortaleza,1
25,1
carros,1
Pol√≠cia,1
#CarreataBolsonaro,1
#EleSimENo1Turno,1
#DireitaSegueDireita,1
#DireitaUnida,1
PM,4
paulista,1
escolhe,1
Mulher,1
trabalha,1
estuda,1
cria,4
putinhas,1
aborteiras,1
"elenao",1
adotado,3
‚Äúmete,3
inventa,3
paralela,3
acreditar‚Äù,3
estimativa,3
amoedo,1
parassem,1
votassem,1
pfv,1
Atores,Atrizes,Cantores,,1
Jornalistas,Apresentadores,1
LIXOS,1
M√çDIA,1
juntos,n√£o,1
superam,1
VOZ,1
√öNICO,1
PATRIOTA.,1
surgiu,1
piada..,1
ris√≠vel,1
pat√©tico,1
a√≠...,1
sensato,1
dan√ßarem.,1
V√£o,1
detest√°vel,1
comparado,1
cr√°pula,1
suja,1
apareceu,1
Maduro,1
Constituinte,1
ferozmente,1
lembro,1
tentam,1
intimidar,1
derrotar,1
Menor,1
menor,1
descolar,1
apertar,1
13.,1
Idai,1
alvaro,1
cabeca,1
pessoas.,1
papel√£o,1
heim,1
aprendem,1
n√©.,1
Votando,1
indiretamente,1
novamente,1
terceira,1
turno:,1
43,1
42,1
faltou,2
motivo,2
Peidos,2
excessivos,2
atriz,1
s√©rie,1
Dark,1
cabelo,1
comprido,1
ex,1
colega,1
escola,1
surpreendo,1
atoa,1
dormia,1
aula.,1
amiga,1
parauapebas,1
norte/nordeste,1
"telemaco,1
borba,1
violentas,1
violenta,1
Paran√°,1
entendi,1
daciolo,o,1
restante,1
Bolsonaro,que,1
consigo,1
imaginar,1
comando,1
Brasil,que,1
miseric√≥rdia,1
n√≥s.#BolsonaroNoPrimeiroTurno,1
Nossa,1
not√≠cias,1
nocivas,1
macho,1
Auge,1
Extrema-esquerda,2
PSTU,2
queridos,2
centro-esquerda,2
analista,2
atestar,2
coloca,2
polo,2
oportunista,2
desonesto,2
covarde!,2
responde,1
outro".,1
crente,2
Mentira,2
diabo,2
conforme,2
B√≠blia,2
Falar,1
f√°cil,1
boa,1
candidato.,1
mania,1
‚ÄúQuero,1
17?‚Äù,1
amores,1
acordem,1
13..,1
lixos,1
"As,1
bolsonaro",1
Imagima,1
jumento,1
nazista,1
governando,1
pais...,1
2o,1
ganharia.,1
v√≠rgula,1
toca,1
assuntos,1
tabu,1
abordou,1
raiz.,1
bolsonaro??,1
foder,1
certo,1
‚ÄúLas,1
aqu,1
perpetuar,1
especie,1
esos,2
locos,1
imb√©ciles,1
ah,1
acaben,1
todo.‚Äù,1
Gabriel,1
Garc√≠a,1
M√°rquez,1
metro,1
ayer,1
marcha,1
#BrasilEsMujer,1
#BrasilFeminista,1
Eleitor,1
/tu,1
xingar,1
Caraca,1
pegou,1
pesado,1
covardes,1
aproveitando,1
ataque,1
sofreu,1
ido,1
bolsinha,1
lament√°vel.,1
"Mitar,1
sin√¥nimo,1
"Daciolo,1
mitou",1
diapas√£o,1
"mito",1
#Elei√ß√µes2018,1
fiquem,1
animadinhos,1
critica,2
estapaf√∫rdia,1
"Nova,1
Constitui√ß√£o",1
Tamb√©m,1
hip√≥critas.,1
Afinal,1
Mour√£o.,1
