enquanto,56
bolsonaro,1874
descansa,17
recupera,45
assumir,18
governo,45
melhores,47
condi√ß√µes,17
demais,26
candidatos,69
fazem,23
campanha,73
criticado,17
haddad,168
ciro,162
gomes,45
boulos,46
marina,149
silva,53
alckmin,69
melhor,60
cart√£o,17
visita,18
algu√©m,26
pode,39
ter.,1
v√≠deo,55
neste,10
exato,4
momento,23
eleitores,19
jair,155
candidato,232
presid√™ncia,25
rep√∫blica,6
psl,67
lotam,3
avenida,31
paulista,71
(sp),3
algo,19
dizer,52
sobre,453
fotos,5
esquerdistas,10
maquiagens,2
representando,3
machucados,2
frase,11
'elen√£o,2
escrita,2
corpo,2
mostram,10
quanto,43
imbecis,3
√∫nico,11
propostas,28
penas,4
rigorosas,2
criminosos,4
estupradores.,2
interessante,59
diversidade,58
assuntos,60
debate,268
record,103
falando,122
capit√£o,66
deputado,68
sofreu,64
atentado,58
l√≠der,62
pesquisas,89
bolsonaro.,155
incr√≠vel,84
hoje,156
cidade,60
goiana-pernambuco,40
carreata,55
pr,87
verdadeira,43
pesquisa,88
m√≠dia,53
mostrar,73
#somosbolsanaro17,44
#somostodosbolsonaro17,39
#elesim,92
_nacional,40
in√∫meras,3
cidades,63
brasileiras,3
saem,6
ruas,40
apoio,147
bolsonaro!,11
nenhum,32
tamanho,2
popular.,2
querem,16
acredite,21
dizem,13
vencer√°?,2
piada!,2
povo,102
ruas!,4
#somosbolsonaro17,79
posto,13
gasolina,13
agora,79
conversando,12
frentista:,12
frentista,36
-,61
comum,15
quatro,20
quarenta,12
nove.,12
daqui,13
pouco,17
vinte,12
reais,26
pagar,14
mais...,12
menos,34
ganhe.,12
voto,60
clientes,12
aqui?,12
80,12
serpes/o,10
popular,13
goi√°s:,10
41,7%,10
14,1%;,10
meirelles,47
6,7%,10
ps:bolsonaro,10
cresceu,11
15,7,10
pontos.,10
gente,113
menina,41
luta,39
igualdade,38
social,41
kkkkkkkkkkkkkkkkkkkkkkkkkkkkkkkkkkkkkkkkkkkkkkkkkkkkkkkkkkkkkkkkkkkkkkkkkkkkkkkkkkkkkkkkkkkkkkkkkkkkkkkkkkkkkkkkkkkkkkkkkkkkkkkkkkkkkkkkkkkkkkkkkkkkkkkkkkkkkkkkkkkkkkkkkkkkkkkkkkkkkkkkkkkkkkkkkk,37
fude,37
nekkkkk,37
eduardo,19
quiser,8
mulher,18
direita,42
bonita,5
higi√™nica,7
janaina:,1
"com,1
todo,68
respeito,16
sagrado,1
direito,25
manifesta√ß√£o,49
digo,17
manifestos,2
contra,180
pr√≥-pt,1
assinou,1
passar,6
anti-petista,1
conseguinte,1
pr√≥-brasil,1
simples,2
assim",1
#semanarenova,16
disse,44
cabo,42
eleitoral,23
pt,249
saiba,7
nunca,45
sim,40
filhote,5
muita,48
moral,9
curr√≠culo,5
falar,34
declara√ß√£o,7
igual,15
pablo,8
vittar,8
engravidou,5
aborto,5
#debatenarecord,237
macei,4
linda,9
vestida,4
verde,14
amarelo,15
presidente,105
los,18
dichos,8
apoya,8
kast:,8
-los,8
gays,13
son,10
producto,8
del,23
consumo,8
drogas,12
-el,8
error,8
la,43
dictadura,8
fue,14
torturar,8
matar,8
-las,8
mujeres,26
deben,8
ganar,12
xq,8
quedan,8
embarazadas,8
-fin,8
las,33
reservas,8
ind√≠genas,8
asentamientos,8
descendientes,8
esclavos,8
#elinformantetvn,13
ora,1
ora..,1
quer,83
"intelectuais,1
ramo,1
art√≠stico,2
brasileiro,36
assinaram,1
manifesto,1
mesmos,6
enriquecem,1
cada,20
dia,62
custas,1
dinheiro,18
brasileiro?,1
#rouanetn√£o,1
#acabouamamata,1
#tchauqueridos,1
receber,33
pessoa,94
voc,112
admira,33
gratificante!,33
obrigado,62
deus,65
cl√°udio,33
duarte,33
confian√ßa,33
considera√ß√£o!,33
#flaviobolsonarosenador177,33
#bolsonaropresidente17,41
#bolsonaro2018,36
#errejota,33
#rio,33
#rj,33
#riodejaneiro,33
#vemcomigo,33
#brasil,37
#deus,33
#vitoria,33
#bolsonaro,45
all,17
media,32
is,17
good,19
pra,169
falam,9
tanto,10
acho,74
v√£o,37
acabar,19
votando,8
nele,12
kkkkkkkkk,1
#bolsonaropresidente,7
#jb17,1
emociona,29
impressiona?,28
hospital,54
faz,46
gra√ßa,35
presen√ßa,30
financiamento,29
carro,40
som,37
palanque.,28
#carreatabolsonaro,28
manacapuru-am,28
22/09/18,28
#elen√£o,93
impresionante,4
movilizaci√≥n,3
brasile√±as,3
el,26
foto,6
es,15
tarde,5
en,28
rio,8
janeiro,1
üáß,4
assustou,22
voltou,45
esperan√ßa,50
assustar,22
ganhando,24
perdendo,24
protagonista,22
psdb,48
4,35
derrotas,22
cabe,22
usar,34
favor,96
conquistar,23
ficou,47
casa.,22
dono,2
havan,2
comemora,1
recorde,4
vendas,1
ap√≥s,12
maiores,26
entraves,1
trump,5
elegeu,2
nova,15
iorque,1
votou,41
massa,22
esquerda,50
l√°.,2
aqui,43
megal√≥pole,1
botou,1
milh√£o,11
pessoas,59
acha,10
certas?,1
precisa,26
nao,essa,1
globo,12
lixo.a,1
mostrou,9
cedo,2
domingo,48
espetacular,1
17,30
nesse,39
2,54
milh√µes,28
400,10
mil,26
apoiando,28
copacabana,11
demostraci√≥n,1
convocatoria,1
2o,1
turno,114
favorita√ßo,1
f√°cil,39
fraquinho,1
alarde,1
bispo,1
edir,8
macedo,11
declara,4
rede,19
criando,3
pr√≥ximo,3
vendo..,1
compartilho,1
nada,26
faltando,3
semana,31
elei√ß√µes,23
muitos,21
atos,13
pa√≠s,104
pro,49
continuam,2
ataques,17
pior,7
dizendo,25
saiu,14
poderia,16
ido,3
pedir,6
perder,20
1,54
todos,118
batendo,20
p√£o,21
batem,21
cresce.,20
cientos,6
miles,6
salieron,7
ayer,5
calles,8
brasil,153
gritar,7
muy,5
fuerte,6
quieren,5
un,18
pol√≠tico,22
ultraderechista,7
hom√≥fobo,5
machista,7
racista,6
dice,6
frases,6
"no,7
mereces,5
ni,5
viole",5
aƒõ..,1
respeita,6
mo√ßo,2
-----------------------------------------,1
.,7
desespero,13
muitos...,1
deve,9
receita,1
federal,9
cara,53
limpo!,1
perigoso,1
sabendo,2
ganhando..,1
anular,1
voto.,7
guilherme,3
coloca,3
centro,4
aten√ß√µes,2
vence,8
casa,10
pijama,3
ampla,4
cobertura,4
manifesta√ß√µes,140
ontem,42
nenhuma,11
chamada,4
capa,4
imprensa,58
brasileira,25
passando,8
vergonha,11
precedentes,4
nessas,6
eleicoes.,4
maluquice,1
constituinte,8
loucura,2
comparou,1
bem,52
juntos,4
extremismo,3
deixar,5
dividido!,1
novamente,3
votasse,1
amoedo,22
rejei√ß√£o,59
quase,31
sairia,1
poder,31
bolsonarismo,1
cheio,4
marxismo,1
cultural,2
ent√£o,18
qualquer,25
forma,6
votar,89
diferente,12
eleger,22
quero,34
ver,33
time,1
vencer,14
_lba,1
porque,64
est,103
considerando,2
outros,28
ja,1
descarta,1
in√≠cio,17
proposta,18
fez,15
posi√ß√£o,1
vc,81
apenas,46
seguindo,1
grande,27
induziu,1
dizer/pensar?,1
reunidos,8
√∫ltima,12
maior,55
transmiss√£o,7
online,7
feita,15
segunda,7
emissora,15
re√∫ne,7
25,10
p√∫blico,11
live,9
leito,7
anunciada,7
cima,9
hora,12
bom,55
dia,rapaziada!neste,2
constata√ß√£o,2
dessas,3
transformadas,2
plebiscito:ou,2
elegemos,2
volta,12
poder.,9
convoco,2
queridos,2
amigos,5
raz√£o,pragm√°tico,2
emo√ß√£o.,2
vamos,33
turno.portanto,√†s,2
vi,18
dif√≠cil,27
saber,10
mano,8
votos,48
falando.,1
impressionante,15
artistas,8
ocaso,1
posicionam,1
unicamente,1
intuito,1
aparecer.,1
madonna,111
cher,1
mark,1
hammil,1
sabem,9
porra,6
bando,5
babacas.,1
urgente!!!,1
presidenci√°vel,2
recebe,1
alta,25
deixou,3
albert,12
einstein,12
paulo!,1
leiam,1
vejam,20
compartilhem,1
--&gt;&gt,1
#ovotonarecord,42
canhoto,1
precisamos,4
endireitar,1
liked,5
video,8
m√∫sico,5
lob√£o,5
grave,5
alerta,5
#elenao,5
internacionais,7
confirmei,7
at,42
momento:,7
fl√≥rida,7
york,7
angeles,7
londres,7
israel,12
berlim,7
roma,7
mil√£o,7
lisboa,7
porto,7
internacional,8
_cidl,2
gosta,7
sobral?,1
"sim,1
claro.",1
bolsonaro?,8
"eu,10
amo,12
fdp,2
nazista!",1
projeto,8
lei,8
(que,1
infelizmente,1
aprovado,1
rela√ß√£o,5
estupro,2
aumentando,1
pena,9
indiv√≠duo.,1
amar,3
_crf,1
bate,8
bolsonaro..,4
sao,1
tudo,23
puta,3
velha...,1
salvador,4
carnaval,8
refundado,4
brasileiros,16
patriotas,5
passou,8
liso,7
alfinetadas,7
ali,13
alvo,18
preferencial,7
presentes,7
afiado,7
dias,34
perdidos,7
escanteado,7
daciolo,86
modo,11
ursal,9
levou,8
dura,7
primeiro,91
bloco,14
_1,3
aparecer,3
outro,20
elei√ß√£o,31
apreendeu,1
coisa,25
lendo,1
hospital,,1
ficar,27
devagar,1
tempo,72
estuda,1
ultrapassado,1
presidi√°rio,5
seua,1
ameba,1
primeira,58
mundo,83
consegue,57
papa,110
olha,62
representam,55
coisas,60
totalmente,56
opostas.,55
v√≠deos,5
imagens,6
compartilhei,2
emocionou,2
d√∫vidas,2
olhos,3
pre√ßo,2
conseguir,7
tirar,17
partido,30
maldito,2
7,21
id√©ia,10
pr√≥prio,12
antipetismo,11
possibilidade,20
limpar,10
petismo,14
sempre,29
ia,12
mudei,9
ideia,11
#fechadocombolsonaro,9
responde,1
mour√£o,9
vice,7
not√°veis,1
escolhidos,1
‚Äú,2
decidir,2
futuro,9
pa√≠s‚Äù.,1
restri√ß√µes,3
trata-se,5
causa,6
homem,14
v√≠tima,3
crime,5
b√°rbaro!,3
bras√≠lia,5
30.09.2018,1
nessa,30
bastava,8
levar,13
ganhava,8
galera,21
afirma,10
avers√£o,8
assume,9
verdade,34
identifica,8
toda,18
mediocridade,8
preconceito.,8
desonestidade,11
culpar,11
ascens√£o,11
fruto,11
direto,11
anti-petismo,11
fomentado,11
diariamente,11
aceitou,12
resultado,29
urnas,39
2014.,11
ali√°s,2
sugiro,1
olhe,1
jornal,5
diz,51
cena,4
seguir,1
conselho,1
perceber,2
economista,1
s√©rio,8
compactua,1
cuidado,4
fazer,45
chacota,2
bl,141
bl√°,62
chuchu,16
tomar,18
merenda!!!!,15
gl√≥rias,16
deux!,15
virou,13
ataque,14
esqueceram,2
campanhas.#bolsonaro,1
agradece!,1
ganhar,68
roupa,2
preta,2
ir,30
enterro,2
to,13
alcan√ßando,2
menstrua√ß√£o,2
ejacula√ß√£o,2
precoce,2
tamy,2
gretchen.,2
tentam,3
manipular,3
ignoram,2
todas,20
bel√≠ssimas,2
chegadas,2
aeroportos,2
muitas,8
prol,5
desde,9
criam,2
narrativa,11
derrotada,2
poste,8
corrupto,3
preso,5
pau,3
carreatas,16
candidatura,26
volume,15
abrangentes,15
termos,16
capilaridade,21
urbana,15
rea√ß√£o,16
profundo.,15
gostei,31
bolsonaro,,4
tal,11
marcos,1
oliveira,1
doou,1
200,2
conto,1
ler,3
mensagens,1
gostaria,3
pauta,4
reforma,6
tribut√°ria;,2
previd√™ncia;,2
educa√ß√£o,15
b√°sica;,2
sa√∫de,4
p√∫blica;,4
pol√≠tica;,2
aparelhamento,2
m√°quina,2
bolsonaro;,3
esquece,4
"bandido,5
bandido,9
morto,7
crush,5
meninasssss,3
kkkkkkkk,5
declarar,9
instagram,11
agustin,17
fernandez,18
1,4mi,9
1,5mi,9
lgbt,10
17.,9
denunciou,7
"persegui√ß√£o,7
jornalistas,9
mat√©rias,7
achando,9
normal,10
democr√°tico,8
claro,27
ato,25
ocultar,7
numerosas,7
jornalismo?,7
tentando,7
preocupado,2
colocando,3
suspeita,6
urna,3
question√°vel????,2
pessoal,20
‚Äúdo,6
ta,15
pedindo,7
morte,12
maquiador,15
apoiar,23
#√©pelavidadasmulheres,6
imaginando,4
filha,3
contar,5
escola,6
fale,2
hj,4
mae,3
aula,2
hist√≥ria,8
falado,8
mulheres,60
2018,8
viveu,2
mam√£e,2
direi,2
orgulho,13
dois,9
debates,20
oficial,6
arrepia,3
multid√£o,21
onde,8
consideram,1
dar,38
chances,7
mto,5
cu,8
noite,8
29/09,5
vs,5
emocionante,4
caiu,9
‚Äúmulheres,9
rapazes,8
via,28
mentindo,5
descaradamente,4
difamando,4
grandes,7
canalhas,4
vala,4
pol√≠tica,17
elei√ß√£o.,4
‚Äúeu,5
vim,13
sonda,17
√∫ltimo,11
veio?‚Äù,1
fiquei,3
surpresa,4
admirava,1
empres√°ria,1
patriota,3
acabam,4
desmentidas,2
√≥timo,5
fazendo,12
dobradinha,5
anti,10
pega,6
junto,6
p√µe,4
minist√©rio,8
revezam,4
m√™s,6
levava,1
filho,16
discursando,4
‚Äúas,8
bonitas,9
esquerda(...,4
peitos,7
defecam,7
ruas.,4
higiene‚Äù,5
registro,4
brasil.,4
audiencia,1
kkk,27
engra√ßado,8
antes,17
sol,1
meio,6
encontro,1
come√ßou,4
09:30,1
lindo,22
calor,1
humano,15
alegria,9
estar,11
porta,1
voz,3
presidente!,3
critica,2
plano,27
_fernando,6
convocar,4
assembleia,2
compara,2
general,8
auto,3
destr√≥i,1
chama,8
nazista,2
claramente,3
apoia,17
cometeu,1
corrup√ß√£o,8
mostra,9
arrependimento.,1
correto,2
anos,30
(de,3
vez,20
#aten√ß√£o!,1
sendo,19
divulgada,7
‚Äúsucesso,1
movimento,16
rua,6
paulo,11
ano,2
passado!,1
aprendam,1
adora,1
desconfiem,1
sempre!,1
roubou,3
roubar,6
lugar,3
cruzes#debatenarecord,1
preste,1
aten√ß√£o,15
titia,1
alckimin,6
outros..,1
concentram,1
fim,2
esfraquece-lo,1
beneficiar,1
ven√ßa,2
fica,9
agu√°,1
sistema,11
continuar,4
famoso,4
uruguaio,3
sair,8
grupo,4
fam√≠lia,15
anivers√°rio,3
pq,36
aguento,3
falsidade,1
ningu√©m,9
posta,1
not√≠cia,1
desculpa,1
parecer,2
suspeito,1
tempos,2
so,4
vagabundos,1
transmitiu,6
mensagem,20
apoiadores,12
av,35
veio,9
segundo,34
pm,9
participaram,7
similares,6
ocorreram,6
cantos,6
for√ßa,47
incr√≠veis,6
sinta-se,1
feliz,13
manooooooo,1
problem√°ticas,2
entendem,2
fato,11
favor√°vel,3
significa,10
ptista,1
estressam,1
d+,1
economia,4
girar,2
haha,6
üáßüá∑,9
silas,2
malafaia,4
percebe,3
lado,20
certo,12
contr√°rio,3
√≥bvio.,1
amor,16
queria,5
distante,3
coloquem,3
concorrentes,6
correu,6
aparece,10
bolsonaro!",6
primeiras,3
medidas,3
eventual,3
revogar,3
teto,3
gastos,4
√°reas,3
sociais,10
imposto,4
golpista,3
temer,4
#haddadnarecord,7
vendo,4
postadas,1
redes,11
percep√ß√£o,1
clara,4
turno!!,2
#mudabrasilcombolsonaro,10
l√°,4
comunista,3
doente,1
falaram,8
sei,10
oq,7
aceitar,11
prova,13
ditador,8
#boulosnarecord,27
certeza,7
dorme,1
cabeceira,1
cama,1
estudou,1
geografia,1
politica,2
imparcial,1
''pelo,1
esque√ßam,1
bolsonaro',1
''kkkkkkkkkkkkkkkkkkkkkkkkkkkkkk,1
chupa,27
puta'',1
milhares,7
comunista!,1
tb,3
segue,2
imagem,7
3,8
ponto,11
arrepiar!!,1
fant√°stico,24
razoavelmente,2
multid√µes,3
descascando,2
gorducho,2
cor√©ia,2
norte,3
reportagem,2
bastante,4
longa,2
mostrando,12
podres,2
socialismo,3
deram,23
recado,8
fizemos,7
pac√≠fico,7
aut√™ntico,8
volunt√°rio,7
gratuito,7
quer√≠amos.,7
pronunciamento,8
a√∫dio,7
lotada,7
bem.,9
brasileiro!,7
isto?,7
trio,7
daniela,7
mercury?,7
n√£ooo,7
tomando,8
conta,13
praia,7
farol,7
gremistas,1
vivem,2
inter,1
caras,1
param,2
sentiram,1
golpe.,1
vota,72
rotulado,54
coxinha,18
fascista,24
homof√≥bico,20
petralha,19
ladr√£o,20
vagabundo,19
isent√£o,18
negligente.,18
rotular,18
arranjar,18
lote,18
capinar.,18
falei,2
tia,1
sabia,2
falou,36
‚Äúvota,1
frente,7
mirou,2
nesta,3
prop√µs,2
mesma,5
rebateu,2
governos,3
autorit√°rios.,2
_bec4,1
for√ßar,1
por√©m,1
amoedar,1
"bolsonaro,28
mexe,1
cresce!!,1
criticando,2
escolha,2
respeitaram,2
religi√£o,2
verdadeiros,2
intolerantes,2
vestem,2
vermelho,2
13,5
sal√°rio,1
piada,4
mente,3
vivo,9
luiza,3
sonza,6
uol,4
quis,5
avi√£o,15
intoler√¢ncia,4
desprezo,3
v√™em,3
dondoca,3
figuras,3
bizarras,3
aparecem,3
querendo,6
li√ß√£o,4
moral.,3
ei,1
louca,1
cacha√ßa,1
viuuu,1
cel,1
distribuir,1
gladson,1
tio,1
kkkk,30
censurar,1
midia,1
mentiras,46
idiotas,24
desse,29
resposta,29
bater,5
vir,4
papo,2
lados,2
opostos.,1
parab√©ns,13
30,24
carreira,6
conseguiu,6
jamais,10
feito,8
mobiliza√ß√£o,6
planeta,8
inteiro,12
votarem,6
fortaleza,1
nordeste,8
viva,2
simplesmente,6
nada.,3
amizades,1
dessa,22
gra√ßas,2
assim,19
amiguinhos,1
machistas,1
racistas,1
homof√≥bicos,1
mis√≥ginos,1
tr√°s,1
personagem,1
subletrado,1
tara,1
curso,1
superior,2
fico,4
infinitamente,1
gostarem,1
estudar,2
incentivado,1
profunda,1
duas,5
d√©cadas..,1
2016,2
dividido,2
favor√°veis,1
impeachment,10
contr√°rios,1
fratura,1
exposta,1
pr√≥-bolsonaro,4
anti-bolsonaro,4
podemos,1
capazes,1
pacificar,1
pa√≠s.,2
nome,11
sabe,24
mamata.,1
tribuna,2
sert√£o,2
al√©m,7
advers√°rios,8
atacam,7
fala,24
alvaro,21
acusa,7
comprar,8
pol√≠ticos,19
nordestinos,8
carregado,7
6,14
publicamente,8
necessidade,7
resposta.,7
podia,11
ganha,23
explorando,7
alheia,8
#debaterecord,16
ter√ßa-feira,5
recebo,5
falarmos,5
torcida,5
faremos,5
an√°lise,5
perca!,5
cabal,6
extens√£o,6
principais,6
portais,6
not√≠cias,8
veja,14
centenas,8
tv,13
ocorre,6
mesmo.,6
quadrilha,11
fizer,1
derruba,1
audi√™ncia,1
matias,4
horrorizado,4
kast,4
partidario,4
pero,10
sus,4
amiguis,4
izquierda,5
est√°n,4
con,5
tirano,4
maduro.,4
trecho,6
‚Äúvamos,6
diferen√ßa,12
imposs√≠vel,12
fraude‚Äù.,6
arrancar,1
alma,1
invadir!,1
lotado,2
v√©i,1
atacar,6
defender,13
porqu,3
obriga√ß√£o,1
debate.,2
conheci,1
magina,1
mandar,2
prender,1
ficando,9
sustentar,8
empatando,8
provada,8
show,29
jads,8
jadson,8
"primeiramente,16
parabenizar,16
democracia,27
coragem,20
s√°bado,46
derrota,19
of,7
course,1
gets,1
the,9
headlines,1
but,1
it's,2
worth,2
noting,1
that,3
brazil's,1
most,2
famous,1
ufologist,1
ademar,1
jos,10
gevaerd,1
has,1
also,3
declared,1
his,1
support,1
today,1
i'm,1
not,4
sure,1
how,1
many,1
votes,1
that's,1
#eleicoes2018,12
oque,2
garoto?(ou,1
bonito,2
tratou,1
bem,me,1
respeito,me,1
rir,34
conversar,1
educado,2
apaixonada,9
plataforma,2
importante,5
domina,2
intera√ß√µes,2
equ√≠voco,2
polarizar,2
classe,4
art√≠stica,2
aumentar,4
press√£o,3
pronunciaram,2
ali.,2
influenciadores,4
internet,agustin,1
conhecido,5
‚Äúo,1
reais"e,1
seguido,4
p/milh√µes,1
pessoas,declarou,1
bolsonaro,e,1
detona,1
c/os,1
do‚Äùele,1
n√£o"e,1
claro,j,1
agredido,9
militantes,1
_direita,4
shopping,3
enorme,9
moro,4
aceita√ß√£o,3
trevas.,3
record:,2
pede,2
escolhermos,1
consci√™ncia.,1
escolhemos,1
ok,7
crl,2
entendi,3
falem,2
agora!,1
existe,21
sa√≠da,2
√≥tima,2
jo√£o,4
amo√™do!!!,1
#joaonosdebates,4
sp,10
frota,4
1777,1
.bolsonaro,1
77,1
29/09/2018,2
marcado,2
m√∫sica,5
fascismo,4
ensaio,1
fotogr√°fico,1
leonardo,1
milano,1
livres.,1
establishment,4
republicano,3
necess√°rio,13
derrotar,7
democrata,4
falsa,3
oposi√ß√£o,8
lavada,3
_cns,1
saco,2
eleitora,2
porre,1
danado,1
parte,5
procuram,1
ficam,2
#elenunca,6
afins,2
eficiente!!!!,1
atrasado,1
semanas,3
espont√¢neas,6
expressivas,9
come√ßaram,1
9,8
setembro.,1
thought,1
#theecomist,1
was,3
fair,1
and,4
balanced,1
publication,1
supportive,1
#freemarkets,1
they,1
respect,1
brazilian,1
voters,1
blatantly,1
calling,1
frontrunner,1
"latin,1
america‚Äôs,1
latest,1
menace,1
#journalismisdead,1
"edir,2
bolsonaro"...meu,2
igreja,10
pautas,2
mesmas,3
conservadorismo,fam√≠lia,apoio,2
ideologia,4
g√™nero,2
comunismo,2
etc,6
...,3
13¬∫,2
ignor√¢ncia,1
acredita,3
mais..,1
tava,5
cortar,2
sal√°rio.,1
#continuafalandomour√£o,1
contabilizei,4
100,29
mais.,4
canalha,4
toca,10
assunto.,4
pois,28
"quebrar,5
sistema",5
argumentos,7
enfrentando,5
desigualdades,5
cortando,5
privil√©gios.,5
quebrar,6
pronta,5
angariar,6
quantas,3
matou,1
monstro,4
hitler,1
triste,15
mudar,9
biruta,1
apesar,3
suporto,1
filhos,8
eleitores.,1
chance,10
combate,1
deve.,1
pensem,4
ego.,1
famosos,1
declarou:,12
"o,16
financiando,1
'famosos,1
sob,2
falso,1
argumento,14
incentivo,1
compram,2
fim!",1
msm,2
estando,6
falado..,1
_avalos,1
lo,7
dec√≠s,1
relevante,10
excepto,1
declar,1
lesbica,1
tiene,1
su,6
vida,14
sexual?-,1
raz√≥n,1
gusta,1
rt,6
biblewords3,1
edilenesoaresg2,1
recife,1
presente,11
jeito,6
ajudem-me,1
eletr√¥nica,1
usada,1
v√°rias,6
vezes,3
vale,7
mais?,1
forte,13
chuva,6
regi√£o,5
dispersam,5
abriga,5
debaixo,6
masp,6
tapa,1
importantes,1
fique,8
omisso,1
tire,1
bunda,3
sof√°,1
fa√ßa,7
desafiando,5
(ciro,5
pros,5
amarela,6
chefe,17
equipe,11
m√©dica,11
"veja,11
tentativa,12
assassinato,13
facada,29
louco,14
assassino,11
girou,11
faca,13
dentro,15
dele.",11
blusa,1
amanh,1
kit,4
sexual/gays,1
crian√ßas,3
seis,2
detalhe,2
interessante.,2
helen√£o,6
familias,2
homossexuais,3
militancia,2
travestis..,2
familia,3
tinha.,2
pais,3
av√≥s,2
isso!,2
subliminar,1
maioria,9
v√°lidos,1
votem,3
branco,3
pegadinha,1
malandro,1
caiam,1
ah,1
lixo,1
vcs,10
vendem,1
prefiro,3
tornou,2
memor√°vel,2
qdo,3
eleitor,8
"se,2
mimimi",1
tipo,7
#votonarecord,2
gigantesco,1
liderado,1
aceitam,1
homens,5
d√°-lhe,1
ausente,5
propagado,1
luisa,3
recusou,3
voar,3
resistiu,3
duro,3
golpe?,3
assiste,14
sinceros,13
agradecimentos,13
normalmente,1
passeatas,4
protestos,5
n√∫meros,1
organizadores,1
exageradamente,1
tratando,1
fen√¥meno,2
inverso,1
rsrsr,2
org,1
12,8
carros,5
conforme,1
pm/df,1
salvar,5
lula,41
salva,3
real,24
contra",1
lembra,1
#geraldo45,14
acabei,2
descobrir,1
amigas,2
boa,14
gay,19
declarou,7
vender,1
deixa,2
trista,1
espa√ßo,2
sequestrar,1
estarei,7
ordem,10
paz,11
acredito,12
#bolsonarosim,7
excelente,8
combinado,7
eis,1
raz√£o,4
‚Äúelen√£o‚Äù,1
acreditar,3
compara√ß√µes,1
dele..,1
uns,5
doidim,1
blablabla,1
insistem,2
colocar,4
canto.,1
cerca,1
1.000.000,1
paulistas,1
paulo/sp,1
domingo.,1
#parlaelei√ß√µes,1
acabou,4
nois,1
baixada,1
cabe√ßada,1
kkkkkkkkkkk,2
m√°scara,1
cai,1
cresce,5
ap√≥ia,1
assistir,2
compartilhar!,1
manooooo,1
ataca,5
kkkkkkk,6
rindo,1
#bolsonaronoprimeiroturno,3
band,7
aceita,9
vit√≥ria..,7
usou,8
‚Äúargumento,7
nobreza,7
ps,7
perguntei,7
ofender,7
m√£e,12
v√≥,7
glr,1
lek,1
poss√≠vel,4
pingo,1
conhecimento,1
crlh,1
facismo,1
presidenciaveis,1
come√ßando,1
existem,9
democraticamente,2
caro,2
gloria,6
,,,,1
deuxxxxxxx,1
primeiramente,1
aproveitando,4
pergunta,5
pol√≠ticas,1
juntando,1
bom.,1
ouvido,2
quente,2
_17,2
criatura,1
besteira,1
far,1
#17,1
hipocrisia,2
!!,6
pauladas..,1
todos.,3
ca√ßaria,1
fraude,16
ben√©fico,1
sabido,1
empres√°rios,1
renda,1
recebem,1
indevidamente,1
situa√ß√£o,2
regularizada,1
valor,1
benef√≠cio.,1
vers√£o,1
murilo,1
couto,1
top,1
seguran√ßa,11
cultura,2
agricultura,1
deixe,2
pronto,4
chega,6
viol√™ncia,5
formas,sr,1
boulos.,1
concretas,3
realmente,7
justas,1
errou,5
estrat√©gia,3
inteira,2
lampejo,1
brilhantismo,1
sinalizar,1
alguns,4
pontos,14
converg√™ncia,1
naquele,1
break,1
bola,10
deu,7
sortudo,1
passa,2
poc,1
defendesse,1
exagera.,1
tarefa,1
debate!,1
puder,1
ajudar,4
agradece,1
rsssss,1
achei,4
l√≠ngua,1
falo,1
acepta,1
alguien,3
le,3
gane,1
declaraciones,2
golpistas,1
merendeiro,1
ama,2
abra,4
hoje.,3
p√°ginas,2
inicias,2
folha,3
g1,2
parada,3
rio.,2
esconde,3
brasil!,4
#carlazambelli1710,2
federal-sp,2
parece-me,1
meireles,7
unidos,2
kkkkk,3
unos,1
minutos,2
esperemos,1
pregunten,1
apoyo,1
qui√©n,1
afirm,1
solo,1
aceptar,1
gana,2
esos,1
dem√≥cratas,1
continente,1
defiende,1
derecha,4
chilena,1
verg√ºenza,1
esfregando,1
excluir,1
perto.,1
propaganda,10
gratuita,1
escolhi,5
medo,23
pt.,6
analisando,3
fatos,3
vejo,5
acima,2
ideias,3
ideais,1
diferentes,5
minhas.,1
gentileza,1
recuperar,1
,diminuir,1
tantos,3
temas,1
importantes.apenas,1
detonam,1
defender),1
espero,12
reveja,1
pensamentos,2
vontade,6
m√°ximo,1
certo.,1
quest√£o,7
governar,14
fortes,13
ricos,6
governador,5
precisam",5
_swift13,1
enrustido,1
‚Äúentendo,1
aspas,2
entendo,3
votantes,2
outra,8
minoria,3
principalmente,3
mulheres?!?,1
escutam,1
n√£o??,1
cade,1
gnt?!?!?,1
inteligente,10
usa,21
intelig√™ncia,2
comunistas,2
igualzinho,1
obs,2
facista,2
pt.",1
repeti,1
ahahahah,1
urgente,1
bastasse,1
colar,1
projetos,6
leg√≠tima,1
defesa,2
aumento,1
bandidos,3
entrou,6
onda,13
assista,11
inescrupulosos,6
perceba,7
n√≠vel,17
zero,6
tentativas,6
destruir,6
colocado,6
cega,9
surda,9
muda,10
diante,17
declara√ß√µes,17
dirceu,9
‚Äútomar,9
custo,9
certamente,10
ocupados,9
vasculhando,9
processo,11
separa√ß√£o,9
confronta√ß√£o,1
deve-se,1
petista,9
prov√°vel,3
advers√°rio,1
semelhan√ßa,1
defendida,1
programa,1
reto,1
m√°xima,2
‚Äúdiferen√ßa,4
lidera,7
estrutura,6
coliga√ß√µes,6
acord√µes,6
disputado,6
tomou,8
militante,9
terrorista,6
humilhando,7
stablishment!,6
expectativa,1
econ√¥mica,1
realidade:bolsonaro,1
"quero,7
radicais,16
parecidos,14
quebra,11
monop√≥lio,18
petr√≥leo,14
radicalismo,18
atrai,5
caminho",5
"uma,3
raz√µes,3
existir,3
bagun√ßa,3
provocou,3
autorit√°rios,3
ditos,3
democratas,3
maduro,5
ortega,3
amea√ßa,6
n√£o?",3
responder,1
pergunta!!,1
dormir..,1
arrepiante,2
√©poca,5
anta,2
patriotismo,4
bandeira,4
hino,4
tocado,2
partes,3
avante,2
capit√£o!,2
acepto,1
mi,1
elecci√≥n,1
dem√≥crata,1
hombre,1
maranh√£o,2
deixando,3
sarney,4
telecomunica√ß√µes,10
plen√°rio,4
tamb√©m",1
google,3
comprova,3
(s√©rio,3
discuss√£o,5
surreal,3
empregos,4
mandam,3
"mas,3
absurdo...,3
levanta,3
papel√£o,3
canalhice,4
armamento,2
aprovada,4
proprio,3
estaria,6
pqp,2
marcou,1
local,1
exatos,1
marcada,1
garanhuns-pe,1
(a,1
terra,1
civilizados,1
evitar,2
confus√£o,1
mudamos,1
quinta-feira,1
(04/10).,1
joao-pe,1
estaremos,1
vit√≥ria,24
merece,14
renova√ß√£o,11
trag√©dia,11
trampolim,10
ditadura,12
botar,10
abismo,10
zozota,3
come,3
procriar,3
limpinha,3
ass√©ptica,3
sentir,4
cheiro,3
parecida,3
boneca,3
infl√°vel,3
quantidade,1
atacados,1
#marinasilva,1
#ciro12,11
subiram,1
tom,1
talvez,4
estariam,2
acirrada.,1
_com,1
inclusive,1
casou,1
solteira,1
preconceituoso,1
new,1
by,4
blogdelinks,1
transmitido,3
09,1
vem,8
asneiras,1
pr√≥prios,4
convencem,1
!,6
#ptnuncamais,1
#ciron√£o,1
atacado,1
amea√ßado,2
ofendido,1
pr√≥pria,1
apoiadora,1
parece,7
alta!!,1
eleito,5
#17neles,2
votam,9
7/10/2018,1
toca.e,1
faturar,1
lembram,1
erundina,1
terceiro,2
maluf,1
prefeito,3
ganhou?,1
sobral/ce,1
'quanto,1
malho,1
vendo',1
novo,17
amo√™do,3
oportunidade,3
mudan√ßa,3
experimentar,1
morrer,3
guerra,3
picuinha,1
dirigiu,1
corajoso!,1
10,7
ve√≠culos,3
pro-bolsonaro,3
‚Äúmais,1
600,2
hahaha,3
satisfeitos,1
"galera,1
representa,3
sinceramente,5
reclamar,1
fara,1
horroroso,1
vertentes,1
representantes,1
partidos,3
escr√∫pulos,1
aff,1
disso,5
cheio.,1
legal,4
nql,1
chato,1
querer,7
achar,2
opini√µes,1
represente,1
pfv!,1
amigo,2
motivo,2
explique,1
favor?,1
ficha,6
limpa,6
importa,3
entra,4
merda,6
n√©,7
calado,4
a√≠,5
feed,1
julguem,1
gran,2
marcha,1
hagamos,1
una,3
macri,2
acorda,2
üáßüá∑üáßüá∑1Ô∏è‚É£7Ô∏è,1
rabo,1
geraldo,4
"alckmin,2
muro,1
renovar,1
arrependermos,1
#joaoamoedo30,1
estados,3
concentra√ß√µes,1
turno.,5
rs,1
record,l,1
aus√™ncia,14
motivos,2
√≥bvios,1
raras,2
exce√ß√µes,2
assunto,3
exclusivo,1
nacional,5
fugiu,13
religiosa,1
inferno,1
maldosa,1
fofoqueira,1
vaidade,1
poder!,1
concentra√ß√£o,4
ara√ßatuba,3
sucesso,7
sergio,3
gislaine,3
ajudaram,5
organiza√ß√£o,3
questionam,1
autoritarismo,4
correto?,1
e/ou,1
autorit√°rio,6
lista,2
furnas,4
esquema,3
lavagem,2
ocorrido,2
2000,2
envolve,2
empresa,2
estatal,2
centrais,2
el√©tricas.,2
1¬∞turno,1
precisou,1
preocupar,6
campanha.,1
ele.,3
palavras,8
11,10
kkkkk.,1
datena,1
entrevista,6
uti,3
cir√£o,2
(12,2
viram,2
mar,2
#cironarecord,11
amando,4
pisando,1
jesussss,1
efeito,2
pin√≥quio,2
salvador-ba,1
coloque,1
balan√ßa,1
pr√≥prias,3
veio?,4
chamado,5
calunias,1
grande.,1
sonho,1
crist√£os,1
apoiam,8
contradizendo,1
certos,2
princ√≠pios,1
mudassem,1
unanimidade,1
votassem,1
baile,1
gaiola,1
v√°rios,5
defensores,1
usando,2
cantando,1
fac√ß√£o,1
internet,6
hahah!,1
paulistano,3
dirigi,3
na√ß√£o,10
pensava,1
espertas,1
espalhar,26
"√°lvaro,2
merecem,3
homenagem,2
reflexivas,2
dadas,2
podem,6
espada,2
cruz,3
pt",4
(,9
debater..,1
absurdo,1
total,3
atual,1
manipuladores!,1
ana,1
cristina,1
ex-mulher,2
candidata,2
deputada,3
sobrenome,2
demonstrou,2
confi√°vel,1
confirmou,1
mentiu,1
jur√≠dico,1
atr√°s,3
confiar,1
mandato,1
parlamentar?,1
problema,4
atrizes,1
preocupadas,1
filhos.,1
impedir-los..,1
trabalhar,3
veremos,1
bateu,7
a√≠.,1
turno!!!,1
anota,1
ok!!!!,1
mama,1
estado,5
antigo,2
aparentemente,1
carol,1
chocada,1
porem,1
discutir,1
quieto,1
marida,1
devo,1
nele.,1
chamou,3
"fraquejada",1
estupraria,1
merecia,1
defendeu,1
recebam,1
engravidam,1
inimigo,1
conhece,3
sebasti√£o,1
bonfim,1
centauro,2
(e,4
esposa),1
empres√°rio,1
posicionar,2
homem!!!,1
compro,1
centauro!!,1
#bolsonaro17,5
senador,2
rocque-ma,1
interior,3
rocque,1
apoia.,1
errada,6
acendeu,6
patriota?,6
louvado.,6
*bolsonaro,3
nacional*,1
pai,5
boicotar,1
ele...n√£o,1
ganhar.,1
ou√ßa!,1
rapaziada,1
apena,1
crian√ßa,1
opini√£o,2
leis,2
propondo,2
duras(tempo,1
pensar,1
mulheres?,1
americana/sp,2
ajudei,2
organizar,4
manh,2
p√©,3
buscar,2
material,2
panfletei,2
discursei,2
valeu,2
#elen√£ovaiganharnogrito,1
dec√™ncia,1
rumo,2
op√ß√£o,5
denovo,2
√∫nica,3
salva√ß√£o,2
levem,4
#poderemfoco,1
#sbt,1
gostar,6
dalciolo,1
respeitada,1
gere,1
democratiza√ß√£o,1
toleram?,1
rendo,2
frase:,2
"a,3
n√∫mero,4
posts,2
vindo,3
desta,4
tese,3
justifica!,2
nao,5
mega,4
messias,11
1Ô∏è‚É£7Ô∏è‚É£,4
30.09.2018.,4
ponto!,4
ret√≥rica,4
fato!,4
terceira,1
ponte,3
tentar,4
suicidio,1
atrapalha,1
rotina,3
parar,2
n√©?,5
desenharia,2
felicidade,3
brizola,1
tbm,5
popularidade,1
obra,1
ignora.,1
desesperadora,1
trabalhadora,1
privilegia,1
ricos...,1
ai,5
regra,1
tse,2
manter,1
hor√°rios,1
mudaram,1
12:00,1
haddad/lula,1
13:00,1
17:00.,1
fonte,2
https//:,1
repassem!,1
decimos,1
al,8
misogino,1
homofobico.,1
#epelavidadasmulheres,1
cheguei,1
conclus√£o,1
completamente,5
tira,5
boca,2
mandando,4
devem,4
respeitar,4
arrumou,4
trazer,6
criticar,5
lutando,4
jogo,6
doce,1
caloroso!,1
migalhas,1
saqueando,1
vote,12
aliados,2
dele.,2
declare,3
covarde,3
netos.,3
completo,3
brazil,6
only,1
responsible,1
socialist,1
nightmare,1
implemented,1
in,2
venezuela,3
impacted,1
regional,1
instability,1
caused,1
maduro's,1
tirany,1
with,3
will,1
work,1
its,1
allies,1
western,1
hemisphere,1
protect,1
people,1
eeuu,1
tenga,1
italia,2
salvini,1
alegra,1
mucho,1
hace,2
voy,1
cuando,3
nosotros,1
tengamos,2
ellos.,1
vive,3
realidade,3
ow,1
sugando,1
chef,1
cozinha,2
pondo,2
fermento,1
crescer,3
blogueira,8
maquiadora,8
cheira,8
compacto,8
compara√ß√£o,14
bosta,11
_riscala,1
"espada,1
pr√≥spero,1
viverem,1
cria√ß√£o,2
energia,1
renov√°vel",1
casado,1
anos.,1
casamentos,1
amea√ßou,1
ex-esposa,1
influ√™ncia,1
persegui-la.,1
arrega√ßando,4
citando,5
celso,4
daniel,4
cuja,4
questionada,4
envolvimento,4
independente,6
mentiroso,4
covarde!,4
desrespeita,6
direitos,6
√≠ndios,11
negros,6
imagina,6
#votemarina18,6
quest√µes.,1
lembrado,1
constantemente,1
observed,1
event,1
very,1
well,1
organized,1
planned,2
coordinated,1
rally's,1
are,1
mostly,1
spontaneous,1
political,1
committee.,1
morador,3
pernambuco,3
pra√ßa,4
p√∫blica,5
videos,3
instruir,3
hadadd,3
criador,3
acordou,4
"nesse,6
corta,6
bolsonaro".,6
verdadeiro,12
troca,6
passes,6
√°lvaro,17
alckmin.,7
voces,1
ouviram,1
diss,2
diomedes,1
‚Äúcada,1
verme,1
salvasse,1
dilma.,2
mal,2
cunha,1
defende,3
erros,1
cid,1
serem,1
acusados,1
desviarem,1
300m,1
prefeitura,1
cearense,1
mpf,1
reuni,1
m√°s,5
500,1
personas,1
diario,1
_de_fato,1
cuenta,1
pas,1
ciudad,1
bernardes/bdf,1
absolutamente,1
feminismo,5
entender,7
pipipopopo,1
gosto,4
pipipo,1
cabe√ßa,3
compactuar,1
boteco,8
twitter,12
comentando,8
lembrar,12
afora,9
mostraram,8
expressivo,8
‚Äúele,8
n√£o‚Äù.,8
inimizade,1
fome,2
pedra,1
venezuelanos.,1
v√≠deo.,3
",1
aus√™ncia...",1
saudade,1
dominando,1
fora.,1
why,1
would,1
rally,1
feature,1
huge,1
ballon,1
running,1
mate,1
presidential,2
sash,1
omg,1
afim,1
toma,1
cuuuuu,1
parem,2
vira,3
muni√ß√£o,1
recria√ß√£o,1
cpmf,1
guedes,1
hamilton,1
lembradas,1
_zanfolin,3
_sulivan,1
coment√°rio,2
extrema,2
preocupa√ß√£o,1
viu,18
estrago,1
militar.,1
salvadores,1
p√°tria.,1
leis.,1
sempre.,1
um.,1
rj,2
andar,3
escutar,1
algum,2
tocando,2
musicas,1
camapanha,1
gritando,2
pra√ßas.,1
#mulheressubmissasaopt,1
secco,1
pabllo,1
sasha,1
meneghel,1
declararam,1
√≥dio,5
curitibanos,2
(curitiba/paran√°,2
lotaram,2
montagem,2
edi√ß√£o,2
patroc√≠nio,2
organizado,2
curitiba,3
firme,1
indo,5
roxo,1
cor,1
protesto,3
marcante,2
lembrando,2
redetv!,1
devemos,1
fantasmas,1
dando,10
mill√≥n,2
protestar,2
esconder,1
assumam,1
moralistas,1
cometer,1
imoralidade,1
higiene‚Äù.,3
esposa,2
nus,1
letra,1
pintada,1
n√°degas,1
compondo,1
express√£o,1
"ele,2
n√£o",1
d√°gua,1
decidiu,1
bel√≠ssimo,1
trabalho,3
economistas,1
ipiranga,1
procuraria,4
desmerecer,4
exerce,4
entanto,4
penso,5
machismo,4
maravilhosa,1
foz,1
igua√ßu,1
recebi,1
carinho,1
acreditam,3
acontecer,2
foz.,1
ligados,1
enfrentar,2
sorte,1
n√≥s.,1
@_laurinha11,2
pluripartidarismo,2
"zapzap,2
come√ßar,3
enxergar,2
preciso,5
basta,3
ensino,2
fundamental,2
completo.,2
escondido,1
caralho,1
folga,2
tecnicamente,1
iriam,1
apoiava,1
mesmo!,3
justifico,1
text√£o,1
abaixo:,1
formado,1
arquitetura,1
urbanismo,1
ufes,1
artista,1
pl√°stico,1
1999,1
exclusivamente,1
vender..,1
6.590.162,2
curtidas,6
facebook.,6
3.845.430,2
643.239,2
datafoice,2
teima,2
igualar,2
faz-me,2
amoedo,s,1
dica,1
desservi√ßo,2
bolsonaro,como,1
faz,vc,1
afasta,2
p/o,1
legislativo,1
executivo,1
estadual!vc,1
destruindo,1
novo!,1
evento,2
atua√ß√£o,1
livre,2
mercado,2
vendedores,1
lutar,1
desburocratiza√ß√£o,1
microempreendedores,1
#vote2550,1
#vaisarinha,1
entrar,2
facebook,1
logo,3
gracinha,1
sz,1
irracional,1
abre,1
"n√£o,3
sozinho?,1
_damous,1
luis,1
"s,1
penitenci√°ria,1
pedrinhas",1
nunca!,1
nunquinha!!!!,1
detonado,1
final,3
sobrou,1
burocracia,1
constitui√ß√£o,4
r√≠gida,1
emendada,1
qu√≥rum,1
r√≠gido.,1
doidos,1
(pt,2
constitui√ß√£o?,1
1988,1
cidad√£.,1
dois.,1
radicais.principalmente,1
extremista.,1
ociosidade,1
dep,1
votar.,1
p√°gina,1
_101,1
ovo,2
posiciona,1
estuprador,2
defendia,1
√°s,1
esfaqueado,14
comemoraram,1
mujindo!!,1
achava,2
estranho,1
reinado,1
colonial,1
14,11
imperador,1
agr,1
acontece,4
nesses,3
solos,1
ngm,3
f√©rias,1
natal,3
passada,4
pr√≥xima,4
viria,4
empate,6
t√©cnico,7
cnt.,4
28,2,4
25,2%.,4
esperar,5
ultimas,4
vir√£o,4
1,5%,4
vista!,4
boicote,4
esquerdopata,4
alinhada,4
eleito.,5
simpatia,2
mitando,2
#elei√ß√µes,1
dedic,2
destituci√≥n,2
dilma,2
carlos,7
brilhante,2
ustra,6
quien,2
hab√≠a,2
torturado,2
ten√≠a,2
19,2
a√±os,2
asesino,2
violador,2
hasta,2
hoy,2
ejemplo,2
conoce,4
mejor,2
torturador,2
_ot5h,1
governa,1
#boulosfascista,1
imbiribeira-recife,1
30/09,2
chinaski,1
disscanse,1
(prod,1
deryck,1
cabrera,1
cobra,1
chocado,1
ninho,1
botando,1
&lt;3,1
cnt/mda,3
turno:,1
*haddad,2
25.7,1
(cresceu,1
7.6%),1
empatado,1
c/,1
28,2
(parado),1
56,1
(obrigado,1
#mulherescontrabolsonaro,1
#√©pelavidadasmulheres),1
(42.7%,1
(37.3%),1
#haddad√©lula,1
#haddadpresidente,1
encoraja,1
lobotomiazada,1
conhe√ßo,1
lgbts,2
duras,1
venha,2
..,2
lixos,1
humanidade!!,1
reborar,1
colo,1
capeta,1
kkkkkkkkkk,1
divulga,2
adivinha,3
xingando,3
ele..,3
deem,3
cara:,3
certo",1
ningu√©m",1
"vamos,1
bolsonaro",3
colocaram,1
tentaram,1
hackear,1
negar,1
deslegitimar,1
bolsominions,1
estrondoso,1
faltar,1
en√©as,1
daciolo.,4
campinas,2
30-09-2018,1
"aten√ß√£o,2
parecidos:,2
tamb√©m.,6
odioso,1
bolsonazi,2
ligar,1
cumprimenta-lo,1
cinco,1
vantagem,1
venceria,1
"os,1
extremos,1
iguais,1
decisiva,7
unir,7
popularizar,1
fizeram,4
continuem,1
memes,2
cert√≠ssimos,1
entenderam,1
assistindo,4
c√∫mplices,1
esfaquear,1
permitiremos,1
ladr√µes,2
petrol√£o,2
voltem,1
citam,1
kkkkkkmk,1
chamar,1
atrai.,1
manifestantes,1
exterior,1
&gt;,1
_dennis,1
topando,1
:p,1
cad,1
porrada,1
televis√£o,1
juntos##bolsonaro..meus,1
07,5
necessariamente,1
obrigada,4
compreens√£o,1
post,1
confuso.,1
sele√ß√£o,1
pol√¥nia,1
moderado.,1
pa√≠ses,1
conservadora.,1
nazista.,1
combo,3
contradi√ß√£o,3
5,11
"jair,1
aquilo",1
precisam,4
doq,3
legitimar,3
estilo,4
agressividade,3
supremacia,3
privilegiados,3
opress√£o,4
cotidiana,3
minorias.,3
fenomeno,1
60,1
milhoes,1
ate,2
.agora,1
neles.fora,1
corruptos,1
brigando,2
mentira,2
bla,1
bloblo,1
inutil,1
m√£o,5
demonstra,2
coerente,3
realista,1
consciente.,1
mito,7
cuide,1
retrado,1
sociedade,1
jovem,10
(haddad,1
trabalhadores,1
(bolsonaro),1
outubro,5
permaneceremos,1
m√£os,3
psol,2
txurminha,1
lacradora,1
politicamente,1
corretos),1
resistiremos,1
elegeremos,1
p√¥r,1
progresso,1
nisso,1
ve,1
gigantes,2
ficar√£o,2
hashtag,3
comentados,2
mundial,2
deste,3
(30),1
elei√ß√£o?,1
saindo,1
incoer√™ncias,1
bozo,4
#marina18,1
fhc,3
prefere,10
haddad?,15
renan,3
calheiros,3
lewandowski,3
toffoli,3
gilmar,3
mendes,3
preferem,6
mst,3
mtst,3
cut,3
une,3
v√™,3
esperto.,3
bingo,2
&gt;minha,1
colega,1
&gt;respeitabil√≠ssimo,1
&gt;com,1
&gt;√≥dio,1
&gt;spc,1
&gt;bolsonaro,1
&gt;temer,1
presidenci√°veis,6
render,1
helic√≥ptero,1
globolixo,1
resolve,1
sonoro,1
globo..,1
ilustre,1
major,2
ol√≠mpio,2
177,1
palanque,1
vibes.,3
kkkkkk,2
civil,1
serio,1
fazem?,1
muros,1
universit√°rios,1
enfrentei,1
diversas,2
formas,1
misoginia,1
universo,1
impera,1
esquerdismo,1
automaticamente,1
aproxima,1
desejado,1
nuevo,1
argentino,1
operaciones,1
oficiales,1
fomentar,1
odio,1
medio,1
recesi√≥n,1
v√≠a,1
feliciano,3
magno,3
malta,3
ed,3
ren,3
kivitz,3
ariovaldo,3
ramos,3
ricardo,3
gondim,3
ant√¥nio,3
costa,3
fascismo.,3
b√≠blia,3
separar,3
joio,3
trigo,3
imagin√°vamos,3
f√°cil!,3
16,2
curte,2
funk,1
droga,1
ze,1
droguinha,1
ingere,1
bebida,1
alco√≥lica,1
corre,1
pol√≠cia,1
frequenta,1
reclama,1
revistada,1
"las,1
propias,1
presidencia,1
si,3
dictador.",1
chamando,2
maria,2
ros√°rio,2
chincha,2
toque,2
despertar,2
honesto,5
trabalhador,2
vibra,1
clamou,1
fam√≠lias,1
inteiras,1
queira,1
bolivarianismo,1
continuidade,1
destrui√ß√£o,1
nega√ß√£o,2
impede,1
promove,2
for√ßa.,1
ideal,1
honra,8
senhor,5
jesus,7
51,4
atitudes,1
rid√≠culas,1
extremo.,1
laranja,1
misturado,1
vermelho.,1
mitadas,1
palavra,1
deus,vcs,1
servo,1
"gl√≥ria,1
neles,1
viver,12
daciolo?,11
solu√ß√£o,11
abrir,11
vaga,11
superpop,11
fixo,11
apelando,6
atacando,8
maneiras,5
deveria,5
mocinhas,5
postam,5
elen√£o,5
menininhas,5
amendrontadas,5
conservadora,5
ex,7
macho,5
lula.,9
ultraderecha,2
san,2
ioutube,1
windows,1
nunes,1
consolidando,1
compra,1
derreter,1
interna√ß√£o,1
hospitalar,1
protegido,1
pr√≥prio.",1
reflex√£o,7
c√¢mara,7
quebras,6
linda!,1
arrepiar!,3
tarde.,1
(v,1
melhorl!,1
cometam,2
erro,6
am√©m.,1
popula√ß√£o,4
parede,1
problemas,2
representante,2
contribuiu,1
humanidade,1
ruim,4
termo...,1
#pqaglobonaomostrou,1
2002,1
farinha,1
vila,2
velha,2
_oficial,3
atrever,1
caminho,2
liberdade,2
cativeiro,1
#democracia√©maioria,1
turno!,3
#somosmaioria,1
#bolsonaro17noprimeiroturno,1
conhe√ßa,1
peito,1
encarar,1
derrubado,1
**,2
canal,3
alonso,3
youtube,3
luana,1
piovani,1
confirma,2
?,4
mist√©rio,1
habilidade,1
estaduais,1
nacionais,2
errado,1
prestando,1
briga,2
desses,3
#brasilcombolsonaro,1
universal,1
igrejas,1
assembl√©ia,1
dem√¥nios,2
#bolsonaroprimeiroturno,1
possui,2
c√©rebro,2
dito,1
pesquise,1
manipula√ß√£o,1
vigaristas,1
parab√©ns.,1
car√°leo,1
desespero...que,1
borrar,1
concordo,2
futebol,1
rolando,1
esquecem,1
kkkkkkkkkkkkkk,1
24h,1
tks,1
discurso,4
culpa,4
2014,1
cavo,1
militar,1
privil√©gios,1
soberania,1
tendo,6
vista,1
esquerda!!!,1
datafolha,2
soterraram,2
surgir,4
figura,2
tl,1
fodendo,1
desgra√ßa,1
citado,1
abriu,1
portas,1
caricato,1
vencer√°,1
audi√™ncia.,1
padr√£o,1
lacradores:,1
chamam,1
burra,1
hipoctra,1
comparar,2
pedro,2
heresia,1
heresias,1
tomarem,1
c√©sar,1
crist√£o,2
possa,2
contrariar,1
volte,1
luz.,1
permiss√£o,2
querido,2
matando,2
desmobilizando,2
#debatedarecord,2
minas,2
gerais,1
influenciar,1
aqui.,1
santo,2
santos,1
especialmente,1
pol√≠tico.,1
nomes,1
citou,3
dariam,1
bons,3
amarelaram,1
esqueletos,1
arm√°rio,1
queriam,1
ver.,1
desafio,1
malha,1
higiene,2
√°udio,1
exibido,3
(30/set/2018),1
chegasse,1
cintura,1
"aaah,1
falsianes,1
tavam,1
mim,4
√©√©√©??",1
abra√ßo,1
belo,1
horizonte,1
mg.,1
cual,1
piensenlo,1
as√≠,1
jam√°s,1
podr√≠a,5
llegar,1
sin,1
primero,1
unas,1
gestiones,1
queimada,1
apologia,1
ressalta,1
√©tica,1
üáßüá∑orgulho,1
renasceram.,1
comigo,2
percebi,1
comecei,1
repente,1
berros,1
nervoso,1
derrubei,1
√≥culos,1
ch√£o,3
elenao,1
divididos,1
alkimin,1
#vaisernoprimeiroturno,1
principal,5
#elei√ß√µes2018,5
lan√ßar,1
duente,1
mental,1
arrumaram,1
heushsushsue,1
#elinformante,1
¬°mat√≠as,1
ri,2
defendiendo,1
¬øacaso,1
olvida,1
ha,2
sido,2
asesina,1
homosexuales,2
¬øno,1
re,1
cuerda,1
c√°rceles,1
cuba,1
vencedor,3
afinal,2
participando,1
advers√°rios!!,1
#bolsonaroeleito1¬∫lugar,2
#bolsonaro17no1¬∫turno,4
cora√ß√£o,3
ata,2
rainha,1
deboche,1
respondeu,1
ganhou,12
debate???,1
comentado,2
gira,1
n√©..,1
repudiado,1
paga,1
90,2
parlamentares..,1
mito.,1
cora√ß√µes,1
esperan√ßosos,1
ferido,1
sofrido!,1
brasileira.,1
#b17,1
#omessias,1
2010,1
prestes,1
diverte,1
ficarem,1
espertos,1
perguntar,2
gerado.,1
lugares,1
perde,3
cen√°rios,1
uni√£o,2
marcas,1
aplauso:,1
riachuelo,1
localiza,1
americanas,1
habibs,1
victor,1
vicenza,1
8,3
smart,1
fit,1
bio,1
ritmo,2
anjo,1
colch√µes,1
restaurante,2
coco,1
bambu,1
shoptime,1
submarino,1
chilli,1
pepper,1
single,1
hotel,1
percebo,1
coma,1
adesivos,2
camionetes,1
trar,2
patrim√¥nios,1
conquistas,1
eu..,1
entendo,quando,1
assisto,1
explica√ß√£o,1
jorge,1
criado,1
alimentado,1
gerou,1
rouanet,1
refresco,1
escolher,5
ministro,1
mamata,2
#bolsonarolivre,1
duvido,1
edi,1
faziam,1
marcava,1
reuni√£o,1
grupos,4
pedia,2
determinado,1
rara,2
credenciais,2
fundo,3
dialogar,2
estadista,2
leon,1
qu√£o,1
twit,1
escrever,1
ganhe,3
ouvir,1
experi√™ncia,1
aliviado,1
histeria,1
coletiva,1
disc√≠pulos,1
lives,1
montagens,1
antigos,1
explica,2
confessarem,1
aceitar√£o,1
derrota.,1
prioridades,3
alkmin,3
sa√∫de.,3
resto,3
ran√ßo,3
t√≠tulo,2
bel√©m,1
par√°,1
reuniu,1
pessoas.,1
capital,1
c√≠rio,1
nazar,1
longe,1
preparado,4
brasil,mais,1
polarizaram,1
"martin,1
luther,1
king,1
apoiaria,1
d√°,1
d√°..,1
conquiste,1
indecisos,2
sofra,1
fantoche,1
saudosista,1
manaus,1
bolsonaro!!!,1
tamanha,1
import√¢ncia,1
estima,1
lacrador,1
influencial,1
outros.,1
amiga,1
trans,1
espancada,1
morta,1
vestindo,1
camisa,10
tristeza,1
rep√∫dio,1
situa√ß√µes,1
compactuam,1
mortes,2
incentivam,1
power,3
points,1
fiz,1
coltec,1
point,2
li,2
trem,1
google.,1
rid√≠culo,2
kakakakakka,1
depoia,1
lula",2
siga,2
comendo,2
torcer,3
terr√≠vel.,2
autocr√≠tica,1
apostou,1
polariza√ß√£o,3
injusti√ßados,1
emocional,1
tender,1
superficial,1
alimenta,1
antipetismo.,1
#veja600milhoes,1
#globolixo,1
penssam,1
certas,1
teoria,1
conspiracao,1
etc..mas,1
logica,1
fala!!!,1
repletas,1
tiraram,1
sermos,1
heteros,1
foder,2
muuuuuuito,1
do.bolsonaro,1
sksmkdkdkdkkdkdmdkdkdkdkdkkdd,1
incomoda,3
chegada,2
acompanhados,1
batedores,1
armados,1
dentes,1
real...,1
prote√ß√£o,1
alguem,1
terrorista.,1
quererem,1
inventarem,1
"salvador,1
p√°tria,2
perceberem,1
bra√ßo,1
torcer.,1
(pr√≥-armas,1
usaria,2
pior".,1
u√©,1
porte,1
facas,1
cm,1
proibido,1
gerais...,1
amedrontar,1
clodovil,1
d+,dentro,1
parlamento,1
indicando,1
cargos,1
deputados,e,1
criou,1
pec,1
diminui√ß√£o,1
parlamentares,e,1
lotando,1
mobilizando,1
bolso,1
centros,1
urbanos,1
compl,1
senhores,1
canditos,1
ria,1
piadas,1
dez,1
engra√ßada,1
denegrindo,1
chegou,2
movimentos,1
inv√©s,1
melhorar,3
manooos,1
entrar√£o,2
dirigentes,1
protocolar,1
representa√ß√£o,1
pedro.,1
punido,1
colossal,1
desabou,1
durante,1
com√≠cio,1
paulista.,3
cadeia,1
felipe,1
neto,1
verdadeiras,1
obviamente,2
recebemos,1
espont√¢neo,1
saqueado,1
jogado,1
tra√ßas,1
cores,1
idades,1
sexo,1
confiantes,1
imbat√≠vel,1
dan√ßando,1
gta,1
andreas,1
multiplicam,1
sil√™ncio,1
m√≠dia.,1
articuladas,1
criminoso-m√≥r,1
reproduzidas,1
frenesi,1
oficialmente,1
enfia,1
turminha,1
c√©u,2
conosco!,2
(vulgo,1
perderam,1
persegui√ß√£o,1
pesquisas.,5
cara,segundo,1
bela,2
roubando,2
c√°ssio,1
(psdb,1
disse:,1
"acho,1
altura,1
cr√≠ticas,1
l√≥gica,1
corrida,2
autom√≥vel,1
chegar,5
atravessar,1
reclamaram,1
precisamente,1
debater,3
de..,1
tambm,1
sab,1
17...,1
total..sabem,1
feminista,2
recebeu,4
r$2,2
arrecadados,2
conosco,2
miss√£o,3
#bolsonarono1turno,2
#bolsonaroj,2
divide,3
ir√¥nico,3
sobe,3
recordes,4
paran√°,4
lider,4
absoluto,4
paran,4
candidados,1
cansam,1
considera√ß√µes,1
finais,13
pediu,1
intelectuais,1
cientistas,1
oporem,1
representarem,1
caos,1
pr√≥ximos,1
v√™-los,1
algum...,1
coragem!,1
#marinasilva18,1
pgr,1
origem,1
agressor,1
procure,1
maneira,1
americanos,1
hahahaha,1
inventem,1
ansioso,1
sentimento,1
dever,1
cumprido,1
3.a,1
(3,3,1
km,1
es.,1
esquerdopatas,26
helen√µes..,1
espacio,1
politico,1
jair!!!,1
entende,1
ganharia,3
g√™nios.,1
‚Äúnova,1
suspeit√≠ssimo,1
'empate,1
mandat√°rio,1
sul,1
tomadas,9
confirmando,2
possui.,1
lula?,1
gay?,1
fuma?,1
umas,3
roupas,2
aprender,1
seu,sem,1
meter,1
opni√£o,1
arregao...que,1
pedisse,1
alg,1
mostrasse,1
apto,1
debatendo,1
hip√≥critas.,1
veio??,1
mina,1
crente,2
sala,1
insinuou,1
votaria,2
kkkkkkjjj,1
mundana,1
kkkkkkkkj,1
grav√≠ssimo.*,1
convida,1
ex-presidente,1
uruguai,1
(mojica,1
governante,1
(uni√£o,1
rep√∫blicas,1
socialistas,2
am√©rica,1
latina),1
objetivo,1
*foro,1
paulo*,1
*‚Äúgrande,1
comunista‚Äù*,,1
neles!,1
bacana,2
participar,2
descansando,1
nocaute,1
esquerda!,1
chorei,1
passaram,1
tel√£o,1
emocionar,1
edmund,1
burke,1
pereira,1
coutinho,2
michael,1
oakshoff,1
samuel,1
hudington,1
roger,2
scruton,1
desculpem-me,1
consigo,1
tradi√ß√£o,1
nitidamente,1
define,2
reacion√°rio,2
distinguir,1
conservador.,1
lu√≠s,1
aconteceu,2
renascen√ßa,1
litor√¢nea,1
baseadas,1
seguem,1
resultados,1
parciais,1
12%,1
9%,1
herbalife,1
20%,1
vende-se,1
63%,1
8%,1
v√©io,1
pago,1
2%,1
sogra,1
pontuou...,1
debate..,2
honestidade,1
incoer√™ncia,2
grita,1
dissimulando,1
perca,1
centr√£o,1
fomentam,1
entrelinhas,1
farinhas,1
eleitorado,3
prefeitos,1
paris,1
capaz,2
nulo,1
percebendo,1
√≥bvio,3
despreparado,1
preconceitos,1
exala,1
preparo,2
desqualificados,1
considera√ß√£o,11
beneficiado,11
podendo,11
ganharemos,11
sai,3
sala..,1
kk,2
certa,1
acabe,1
pras,1
compartilha,2
eh,6
convencer,1
apresentem,1
ataquem,1
sabem.,1
incompet√™ncia,1
voc√™s!,1
assim:,1
bolsonaro...",2
criei,1
bolsa,3
vcs!,2
apresentar,2
"as,1
viradas,1
ocorrem,1
n√£o!,1
definir,2
queremos,2
retomar,2
emprego,3
papel,2
preponderante,2
deuxx,1
mateus,1
24:5,1
sentindo,1
sarc√°stico,1
organizadas,2
acontecem,2
falas,2
mencionaram,1
diretamente,1
indiretamente,2
fazia,1
insistiu,1
mt,1
pastor,2
afirmou,1
membros,1
daquela,1
deviam,1
‚Äú‚Äù‚Äùirm√£‚Äù‚Äù,1
tentou,1
consertar,1
concorda,2
casamento,1
nojo,1
interfer√™ncia,1
assistido,1
3¬∞,1
sequer,2
tocaram,1
a√ß√£o,1
forte.,1
"neste,1
naquilo,1
acredita"..,1
07/10.,1
_midoriya,1
=,1
cagando,1
a√©cio,2
imunda,1
hehe,1
janaina,1
paschoal,1
disparado,1
üáßüá∑üáßüá∑üáßüá∑üáßüá∑,1
1‚É£7,1
1‚É£7‚É£3‚É£1‚É£7,1
estadual-sp,1
#janainapaschoal17317,1
"crist√£,12
alto,12
barriga,12
compreens√≠vel,12
fulana,12
evang√©lica,12
et,12
potencial,1
expressar,1
decidida,1
haddad.,1
jogar,2
ralo,1
nestes,1
pirra√ßa,2
aguenta,2
#jairbolsonaro,1
resolva,1
ensine,1
valores,1
aprendo,1
olha..,1
comentar,1
devolve,1
verba,1
merenda,2
mentir,1
marketing,1
faria,1
presidente???,1
re√∫nem,1
df,1
atividade,1
agradeceu,1
iniciativa,2
referido,1
continua,2
mestre,1
d√∫vida,3
alguma.,1
,ele,1
entrando,1
acaba,1
tomara,1
comercial,1
trivago,1
l√≥gica?,1
noticiado,1
mobiliza√ß√µes,1
ignorado,1
acontecimento,1
genteeeee,1
pq????,1
medoooooooo,1
exatamente,6
algumas,4
mau-car√°ter,1
globo...,1
fic,1
tsundere,1
(paix√£o,1
secreta,1
boulos),1
bonit√£o,1
galinha),1
bobinho,1
apaixonado,1
esportista,1
en√©rgico,1
poucas,1
inten√ß√£o,1
respuesta,1
s√≠,1
describe,1
perfectamente,1
aqu,2
ins√≥lito,1
argentina,1
gobiernan,1
austria,1
hungr√≠a,1
polonia,1
colombia,1
necesitamos,1
nuestros,1
orban,1
cargo,2
conversas,1
prontas,1
grava,2
30/set/2018,2
explicando,1
preparado.,1
ocultando,1
justamente,1
apontam,1
aconte√ßa,1
adianta,3
manipuladas,1
bolsoanro,1
sabemos,1
mentirosos,1
colegas,1
foquem,1
proprias,1
propostas.,1
fofo,2
ciranda,2
flores,2
cabelo?,2
resumo,3
#debatenarecord:,2
apresentou,3
proposta.,2
jogou,3
verdades,2
geral.,2
escolhendo,1
v√°.,1
fertilizante,4
pesticida,4
temos.,1
an√¥nimo,1
#coisopresidente,1
#mulherescombolsonaro,3
#direitaseguedireira,1
perfeito,2
discutindo,1
afiada,1
devolveu,2
emo√ß√£o,2
voltar,4
cria,5
golpe,7
portanto,5
respons√°veis,10
mdb,6
marina....,5
esbravejando,5
trag√©dia.,5
adolesc√™ncia.,1
vendo.,1
derrotado,1
,#ovotonarecord,1
bonequinho,1
dr√£o,1
jb,1
criar,1
cb,1
coment√°rios,1
agora.",3
mundial.,1
deixam,2
an√∫ncio,2
decep√ß√£o,1
denegrir,1
mocinho.,1
parceria,1
derrubar,1
destaque,2
falava,1
bobo,1
malddad,2
mudou,2
promete,1
di√°logo,1
fogueira,1
urnas.,1
certo..,1
[9/30,1
11:48,1
camili,1
bozonaro,1
[10/1,1
12:24,1
am,1
sky,1
blue,1
lol,1
lsd?,1
trocentos,1
lolzeiro,1
carism√°tico,1
pen√∫ltimo,2
planalto,2
proje√ß√£o,1
tracking,2
btg,2
pactual,1
mais:,1
31,8
41,1
39,1
vi√©s,1
vox,1
populi,1
alturas,1
impulsionados,2
divulgados,2
espalhadas,2
praticamente,2
esfor√ßa,2
escond√™-las.,2
dividiu,1
terminando,1
crentes,1
evang√©licos,3
menciona,1
sincero?,1
sen√£o,1
ficaria,1
tentado,1
partid√°ria,1
pr√≥-lula,1
disfarce,1
#elen√£o",1
ova,1
somente,1
alternativa,1
s√£o.,1
#pttbn√£o,1
paulo-sp,1
‚Äúseria,1
incapaz,1
homossexual,1
morra,1
acidente,1
apare√ßa,1
bigodudo,1
ai.,1
revista,2
playboy,1
dezembro,1
2011,1
querida,1
descobri,1
insta,1
confesso,1
‚Äúbolsonaro...pipipi,1
popop√≥‚Äù,1
impressiona,1
catar,1
"contra,2
ganho,2
ouro,1
questionar,1
alian√ßas,1
‚Äúgolpista,1
fernando,1
queimar,1
"debate,1
povo!,1
haddad/pt,1
haver,1
(declara√ß√µes,1
protocolares,1
quinhentos),1
ex-ministro,1
decidir√£o,1
presidencial,2
morto".,1
c√°,1
aplica,1
irm√£o,2
renato,1
exonerado,1
funcion√°rio,1
fantasma,1
recebendo,1
@_tracin,1
broder,1
lindbergh,1
base,1
gigante,1
marta,1
flavio,1
realidade.,1
tiro,1
mentem,4
305,5
assistiram,5
#resum√£oantagonista,5
olho,5
furac√£o",5
perdeu,6
biiiiiiiiiiicho,1
surtando,1
infelizes,1
descente,1
pensam,1
balela.,1
#todoscombolsonaro,2
trabalha,1
feministas,2
rebeldes,1
iphone,1
franc√™s,1
passeata,2
turmas,1
ignorantes,1
apoie,1
pensando,1
pacificado,1
desenvolvimento,1
pense,1
m√≠nima,1
nutrem,1
√≥dio.,1
‚Äúfui,1
√¥nibus,1
fusca,1
van,1
morar,1
perguntado,1
vendedor,1
ambulante,1
agosto,1
2013,1
transporte,1
utilizassem,1
servi√ßo,1
exce√ß√£o,1
canalhas.,1
elege-los,1
est√∫pidos!!!!!!!!!!!!!!!!!!!!,1
√∫til,2
deixem,2
70,1
‚Äî&gt,3
15,2
classificar,1
leve,2
pesquisada.,1
unico,1
responsable,1
sera,1
haberse,1
corrompido,1
meta,2
!!!,1
1h40,1
alus√µes,1
discretas,1
sentido,2
pt),1
considero,1
covarde.,1
apropriou,1
rabiscada,1
caneta,1
h√°bitos,1
mudam.,1
atacarem,1
#dia7√©17,1
paulista/sp,1
usem,1
essa!!,1
historia,1
competente,1
#mude,1
informa,2
(28%,2
(25%,2
tido,2
parvo√≠ce,2
comentaristas,2
faltam,2
sete,2
hist√≥ria:,2
cair,3
espumando,2
ora√ß√£o,3
distorcer,1
beneficiadas,1
ganhasse,1
estudasse,1
neg√≥cio,1
gritam,1
ventos,1
disposi√ß√£o,1
car√°ter,1
amado,1
governando,1
votava,1
v√≠deos..,1
cidad√£o,2
clama,1
chegando,1
#17bolsonaro,1
piada.criticando,1
fez?agora,1
injustica,1
bolsonaro?boulos,1
medico,1
citadas,1
coincid√™ncia,1
acabaria,1
oportunidades,1
cangaciro,1
falastr√£o,1
mole..,1
#dia7vote17,1
&gt;&gt;&gt,1
atacaram,1
sobra,1
#euvotoemhaddad,1
don‚Äôt,1
make,1
same,1
mistake,1
we,1
did!,1
large,1
protests,1
against,1
election,1
front-runner,1
33,1
subiu,1
superou,1
ciro.,1
acreditem,1
mlk,1
enseba,1
voltando,1
#brasildecide,4
faltan,4
d√≠as,4
primera,4
vuelta,4
seg√∫n,4
encuestas.,4
dado,4
participa,4
electorales.,4
despu√©s,4
protestas,4
determina,4
disputa,4
electoral,4
memo,tnc,1
,sou,1
mitouuuuuuuuu,1
demonstrando,1
presidente.,2
capixabas,1
gostar√≠amos,1
esque√ßa,1
esquecido!!,1
uau!,1
red,1
manifestaciones,1
telefuturo,1
siempre,1
aviso,1
urla,1
repassem!!!!!!!!!,1
2018!!!,1
enganados,1
(04,1
pessoas),1
recorte,1
cartela;,1
distribua,1
amigos;,1
chame,1
bozominion,1
estima√ß√£o;,1
"iti,1
malia,1
ki,1
mininu,1
burro";,1
completar,1
cartela,1
respostas,1
"motivo,1
piada",1
anti-pt,1
tiram,1
paralelo,1
indiv√≠duo,1
(econ√¥mica,1
social),1
cause,1
infla√ß√£o,1
transparente,1
estadismo,1
pmdb,2
atingiram,25
perto,26
ultrapassaram,25
1000,25
manga,25
parcial,25
come√ßa,2
termina,1
juntou,1
juntas,1
hahaahahhaahahahh,1
ofende,1
comparado,1
depois...,1
hist√≥ricos,1
desandou,1
leva,1
comportamento,1
"seguidores,1
esquizofr√™nico,1
caracterizado,1
experi√™ncias,1
parecem,1
contato,1
realidade!,1
preocupante,1
sociedade!,1
p√∫blica!,1
pres√≠dio,1
radical,1
podre,1
antigas,1
atividades,1
visitar,1
encarcerados,1
levando,1
frutas,1
pastores,1
anti-cristo,1
bom..,1
ilus√£o,1
vermelha,1
livre..,1
tsc,3
c√™s,1
kim,1
namjoon,1
eleitorais,1
submetendo,1
51.,1
arregou!,1
especialista,1
cirurgia,2
abdominal,1
m√©dicos,1
ae,1
experimento,1
esfaqueou,1
rodou,1
l√¢mina,1
comprovar,1
recupera√ß√£o!,1
senhora,1
expulsando,1
kkƒ∑kkk,1
redetv,1
estrat√©gia.,1
gratificante,1
conhecer,1
pessoalmente,1
morreu,1
partir,1
pr√≥ximas,2
ocupado,1
sofrer,1
inimigos,1
desgastado,1
elei√ß√µes.,1
dedicado,2
v√©spera,1
denuncia,8
chegue,8
autoridades,8
devidas,8
providencias,8
_omena,1
mesmo,n√£o,1
deixaram,1
bolsonaro,isso,1
certo!,1
campeonato,1
bocha,1
brincadeira,1
pagando,1
mesmo!!,1
duvidas,1
ser√≠a,1
falta,2
diversidad,1
rechazamos,1
reivindica,1
tortura,1
prefiere,1
hijo,1
muerto,1
homosexual,1
escuche,1
bien,1
rinc√≥n,1
esquerda‚Äù,1
esculachou,1
#cabodaciolo,1
ajude,1
pa√≠s..,1
mis√©ria,1
comunismo..,1
justo,1
pegar,1
piadinhas,1
vida???,1
turno???,1
batalha,1
antiga,1
cr√°pulas,1
defeitos,1
jeito.,1
#votemeirelles15,1
come√ßo,1
pilha,1
idolatrar,1
sensatas,1
resolveu,1
ibope,1
maluco,1
nascendo,1
pelea,1
mujer,1
organizan,1
salen,1
desidentes,1
expresaron,1
repudio,1
justifica,1
identifique,1
posicionamento,1
xen√≥fobo,1
inconsist√™ncias,1
exemplo,1
#jairmessiasbolsonaro,3
#flaviobolsonaro,3
#eduardobolsonaro,3
#bolsonaropara,3
#bolsonarobrasil,3
#bolsonarofamilia,3
#bolsonaroconservador,3
#brazil,3
#2018,3
#eleicoes,3
#patriota,3
#direita,3
#familia,3
#capanema,3
ungido,1
esp√≠rito,1
expulsa,1
sinto,1
qnd,2
nn,1
desgosto,1
voltam,1
imediatamente,1
20,1
rn,1
numero,1
concorrendo,1
apela√ß√£o?,1
confraria,1
.40,1
bandeir√£o,1
stand,1
up,1
ladies,1
proud,1
you,1
#nothim,1
aconselho,1
edi√ß√µes,1
imparciais,1
quilombolas,1
avaliar,1
ajuda,1
sustentarem,1
_bento30,1
oxi,1
sbt,1
vera,1
escreveu,1
meia,1
d√∫zia,1
fingir,1
isen√ß√£o,1
(como,1
percebesse...),1
saud√°vel,1
apresenta,1
conversa,1
desenrola,1
apaga,1
√©?,1
credo,1
tantas,1
menosprezando,1
gravou,1
julgam,1
perdida,1
ouvi,1
s√°bia,1
campon√™s,1
momentos,1
ciro/marina,1
trocando,1
ofensas...,1
_damassa,1
zap,1
manda,1
brigam,1
esperava),1
perguntam,1
chamamos,1
mito:,1
-que,1
ir?,1
c√¢maras,1
aprovados.,1
usam,1
acordo,1
ideias..",1
aprovados,1
reservei,1
direito.,1
imagen,1
manifestaci√≥n,1
brasile√±a,1
violo,1
mereces",1
dijo,1
diputada,1
trabajadores,1
acham,1
bolsonaro???,1
orando,1
deus!!,1
exist√™ncia,1
oravam,1
forma!!,1
odiar,1
quiserem,1
informar,1
acusa√ß√µes,1
levianas!!!,1
"canalha,1
refere,1
bolsonado,1
contigo,1
boas,1
‚Äúbolsonaro,1
elei√ß√µes‚Äù,1
ja√≠r,1
btg/fsb,6
(01/10,6
anterior,6
(24/09):,6
(-2),6
24,6
(+1),6
(+3),6
(-1),18
(+2),6
(=),6
elites,2
m√¥nica,2
desfaz,1
amizade,1
fa√ßo,1
√∫ltimos,1
interagem,1
leu,1
veras,1
preconceito,1
nocivo,1
liberal,1
conservadorismo,1
secular,1
lutou,1
ditaduras,1
socialista,1
redor,1
vertente,1
respeitada.,1
lotada!,1
1.500.000,1
pessoas!,1
aposto,1
filmei,1
gritei,1
gritou:,1
!..,1
vejaremos,1
rola,1
full,1
pistola,1
rir.,1
_edu,1
substituir,1
super,1
pop,1
kkkkkkkkkkkkk,1
exigir,1
gente‚Ä¶,1
lun√°tico,1
tona,1
terminado,1
kalil,1
constrangendo,1
mo√ßa,1
,vcs,1
mesmo?,1
bh,1
esta√ß√£o,1
viaduto,1
santa,1
teresa,1
tanta,1
cristo,5
vencida,3
enganou,3
porcentagem,3
menor,1
deus.,1
3:47,o,1
2:20...,1
divulgar,1
fraudar,1
urnas???!?üáßüá∑üáßüá∑üáßüá∑üáßüá∑üáß,1
repararam,1
faladas,1
deux,1
??,1
candidate,1
bolsonaro's,1
controversial,1
quotes,1
adorando,1
galeria,1
cheia,1
camiseta,1
mores,1
plena,1
_malinski,1
coragem.,1
e..,1
foge,1
luta",1
despertou,1
visto,1
veste,1
melhor.,1
inventou,3
patrim√¥nio,1
furtou,1
cofre,1
agressivo,1
evolu√≠do,1
perdoou,1
cartucho,1
queim√°-lo.,1
estagnado,1
natural,1
ter√ßo,1
diminui,1
crescimento,1
d√≠gitos,1
modestamente,1
margem,1
mingua.,1
casimiro,1
abreu-rj,1
cidadezinha,1
pequena,2
paramos,1
br,1
101,1
passavam,1
filmaram,1
buzinaram,1
aplaudiram,1
louvor,1
dava,1
humilhada,1
acostumando,1
safadeza,1
desgoverno,1
acabando,1
soco,1
est√¥mago,1
isso...,1
17+20=rj,1
bolsonaro...,1
cr√≠tica,1
50,1
(+ou,1
18mil,1
hab.,1
cerejeiras,1
rond√¥nia,1
#euvimdegraca,1
{maior,1
"helen√£o,1
a√≠},1
_jrpg,1
g√™neros,1
interpretar,1
esclarecer,1
tudo!,1
mortra,1
internado,1
visitas,1
cantor,1
pelado,1
ator,1
porn√¥,1
vereza,1
ateu.,1
recolocou,1
oportunismo,1
bigamia,1
fam√≠lia?,1
reflitam,1
#ovotonarecord#cironarecord,1
capacite,1
derrame,1
permita,1
alckim,1
#vibedaciolo,1
multiplica√ß√£o,1
#primeiroturno,1
#vamosquevamos,1
vemos,1
candidatos?,1
deviamos,1
comecsr,1
aguentar,1
seco,1
merece.,1
picol,1
hein?,1
outros"voc√™s,1
jogando,1
v√¥lei,1
bolsonaro"..,1
l√∫cido,1
debate.....falou,1
cara......"voces,1
direitinho,2
dividir,2
gl√≥ria,2
vo,1
best,1
friends,1
