E,78
discurso,22
extremos,8
continua,8
TV,11
muita,17
desonestidade,6
intelectual.,6
Vou,9
repetir.,6
Bolsonazi,6
extremo.,6
Haddad,912
n√£o.,6
Bozo,69
defende,6
torturadores,6
volta,16
ditadura.,6
democrata.,6
O,542
querem,40
falsa,6
polariza√ß√£o,6
?,6
gente,62
votar,218
12,21
principalmente,2
quest√£o,7
seguran√ßa,3
ficar,13
alimentando,2
rejei√ß√£o,138
PT,137
pq,59
haddad,308
pro,168
segundo,324
turno,404
nele,15
vamos,37
segurar,2
Proje√ß√£o,7
Ibope,170
empate:,6
Jair,23
Bolsonaro,316
42,116
Fernando,19
Haddad.,26
Guardem,18
bem,36
hoje,93
absurdamente,20
irreal:,18
31%,22
21%,20
Daqui,18
6,29
dias,44
urnas,19
abertas,18
ver,42
frente,27
empatado.,18
Reviravolta,18
rel√¢mpago,18
N√¢o,18
Mais,19
emblem√°tico,18
manipula√ß√£o,21
mafiosa,18
Globo,19
parceria,18
Nenhum,21
PETISTA,21
deixar,23
HADDAD,192
causa,25
dela√ß√£o,129
PALOCCI.,21
Eles,23
defendem,21
bandidos.,21
A,178
esperan√ßa,25
finalmente,21
eleitores,121
ALCKMIN,26
AMO√äDO,21
√ÅLVARO,21
DIAS,26
MEIRELLES,21
percebam,21
precisamos,22
eleger,25
BOLSONARO,34
1,119
turno!,24
Essa,24
QUADRILHA,21
pode,45
voltar!,21
Confesso,3
surpreendi,3
Bolha,3
foda..,3
Mas,37
preocupados,3
atacar,11
campanha,35
negativa,4
est,94
surtindo,3
efeito,11
T,24
hora,21
come√ßar,5
realmente,9
importa,5
Partir,3
enfrentamento.,3
mano,17
vcs,83
malucos,4
entregar,9
elei√ß√£o,32
bozo,60
N√ÉO,86
LULA,12
CHEGA,7
OS,4
P√âS,4
DELE,5
√çNDICE,4
ANTI,4
PTISTA,4
NO,269
PA√çS,6
GIGANTE,4
ISSO,4
DA,89
VANTAGEM,4
PRO,13
BOZO,68
ciro,178
op√ß√£o,11
segura,5
PORRA,208
RAPEIZE,4
Se,149
voc,81
pensa,72
Palocci,114
menos,100
pare,71
fingir,70
",71
democracia",70
Voc,72
m√≠nima,71
pra,268
neg√≥cio.,70
aponta,2
empate,14
eventual,19
empata,19
perde,50
Ciro,301
2,205
#UOLnasUrnas,10
‚Äúto,1
votando,14
quero,11
VAI,91
CONTINUAR,1
MESMA,2
MERDA,14
QUE,159
PQ,4
QUEM,2
CONTROLA,1
VOTA,4
CIRO,260
TEM,10
CHANCES,2
DE,158
VENCER,2
BONORO,10
mal,11
come√ßou,2
atacado,1
quase,13
empatado,11
No,34
(se,1
houver),1
derrot√°-lo,1
fazer,34
publicidade,1
simples,2
cima,3
seguinte,2
ideia,7
"o,2
descobriu,1
hoje?",1
alcan√ßa,22
diz,37
Quer,11
Vota,1
porra..,1
colocar,14
alvo,2
focar,4
ataques,17
simplesmente,5
dar,14
combust√≠vel,5
vi,8
nessas,1
√∫ltimas,2
semanas.,1
poss√≠vel,17
bonoro,12
pqp,4
ibope,29
salnorabo,26
TAMO,15
FODIDO..,15
Espero,2
_Fernando,37
bom,10
plano,6
virar,2
jogo,7
logo,9
Pq,61
babado,1
hein,4
fazem,59
acontecer,65
caralho??,58
Esque√ßam,58
pois,68
v√£o,89
acabar,66
elegendo,60
inomin√°vel,62
HELEN√ïES,15
QUEREMOS,15
MAIS,21
MANIFESTA√á√ïES,15
Podem,16
marcar,15
outra,28
amanh√£!,15
povo,44
ficou,18
medo,32
cara,57
horrorosa,15
subiu,34
700,15
pontos,52
pior,37
eh,23
antpetismo,1
mt,7
forte,2
chance,14
vencer,6
#InformacaocontraoAchismo,2
46,5
Alckmin,84
votariam,10
contra,27
Datafolha,13
favor,28
fodeu,22
ces,25
tao,24
ligado,22
n√©,31
metade,7
mim,6
derrotar,10
pessoa,8
mau,1
car√°ter,2
achar,3
felizes,1
aumento,6
Vcs,3
mandar,7
QQ,1
custo,2
sabendo,7
grande,7
perder,27
trem,1
ruim,14
olha,8
francamente,2
enganem,8
Gomes,16
Lula.,9
Enquanto,11
falamos,8
autorit√°rio,8
caminha,8
ameno,8
at,33
perigoso,10
ditadura,19
Brasil,44
mesmos,8
moldes,8
falida,8
Venezuela.,8
#Bolsonaro17,10
neles,2
lula,10
poder,26
So,2
votarem,2
2o,14
Pois,8
votatem,1
1o,5
cresceu,52
11,62
(ONZE!!!!!!!!!!!!!!!!!!!!,1
porcento,1
semana,79
Imagina,3
turno..,2
Putaqueopariu,1
morrer,2
antes,7
dessa,18
Muita,1
acusou,1
compromisso,1
pa√≠s,33
tentar,5
levar,17
candidatura,8
Lula,82
45,18
tempo,12
quanto,7
Marina,82
comprometer,1
divulgar,2
apoio,16
outro,83
candidato,58
autorit√°rio.,1
nacional,43
(01/10):,43
31,55
21,59
3,116
4,113
8,44
5,49
Na,46
√∫ltima,46
esperado,43
institutos,43
ir√£o,43
ajustar,43
dados,45
realidade,50
Como,45
sabem,45
antecipado,43
n√∫meros,45
aqui,51
maiores.,43
caiu,4
demais,16
sumiram,2
todo,59
mundo,19
#EleN√£o,8
escolher,13
lado,44
agora!,2
coisas,35
sobre,52
Ibope:,35
Ser,39
agora,76
bozominions,33
acreditam,33
pesquisa?,33
Vamos,43
lembrar,34
pesquisa,89
dia,57
Eu,57
seguraria,33
desespero,46
tend√™ncia,39
confirmar,38
recomendaria,35
galera,47
repensar,35
seriamente,35
mudar,49
Ciro.,35
Simula√ß√£o,7
turno:,16
45X,6
39,35
(branco/nulo,12
13%,6
sabe,26
3%),12
14%,6
resposta,12
ta,39
PELO,8
AMOR,8
DEUS,65
ENXERGUEM!!,6
:(,7
indo,8
Coisa,1
trancar,1
UMA,4
tal,2
maneira,1
sei,13
viu,6
Medo,1
daquele,1
anticristo,1
ganhar,16
culpa,16
subido,1
√©:,1
marina,3
tuitero,1
whatsapp,1
qualquer,12
coisa,18
estrat√©gia,6
lixo,3
pt,34
EU,20
QUERO,7
FALAR,7
POL√çTICA,11
MAS,8
POVO,7
BURROOOO,6
FICAR,6
ENTRE,6
DOIS,7
LIXOS,6
PIOR,11
ACHO,7
GANHAR,74
POR,16
CAUSA,7
CA√áAMBA,6
LIXO,7
DO,31
AI,7
RAIVAAAAAAAAAA,6
Pesquisa,10
Rejei√ß√£o,13
cresce,8
38,29
44%.,4
Os,9
empatados,13
turno.,21
Frente,1
Nazista,1
oscilado,1
positivamente,1
IBOPE,30
(o,2
√∫nico,33
margem,26
erro),1
dizer,9
voto,79
neste,1
primeiro,28
Pela,1
defesa,3
democracia,6
Viva,7
capitalismo.Haddad,7
viaja,7
jatos,7
executivosais,7
caros,7
luxuosos,7
mundo.Socialismo,7
capitalismo,7
pilantras,7
esquerdistas,7
AN√ÅLISE,10
mira,10
todos,42
crescer,26
acima,11
divulgada,10
nesta,12
segunda-feira,10
(1),10
percentuais,10
Neste,10
cen√°rio,14
estagnou,11
caiu.,10
02,1
perde..,1
N√£o,60
.,3
classe,5
m√©dia,2
geral,1
Haddad...,1
amiga,3
antipetismo,13
doido,2
cego,3
falar,14
desde,4
princ√≠pio,1
irrespons√°vel,1
d√°,4
Segundo,21
43,15
Voltou,6
empatar,11
vence,17
margem.,6
pesquisas,43
Creio,1
ap√≥s,4
debate,10
ontem,5
cair,4
Precisou,3
real,4
tr√°s,17
esquerda,41
nessa,19
ciro/haddad,1
bonosasaro,1
rir,1
tristeza,1
nervoso,1
fica,11
fogo,4
cu,16
ganha,31
brasileira,3
desunida,1
merda,82
manuela,1
desistiu,1
candidaturs,1
unidade,1
chamou,1
vice,7
mimimi,3
sao,2
pau,5
der,9
bolsonaro,28
ai,9
caralho,26
Nao,1
eleitor,12
centro,18
votam,5
anulariam,1
Alguns,1
ate,1
Justificativa,1
sai,1
anos,13
nao,36
pai,3
acabou,5
bozonaro,2
jamais,2
dnv,2
√≥dio,5
brasil,7
*Fato,2
Grav√≠ssimo.*,2
desse,11
v√≠deo,5
vc,14
acreditar?,3
Em,12
plena,3
candidata,3
convida,3
ex-presidente,3
Uruguai,3
(Mojica,3
futuro,11
governante,3
URSAL,3
(Uni√£o,2
das..,1
Levaram,5
Pr√©-sal,5
destruiram,5
empresas,5
deixaram,6
Fascismo,5
pr,5
resolver,6
Temos,6
impedir,5
Quem,13
aliar,6
alia,6
Fascismo.,5
to,16
achando,2
extremamente,1
esquisito,1
mesma,7
edi√ß√£o,1
jornal,6
mostrar,5
coiso,21
aumentar,3
nada,13
mostrando,3
prova,7
afetar,1
desiste,1
porra,35
declara,1
salva,1
salnoboro,1
desisto,1
estar,8
pensando,1
viver,1
governado,4
humano,1
Votando,2
automaticamente,1
Bonoro,7
percentual,2
Meu,3
foguete,2
puto,1
chegar,8
Lixo,2
atual,1
qq,1
eleito,12
bater,7
40,2
pessoas,13
levando,1
sendo,12
simula√ß√£o,5
PSL,3
Marina.,4
cirista,3
pensar,5
passa,2
meses,1
verdade,4
deve,19
25%,1
base,5
hist√≥rica,1
Pode,1
ideal,12
brincadeira,1
direita,6
fechou,4
abjeto.,1
n√≠vel,4
Bolso,14
S√©rio,4
precisa,9
passar,16
tamo,1
fudido,3
consagrados,1
Fiquem,1
tranquilos,1
idiota,8
S√©rgio,2
Moro,40
fez,11
37,1
inten√ß√µes,9
Com,20
libera√ß√£o,1
palocci,2
fazendo,19
pol√≠tico,16
Isso,9
Esperem,1
pr√≥xima,4
pesquisa...,1
Presidente,6
ir,19
sempre,2
cadeia,9
ouvir,14
condenado,1
governar?,1
acredito,9
arriscar,9
vota,32
individual,1
secreto,1
_pura,1
Numa,1
luta,6
fascista,11
aliado,2
filho,3
bateu,5
sabia,2
apoiar,13
chama,3
INTELIG√äNCIA!,1
mude,3
sim,13
Nordeste,1
Parem,3
ningu√©m,4
aguenta,1
votem,33
#Ibope,2
Oito,6
Governo,6
seis,17
Dilma,15
nunca,14
existiu,6
"ditadura,6
bolivariana".,6
convencer,11
amiguinho,6
vai.,7
debate.,5
As,20
emissoras,5
decidiram,5
ficaria,5
invi√°vel,5
discutindo,6
toda,16
pergunta,8
ia,16
parar,10
Paulo,14
Guedes,7
Curitiba,10
presidi√°rio.,8
2014,4
anti,5
momento,11
demonio,2
enquanto,7
esquece,3
Viram,6
erro,16
Continua,6
est√°vel,6
baixa,7
parou,6
incr√≠veis,6
Faltam,6
apenas,12
Vai,18
Fascismo?!,6
Dif√≠cil,2
entender,5
curva,6
Que,9
fato,26
gerou,1
diferen√ßa,3
grande.,1
Duas,1
mudan√ßas,1
abruptas,1
pontua√ß√£o,1
Coiso,5
Todos,1
outros,12
ficaram..,1
al√©m,11
relevar,1
pouquissima,1
inten√ß√£o,2
comparado,1
absorve,3
l√≠der,4
maior,17
quadrilha,4
carisma,5
saudosismo,3
pov√£o.,3
De,8
bronco,3
homof√≥bico/machista,3
entende,6
quadrilheiro,3
ponto,12
c√™s,5
colocando,3
loucos,3
pira,1
√∫til,8
poderia,5
hsuahsuahsa,1
ladr√£o,2
incomodam,1
isso.,1
quer,22
buraco.,1
pena,5
assim?,1
STF,15
cancela,4
milh√µes,7
t√≠tulos,4
maioria,9
prefere,6
chamar,5
militar,7
"movimento,4
1964",4
pro√≠be,4
entrevista,5
tribunal,4
visa,4
defender,8
constitui√ß√£o,8
viola,4
ansioso,2
camiseta,2
votei,2
Ou,7
garantia,2
terr√≠vel,4
incerto,2
possibilidade,4
V√£o,4
arriscar?,2
continuar,4
baboseira,1
acredita,6
desenhando,1
decis√£o,2
veremos,1
avan√ßo,1
atraso,1
coisa!,1
democratas,3
fecharem,3
parece,17
normal,6
brincar.,3
Daciolo,6
"J,1
boicotando,1
tirando,2
pr√≥ximo,1
farsa,2
pol√≠tica,19
Voc√™s,5
nesse,10
joguinho,1
v√¥lei,1
levanta,1
corta",1
"Quatro,1
prefeito,13
presidente?,1
#DebateNaRecord,7
anti-PT,2
surtando,1
crescendo,1
decidindo,1
Ja,1
vendo,7
TO,2
PUTO,2
verdadeiro/maior,2
eleitorado,4
fiel,3
muda,2
reverter,2
miser√°vel,1
Empata,1
votar?,1
disse,14
fake,4
news,4
tampouco,2
carta,1
promessa,1
presidi√°rio,5
far,1
poste,2
pesquisas.,6
partido,27
Perda,1
Total,1
burros,6
vendidos,1
ativistas.,1
potencial,1
crescimento.,1
PENSEM,3
FAVOR,3
deixem,3
fanatismo,7
entregando,5
presid√™ncia,6
peda√ßo,3
bosta..,3
"O,1
30,6
votos,32
sempre",1
foda-se,1
fachos,2
simpatizantes,1
tb,2
sobram,2
briga,3
foice,1
escuro,1
anulem,1
Minha,1
antipetistas,1
comprou.,1
Dela√ß√£o,5
faz,10
c√≥cegas,2
prega√ß√£o,2
convertido.,2
Sabe,2
funciona,2
imprensa,7
petista,18
achou,6
criaria,6
novo,17
capaz,8
assegurar,6
faz√™-lo,6
lugar.,6
veio,6
arrasadora,6
organiza√ß√£o,9
criminosa,8
PT.,8
empatada,1
deu,7
aceito,2
23:59,5
liderando,5
Tu,5
Kkkkkk,5
00:00,5
maluco,7
94,5
"Eu,3
segunda,8
rejeitado,4
ven√ßo,2
Pra,3
preciso,7
voto.",2
Papai,1
c√©u,4
miseric√≥rdia,4
senhorrrrrr,1
_JMello,1
Turno,2
X,9
Bolsonaro.,6
geralmente,1
encima,1
muro,1
vao,4
quem?,1
Falta,3
pouco,12
voltar,3
#Vote13,2
#HaddadPresidente,2
MANO,7
VOTEM,175
VCS,9
VIRAM,5
PERDER,63
TURNO,76
PAREM,7
SER,6
RETARDADOS,5
V√ÉO,5
SE,131
FUDER,6
BURROS,18
CARALHO,89
LAMBE,5
MEU,63
CU,5
agora:,1
Colegas,1
ou√ßam,1
voz,1
raz√£o,1
risco,11
parte,6
massas,1
fechem,1
olhos,5
aceitem,3
vem,9
massas.,1
no√ß√£o,6
protestos,3
fim,8
abaixou,3
bicho,7
reune,3
vez,30
ferrado,3
ain,15
porque,31
eun√≠cio,15
renan,17
olhem,15
pr√≥prio,18
rabo,15
pedindo,16
agripino,15
maia,15
esc√≥ria,15
coronelismo,15
nordestino,15
√≥timo,16
venham,15
pureza,15
cola,15
_sccp,1
Acho,15
hip√≥teses,1
corre√ß√£o,1
anterior,1
Ibope.,1
visando,1
prejudicar,1
pegou,1
100,1
perderam.,1
dessas,2
justifica,1
ocorreu.,1
sobe,6
ESQUECE,56
NEG√ìCIO,56
TIRAR,56
FRAUDOU,58
PROPRIA,58
CAMPANHA,58
ELE,63
RT,58
FA√áA,58
FOR,58
AS,58
PESSOAS,58
PRECISAM,58
SABER,59
DISSO,58
S,75
COM,120
HASHTAG,58
IMPEDE,58
COISO,63
ELEGER,58
BOTANDO,58
CANDIDATO,58
CAPACIDADE,58
SEGUNDO,62
BTG,5
registrou,3
queda,5
praquele,3
subida,9
24,4
25,5
v√°lidos,3
turno,o,3
registrado,3
ibope.,3
dois,20
crescendo,elen√£o,3
ponto;haddad,3
2.,5
realizada,3
29,3
setembro.,3
Muito,8
diferente,7
Prezado,1
gosto,4
emburradinho,1
trouxe,2
retorno,2
moral,7
sabemos,3
criminoso,2
recebeu,2
dinheiro,4
ditador,2
Kadaffi,2
colaborou,2
carniceiros.,2
anta,2
burra,3
prepotente,2
tudo,24
Claramente,1
lugar,5
p√©ssima,2
disso,8
projetos,1
√≥tima,1
vida,8
Tanto,1
votaria,2
jeito,6
algum.,1
perigoso...vou,1
rezar,1
aconte√ßa,1
milagre,2
Risco,1
abandonar,3
Crescendo,1
Facista,1
!,1
Bolsolixo,1
qdo,1
esperava,2
caisse,1
tanta,2
noticia,1
oposto,3
r√°pido,1
To,3
perplexo.,1
iriam,1
assompradinha,1
..,5
kkkkkk,1
"Rejei√ß√£o,1
Dispara,1
piada,2
!!!,1
unir,3
briguinha,2
favorece,2
acordem,2
OPC√ïES,1
melhores,1
insiste,1
piores,2
candidatos,16
_rafael,1
Irm√£o,1
preocupado,6
Tem,9
DataFolha,1
amanh√£,1
surreal,1
presidente...,1
p√©ssimo,7
debates,8
P√©ssimo.Em,1
corre,1
engolido,1
aumenta,3
cria,2
ideias,2
grito,1
#Ciro12,17
42%,2
Pare,1
bobagem,1
Jamais,1
#ViradaComHaddad,1
junto,4
Padim,4
Superintend√™ncia,4
PF,4
Imaginem,4
vira,4
presidente,14
visitar,4
nomes,4
minist√©rio,4
Para,10
anunciar,4
nova,16
social,5
saber,12
agir,4
Congresso,4
Triste.,4
GALERA,7
ESQUERDA,5
DECIDIR,5
LOGO,6
OU,11
PORQUE,5
ESSA,13
CONFUS√ÉO,5
SENDO,6
BOA,5
L,5
VENDO,5
INDECIS√ÉO,5
TODA,5
golpistas,9
desesperados,4
mete√≥rica,4
pesquisas..,4
fazem?,4
acionam,4
requentar,4
tendo,7
sido,6
desmentida,4
provas.,4
persegui√ß√£o!,4
Qual,13
dificuldade,1
Marina..,2
etc,4
turno??,1
7,8
elei√ß√µes,15
Mito,1
4%,3
38%.,2
Seguuura!,1
imagina,8
juntinhos,5
chega,6
casa,7
noite,5
liga,5
tv,5
assistir,5
juntos,5
outubro,5
anuncia,5
Aqui,2
link,1
question√°rio,1
procedimento,1
comum,2
achei,1
estranho,6
gostaria,1
explica√ß√£o,1
NA,2
PESQUISA,2
Sempre,1
consultar,1
TSE,1
via,4
#informacaocontraoAchismo,2
Maluco,5
batendo,7
jolsonaro,5
tomar,8
custa,7
colocarem,6
ruindade,5
Lindberg,10
senador,10
M√°rcia,10
Tiburi,10
governadora,10
Rio,10
Janeiro,10
#HaddadP,10
falando,19
imposs√≠vel,3
assim,7
Bom,2
advers√°rio,2
opini√£o,3
anti√©tico,1
deveria,4
governo,5
boa,2
participou,1
Mesmo,15
movido,1
artilharia,1
pesada,1
lados,2
conserva,1
segue,3
firme,13
condi√ß√£o,5
salvar,3
ins√≠dia,1
Nazifascismo.,1
_oficial,14
motivo,1
Nunca,2
li,2
vindo,3
kkkkkkkkkkkkkkkkkkkkkkkkkkkkkkkkkkkkkkkkkkkk,1
espero,3
MUITO,1
errado,4
sustentar,1
turno....prevejo,1
gigantesca,3
louca,2
querendo,9
dif√≠cil,16
Pt,2
malandro,1
safo,1
enganador!,1
chegou,9
limite,6
S√£o,19
consecutivas,5
parado,5
alt√≠ssima,5
migrarem,5
tempos,9
pensam,7
pa√≠s.,5
Ba,1
mostra,1
monte,2
afastou,1
provavelmente,2
perderia,1
vejo,3
sa√≠da,2
sen√£o,3
foda,6
esquizofrenia,1
tenta,1
acenar,1
moderado,1
c√∫pula,2
indulto,1
constituinte,2
elogiando,1
Venezuela,12
argumento,1
basti√£o,1
democracia.,2
Convenhamos,1
conseguiu,2
20,5
poucos,4
mitologia,1
l√∫lica.,1
extra,1
compet√™ncia,1
repugn√¢ncia,1
duas,1
inconceb√≠veis,1
pessoal,2
entendeu,1
pol√≠ticos,1
ruas,2
idem,1
Ambos,1
conseguiriam,1
governar,6
plenamente,1
Inaceit√°vel,1
Burros,1
caralho.,1
deixou,4
prefeitura,4
‚ÄúO,4
Resultado,4
infeliz,4
Paulo.Haddad,4
incompetente,5
Veja-se,4
Enem.,4
"ai,1
12",1
fala,4
so,3
SEQUER,1
NAO,15
GENTE,12
SEUS,13
contando,8
detalhes,6
passado,8
amea√ßas,6
Z,7
Dirceu,11
anunciando,6
vingan√ßa,6
seduzir,6
indecisos,7
(V√≠deo,6
Youtube,6
aumentou,3
aparentemente,1
fodidos,1
ONZE,3
Pelo,3
amor,10
Deus,10
complicada,1
politico,1
mega,1
avaliado,1
reeleicao,1
todas,2
faixas,1
etarias,1
classes,1
sociais,3
Diria,1
sera,1
presidente??,1
domingo,5
fodendo,6
onze,1
enfia,2
13,20
Entramos,2
vale-tudo.,2
disparou,10
mulheres,2
deram,2
recado,2
ruas.,2
chover,2
fakenews,2
foto,3
dando,9
aula,3
pelado,2
l√°.,2
Preparem-se,2
show,3
horror,3
desesperados.,2
achava,1
brasileiro,11
salva√ß√£o,1
per√≠odo,1
c√©rebro,1
cabe√ßa!!,1
manuella,1
dilma,2
temer,2
quatro,4
representam!!!,1
Poder,5
devastador,6
pontos.,5
Alkimin,1
comendo,2
merendas,1
encontra,3
votou,2
(eu,1
inclusive,4
bagarai,1
A√©cio,3
bateram,1
chorou,1
reclamou,1
dissemos,1
Faz,2
eleitoral.,1
Agora,5
petistas,11
reclamando,1
Boulos,10
intelectual,13
pedido,1
Haddad/PT,1
abrirem,1
m√£o,55
clima,1
anti-petismo,1
amea√ßa,2
abrir,1
hegemonia,1
m√≠nimo,3
sair,2
linha,2
recuperar,1
congelou,8
22,8
resolveram,9
liberar,8
"coiso,8
√∫nica,15
Veremos,8
amanh,8
Vox,8
Populi,8
desmascarar,8
institutos.,8
melhor,10
bolso,3
Teremos,3
meios,3
comunica√ß√£o,3
desculpem,3
NOJO,1
Jo√£o,2
Amo√™do,2
garante,1
‚ÄúEu,1
pretendo,1
nenhum,8
momento‚Äù,1
Belo,1
Horizonte.,1
Amo√™do..,1
_do_povo,2
J,6
ajustando,1
colocam,1
Antes,2
perdia...,1
sente,1
√ìDIO,2
ODIOOOO,1
botar,2
BOZONARO,1
subir,7
9,3
ptos,1
Estranho,1
forma,8
diplom√°tica,1
suspeita,1
gosta,1
"Pensamento,1
envolvendo,1
√≠dolo,1
(LULA,1
idolo,1
(CARLOS,1
ALBERTO,1
BRILHANTE,1
USTRA,1
assassino,1
torturador,1
Brasil?",1
usar,2
basta,2
olhar,2
44,1
38%,4
20%,1
VOTAR,5
UM,9
TIRO,1
ESCURO.,1
10,12
separam,1
FUCKING,1
PONTOS,3
Foi,3
brusca,1
ajustada,1
diria,1
#EleNao,1
registre-se.,1
Ele,8
algumas,3
declara√ß√µes,2
concordei,1
diminuir,3
sal√°rios,1
abarrotar,1
postos,1
m√©dicos,1
desqualificados,1
pa√≠ses,1
prometer.,1
uns,7
optei,1
migrar,2
s√©rias,1
restri√ß√µes,1
seguir,13
tenso.,1
#BrasilDecide,2
√öltima,2
campa√±a,2
la,9
primera,2
vuelta,4
las,2
elecciones,2
(,3
_Fernando),2
el,4
del,2
consolida,2
disputar,3
con,2
#Eleicoes2018,6
voto.,1
milit√¢ncia,5
del√≠cia,1
&lt;3,1
Esse,5
saindo,4
encomenda.,4
kkkkkkkkkkkkk,4
abrindo,4
subindo,6
Palocci...,4
Hoje,8
definitivamente,4
onde,2
tira,6
42?,1
Imposs√≠vel.,1
Al√©m,4
postura,14
confrontar,1
manter,2
pacifista,1
migrando,1
preso.,2
joga,1
CIROOOOOOOOOO,1
serio,4
oque,1
irrelevante,1
estacionar,1
preocupa,1
bastante.,1
cen√°rios,2
(Bolsonaro,1
Haddad)?,1
mudo,13
diante,13
ilegalidade,12
autoritarismo,12
Juiz,24
origem,12
interesses,12
a√ß√£o,12
preso,14
desesperado,12
Estou,2
recebendo,2
mentions,2
responsabilizando,2
seguidores,3
hahahaha,2
obrigados,4
pano,2
ERROS,2
GRAVES,2
Melhorem!,2
Mentira,3
lavada.,2
repito,2
acho,11
polarizado,3
Qualquer,2
eleja,2
entra,2
dificilmente,3
preparo,4
projeto.,2
#CiroPresidente,2
#CiroNaRecord,2
algo,4
jurei,1
fazer.....,1
PRA,6
FILHO,2
PUTA,7
VOC√äS,2
T√äM,1
QUALQUER,1
COISA,2
empacado,2
bosta,2
recusando,2
27,2
Deu,3
avers√£o,2
ABSURDA,2
Bozo.......tem,2
condi√ß√µes,4
"fudeu,1
xerife!!!",1
taxa,1
diminuiu,1
empatam,11
l√°,13
vivendo,1
utopia,1
afundar,1
Parcela,1
popula√ß√£o,6
Seu,3
tweet,1
atingir,2
Joaquim,1
ci√™ncias,1
tava,5
d√∫vida,2
lulista,1
fechados,2
apoiado,1
Caso,4
dor,1
cora√ß√£o,1
queria,54
Acontece,1
entrar,1
bolha,1
v√£o.,1
t√©cnico,5
jesus,3
maria,3
jos,3
comentar,1
estranheza,1
desses,1
comparada,1
estimulando,1
literalmente,1
video,1
apresentador,1
trump,1
ganhou,2
indicam,1
HILLARY,1
CLINTON,1
indica√ßao,1
essa???,1
is,1
the,3
new,1
hillary,1
Acorda,1
amigo,2
garantindo,1
estragou,1
comprando,1
boicotar,1
Imagine,1
Queria,1
cabe√ßa,4
recentes,10
apontarem,10
17,11
podemos,12
arriscar!!!,10
√≥bvio,4
Qqr,1
Era,3
desonesto,5
culpar,1
advers√°rios,1
ali√°s,1
influ√™ncia,1
pudemos,1
economicista,1
inventam,1
radicaliza√ß√£o,1
inexistente,2
Bolsosauro,1
extrema-direita,1
(racista,1
xenof√≥bico,1
machista,1
armamentista,1
tradicionalista,1
antidemocr√°tico,1
democrata,1
#OVotoNaRecord,1
prever,1
obviamente,1
"tra√≠do,1
pr√≥pria,2
esquerda".,1
Nos,2
√∫ltimos,2
apanhou,2
explicar,2
estagna√ß√£o,2
Curioso,2
deus,8
apertem,1
zonobaro,1
(27,2
anterior).,4
(21,2
amorzinho,1
pais,8
vei,1
cantando,2
m√∫sica,2
kkkkkkkk,2
#edicao18,1
v√°rios,1
processos,2
Pintador,1
asfalto.Vem,1
corrupto,4
manipuladas,1
Data,3
Folha,1
viraram,1
redes,1
sociais.,1
fertilizante,1
pesticida,1
necessitamos.,1
algu√©m,8
ganhe,4
Votar,2
talvez,3
signifique,1
Bozo.,1
11%,2
desuni√£o,1
fuder,3
impacto,1
resultado!!!!!!!!,1
15.,4
receber,7
instru√ß√µes,4
Apyus,1
triste,4
porqu,1
cresceu.,1
Hahahahahahahahahahahahahaha,1
Gloriaaaaaaaa,1
mimada,1
aceitar,5
bonaro,3
Ap√≥s,2
empatarem,2
disputar√£o,2
Banheira,2
Gugu,2
jogar,2
merece,1
fudendo,1
largarem,1
UNICO,1
PERDE,2
Gente,5
serio...,2
duvida,3
acha,5
tanto,53
VOTE,2
CIRO!,3
voces,2
enxergam,1
estao,2
Vao,1
PODE,1
IR,1
BRINCANDO,1
√öTIL,1
L√ìGICO,1
praticamente,4
boulos,2
v√£o????,1
perdeu,2
D√ìRIA,1
jogando,5
puta,6
vezes,1
certo,4
LONGE,1
enfrentar,6
naaaao,1
nego,4
tomado,1
desejo,1
retrocesso,1
reflete,1
somente,3
naqueles,1
desejam,1
interven√ß√£o,1
refletida,1
saudosista,1
acham,3
voltar√£o,1
primeira,1
elei√ßao,1
tirar,5
comando,1
beijada,1
quebra,1
bostonaro,1
vergonha,5
q????,1
VOCES,1
SAO,1
DEMAIS,1
batem,1
Bozo..,1
Acabar,1
Democracia??,1
superar,4
Da,1
come√ßa,2
proje√ß√µes,1
Galera,1
massa,2
"destruir,1
todas".,1
rea√ß√µes,3
terr√≠veis,3
Jogou,3
Judici√°rio,3
perdida,3
passou,5
Caralho,3
imundo,1
Mores,1
ciro!,1
rumo,2
Ditadura,1
destino,1
na√ß√£o,1
Outro,1
Debate,1
Revista,1
F√≥rum,1
xarope,1
NOVO,1
rede,2
ficam,2
ouri√ßados,1
dizem,3
post,1
confiar,2
turno...,2
Al√¥,1
amig√£o,1
mandou,1
abra√ßos..,1
pediu,1
a√ß√∫car,1
caf√©zinho,1
conforta,1
(ciro,1
smp,1
consegue,2
50,5
in√≠cio,2
fracasso,1
decep√ß√£o,1
declarar,1
vice-versa,1
injustos,1
santo,2
oras,1
#ELeicoes2018,1
Ningu√©m,3
perguntou,2
definidos:,1
Senadores:,1
131,1
132,1
Deputado,1
Federal,1
6565,1
Deputada,1
Estadual:,1
65180,1
belo,1
exemplo,3
for√ßar,1
queira,1
desperdi√ßar,1
Ent√£o,3
complicado.,1
Not,1
fast,1
mothafucker,1
#SomosBolsonaro17,2
burro,9
marionete,2
cansaod,1
assi,1
enxergando,1
_Hermes,1
ganha.,1
√çndice,2
somarmos,1
vemos,1
agrega,1
Sim,2
perder.,1
Conhe√ßo,1
tal.,1
Uma,9
escolha,4
errada,1
acaba,1
injusti√ßa,1
fizeram,5
ARTPOP,2
abalou,1
completamente,2
ind√∫stria,1
pop,1
farelo,2
playlist,1
2010,1
PENSA,1
CABE√áA,1
POC,1
BURRA,2
BRASIL,1
POP,1
VOTANDO,1
FUDE,1
TD,1
conta,8
falta,3
governabilidade,2
turno?,2
Fato,1
Grav√≠ssimo,1
Rep√∫blicas,1
Socialistas,1
Am√©rica,1
Latina).,1
s√©rio,4
proposta,4
Momento,1
Constitui√ß√£o,2
1988,1
papel,1
redemocratiza√ß√£o.,1
horrores,1
ficaram,1
voltaria,1
Bomba,1
liberou...,1
desesperado!,1
frequencia?,1
momento!,1
a√≠,1
pras,3
divis√£o,1
fortalecendo,1
tomarmos,1
cuidado,1
&gt,1
&lt,1
entenderam,1
chegamos,1
big,1
brother,1
combinar,1
DECIDAM,1
demonstra,1
Alkmin,1
evitar,8
inevit√°vel,1
turno,vota,1
turno.N√£o,1
desperdice,1
mostrou,3
fr√°gil,2
ora,2
Moer,2
Malddad.,2
servir,1
descer,2
pedestal,1
eleitoral,1
menosprezar,1
cartas,1
budista,1
porrete,1
fascistas,3
Chegou,2
desnudar,1
#Haddad13,1
Saiu,1
Pactual,1
cujo,1
dono,1
fajuta,1
imagine,1
(-2%),1
(+1%),1
(+3%),1
(-1%),1
(+2%),1
simulac√£o,1
contempla,1
transferencia,1
ciro/marina,1
Nem,3
garantido.,1
chances,5
favor√°veis,1
fugir,3
debates.,1
ent√£o,21
Ppq,1
parem,5
bicicleta,1
empregooooo,1
crescido,1
coisa?,2
Tiremos,1
cerca,1
absten√ß√µes,1
nulos,2
brancos,2
Sobram,1
marca,1
pass√°-lo,1
reviravolta,1
Sem,2
dispers√£o,1
Voto,1
canalizado,1
Plano,1
censurar,1
midia,1
entendo...Ele,1
carism√°tico,1
inspira,1
confian√ßa,1
cansada,3
resto,2
provou,1
falho,1
apostar,2
Twitter,2
define,2
acesso,2
internet,3
decide,2
profundo,3
Deveriam,2
indecisos/nulos,2
CANDIDATOS,2
COMO,2
PERSONAGENS,1
CL√ÅSSICOS,1
LITERATURA,1
THREAD,2
Macab√©a,1
d'A,1
Hora,1
Estrela,1
Boa,1
gostam,1
levem,2
constantemente,1
percebe,1
final,3
Olhem,1
quadros,1
pensem,1
Vc,1
gratid√£o,1
pense,1
Fascista,2
inexperiente,1
grave,1
Pensem,2
favor!!,1
decepcionado,2
HORRORES,1
VOU,3
NELE,1
necess√°rio,1
VIRAR,1
INFERNO,2
EM,4
SI,1
rolar,12
OUTRO,1
GOLPE,1
escanteio,1
conversas,1
m√°quina,3
fortalecer,2
metralhar,1
raivinha,1
besta.,1
f√°cil,4
ouvi,1
controlada.,1
BURRAS,1
inves,1
perceber,1
aue,1
qualquwr,1
preferem,3
18,2
tranquilo,1
bunda,2
Eh,2
manequim,1
H,5
amea√ßando,3
brasileiros.,3
curvando,3
reafirmou,3
sanguin√°ria,3
constituinte.,3
consigo,4
vagabundo.,3
brincando,1
disgra√ßa,1
tecla,3
respirar,1
negocio,2
,est√£o,1
tentando,1
consertar,2
desmoraliza√ß√£o,1
desta,3
INFERNOOOOOOOO,1
CULHAO,1
ADMINISTRAR,1
BANDO,2
ENFIA,1
CUUUUUUU,1
concordo,4
Pessoal,5
culpando,2
vit√≥ria,7
Bonoro.,2
mercado,1
escolhendo,1
neg√≥cio,2
feio,2
faltando,2
01,1
voto...,1
mesmo.....,1
entendo,3
bobonaro,1
conhe√ßo,2
400,1
brasileiros,4
comem,1
TA,2
EMPATADO,1
unico,1
EH,1
FILHOD,1
ODEIO,1
MTO,1
fantoche,1
0,1
adquirir,1
deusss,1
criar,1
impactante,1
pontinhos,1
Haddad...ainda,1
dist√¢ncia,1
conseguirmos,1
dia.,2
derruba,1
mesmo.,2
digo,2
alian√ßa,1
erradas,1
Manu,2
neles.,2
decidida,1
infelizmente,6
tiro,1
p√©,1
quisermos,1
_online,1
significa,2
54,1
coiso.,2
brincar,2
s√©ria,1
n√©.,1
alckmista,1
for√ßado,1
dois.,1
problemas,1
projeto,2
m√≠tica,1
Aquele,1
anti-petista,1
salta,1
brinca,1
Abster,1
claro,2
jogo.,1
Votem,2
Ciro!!!!Parem,1
roleta,1
russa,1
tiraram,1
sigilo,1
ventilador,1
Acordem!!!!!!,1
#ciro12,1
#DebateRecord,2
sapateando,2
raiva,4
tentativa,3
querer,4
igualar,3
propostas,5
Mour√£o,2
refor√ßar,2
tese,2
ambos,2
extremistas,2
Absurdo,feio,desonesto.,2
retardados,1
come,1
alucinados,1
msm,2
bando,1
bobassauro,1
anula,1
vi√°vel,1
permanecer,1
minimo,1
LESADO,1
doq,1
adianta,7
apoiava,1
somam,1
podem,2
DEMENTES,1
ATEN√á√ÉO,3
Seguran√ßa,3
feita,4
soldados,3
cubanos,3
interfer√™ncia,3
presidenciais,3
crime,3
pass√≠vel,3
cassa√ß√£o,3
Candidato,3
recursos,3
estrangeiros,3
sob,3
valores,3
servi√ßos,3
Tomem,3
PROVID√äNCIAS,3
despreocupada,1
Seria,1
sonho,1
REJEI√á√ÉO,1
CRESCEU,1
SEMANA,2
ASSIM,2
NEW,1
makes,1
(qualified,1
case,1
least,1
worst,1
option,1
given,1
likely,1
runoff,1
qnd,1
&amp,3
eunicio,2
apoiando,1
refluxo..,1
devido,1
'currais,1
eleitorais..,1
coliga√ß√£o,1
nisso,1
Tribuna,2
Sert√£o,2
voltam,5
VEM,1
HISTORIA,1
ESSE,2
IDIOTA,1
FILHA,1
DESSE,1
BRUXO,1
Este,1
impressionante,1
helen√£o,1
d√∫vidas,1
tbm,4
resolva,1
1t.,1
#Bolsonaro,1
extends,1
lead,1
over,1
PT's,1
#Haddad,1
pts,1
(31,1
pct,2
vs,3
pct),1
and,1
they,1
would,1
tie,1
run-off,1
also,1
an,1
advance,1
far-right,1
candidate,1
polling,1
firm,1
#Brazil,1
desastre,1
Gleisi,1
TODOS,1
jogral,1
foder,2
farinha,1
pouca,1
cada,2
cuidando,1
pir√£o,1
pedir,2
conselho,1
,no,1
pres√≠dio,1
atitudes,1
O.poste,1
sozinho,1
#somosbolsonaro17,1
in√∫til,1
duvido,1
atinge,1
massivos,1
nordeste,2
fan√°tico,2
arquitetar,1
suic√≠dio,1
coletivo,1
cobran√ßa,1
necess√°ria,1
"aprender,1
erros,1
golpistas",1
btw,1
crescimento,3
petismo,1
certos,1
abriram,1
boca,1
bostejar,1
extrema,2
equivalente,1
bozo.,1
tds,1
igreja,3
achavam,1
maluca,1
enqnt,1
apoiavam,1
falavam,1
nd,2
dentro,4
apoiam,1
agr,1
falam,1
‚Äúdesviada‚Äù,1
tp,1
meia,2
duzia,1
FALTAM,5
PARA,10
PRESO,11
DESPEDIDO,5
MARINA,5
F√âRIAS,5
ANOS,5
DACIOLO,5
SUBIR,5
MONTE,5
HONRA,5
GL√ìRIA,5
SENHOR,5
JESUS,5
ELEITO,5
Dito,1
desculpa,2
"os,1
extremos",1
Centro-esquerda,1
fascismo,2
moeda.,1
Voc√™,1
considera,2
dividido,1
TRABALHADORES,1
UNI-VOS,1
leva,1
Pergunta,1
super,2
sincera,1
pioram,1
Tamo,1
fodido,2
At,3
Ratinho,1
detona,1
vivo,1
Brasil.,1
problema,6
vai...o,1
ilus√£o,1
PT!,1
‚ÄúTem,1
Haddad!‚Äù,1
Acordem,1
aliando,2
PT!!,1
Exato,1
aguente,1
golpe,4
verdade.,1
desesperada,1
vote,6
Cirooo,1
Povo,1
rejei√ß√£o:,1
44%,1
18%,1
derrubar,1
pegasse,49
impedisse,49
vantagem,7
pariu,1
alternativa,3
explica√ß√µes,1
vir√£o,1
pr√≥ximas,1
CAIR,1
ESTAGNOU,1
Ai,2
ai.,1
Cuidado,2
redobrado!!!..,1
manobra,1
PT!!!..,1
Tudo,1
indica,1
esvaziamento,1
insinuando,1
pouquinho,1
zero,3
roubo,3
criminosa.,3
manipular,1
mostram,1
credibilidade,1
instituto,1
duvidosos,1
duvidar.,1
totalmente,2
insustent√°vel,1
Bora,1
galera!,1
SOMENTE,1
(q,1
queridos,1
chamando,2
??,2
burras,1
insinando,1
concentra√ß√£o,1
perfil,3
campanho,1
pesad√≠ssima,1
mds,1
FUDIDOS,1
PRESTA,1
NADA,3
PLANTA,1
FOI,2
PREFETO,1
HORR√çVEL,1
SO,1
POPULARIDADE,1
CARCER√ÅRIO,1
atr√°s,4
vencendo,3
l√≥gica,3
trag√©dia,3
AAAAAAAA,3
CONSIGO,3
ENTENDER,3
D,3
NERVOSO,3
_siqueira20,1
faremos,1
algum,3
(ou,2
pior),1
onda,2
laranja,1
extremo,2
esquerda...ai,1
Desde,2
come√ßo,1
ficarem,1
brigando,1
si,3
melhorar,3
PESSOALMENTE,1
culpado,1
assim.,1
Nicol√°s,1
Maduro,1
revela,1
maldades,1
humanidade,1
Pessoas,2
mortas,1
fome,1
m√£os,2
for√ßas,1
sensibilizar,1
decente,3
apoia,4
banho,2
√°gua,4
fria,2
(eu),2
dispara,2
estaciona,2
simula√ß√µes,4
Oi,2
sumido.,2
estacionou,1
teto,4
leve,1
crer,1
contr√°rio,5
foco,1
chegue,1
cento,1
ve,1
#12,1
seguimires,1
sensatos,1
Bem,2
"artistas,1
"helen√£o,1
chorinho,1
Lei,1
Rounet,1
poderiam,1
movimento,1
Depois,4
s√°bado,2
estagnou.,1
tornam,1
nazi‚Äôs,1
√≠ndice,1
enorme,1
infernizar,1
Agr,1
desesperar,1
msm,ele,1
facil,1
novas,2
den√∫ncias,2
comanda,1
Manda,1
desmanda,1
troca,1
grav√≠ssimas,1
incluem,1
remessa,1
R,1
avi√£o,1
decidi,1
afundo,1
Hackearam,1
tt,1
ganhando,3
turno!!!!,1
pera,1
sejaste,1
menas,1
palha√ßada,1
lembrando,2
daquela,1
not√≠cia,1
especialmente,1
_lays,1
desbanca,1
cismam,1
piru,1
faixa,1
presidencial,2
noboro,1
PORRA!!!!!,1
cansei,1
merda!,1
DOUTRINA√á√ÉO,1
DAS,1
ESCOLAS,1
CARAMBA,1
hist√≥ria,5
professor,1
Parece,2
lambe,1
saco,15
p√¥,1
perdem,1
(supostamente,1
migra,1
acabam,1
estraviando,1
Realmente,1
...,1
FERRAR,1
inv√©s,2
criticar,2
"Constituinte,1
Not√°veis",1
Programa,1
priorizou,1
Democrata,1
#HaddadLula,1
,amparada,1
decidir.,1
Ciro!,2
"A√≠n,1
coiso",1
dai,1
criatura,1
certa,1
existe,4
crist√£o,1
esquerdista,1
Esquerda,2
anticrist√£.,1
PARIU,1
BONOSSAURO,1
OLHA,1
ELEI√á√ÉO,2
CARAI,1
BOLAO,1
COPA,1
chocada,1
imbecil,1
mamadores,1
lobotomizados,1
luladr√£o.,1
Haddad??,1
#PTNuncaMais,1
#Bolsonaro17No1¬∫Turno,2
QUADRO,1
GOVERNISTA,1
HADDAD:,1
Arko,1
230,1
295,1
deputados,1
PRTB,2
aliada,1
composta,1
PP,1
PR,1
DEM,1
PSD,1
PTB,1
PRB,1
Podemos,1
PSC,1
PHS,1
PRP,1
DC.,1
TL,1
faria,1
Pedro,1
interior,1
Bahia,1
Tocantins,1
Haddad),5
malef√≠cios,1
conhece,1
Ps,1
ok?,2
melhora,1
desempenho,2
rejeicao,2
aumentando,2
tecnico,2
insistindo,2
Favor,1
pegar,3
birra,1
√ìbvio,1
garantida,1
negar,2
qualifica√ß√£o,1
rasteira,1
v√©i,1
alucina√ß√£o,1
√ìdio,1
PORRAAAAAAAAAAAAAAAAAAAAA,1
BUCETA,1
PINTO,1
RUIM,1
BORA,1
ESQUE√áAM,1
Seguinte,1
virando,2
Quero,2
cogita,1
‚Äúpaci√™ncia,1
esquerda‚Äù,1
Ali√°s,1
ligados,1
PSDB,1
n√£o?,1
surra,1
possu√≠ssem,1
ideologia,1
levariam,1
partid√°rio,1
doentio.,1
cr√≠tica,2
PSOL,1
motivos,1
desilus√£o,1
rela√ß√£o,1
[que,1
sentir,1
sinto,2
considerando,1
vir,2
for√ßa,1
antiesquerda,1
pirulito,1
salsicha,1
enfrentamento,1
sete,1
peles,1
hora.,1
afirmar,2
longe,3
indireta,2
linguistas,2
Chomsky,2
cansou,2
lingu√≠stica,2
fato!,2
hip√≥tese,1
trabalha,1
termo,1
v√°lido,1
dificil,1
odiado,1
=\,1
coladinho,1
pivo,1
nmrl,1
eleicao,1
nororo,1
estacionado,1
Ainda,1
fortalecerem,1
facista,2
desgra√ßado,1
;-;,1
abstenha,1
mexxxmo,1
tr√™s,1
odeia,2
guarda,1
existem,1
alternativas,1
"comandando,3
atrav√©s,3
esquerdalha?,3
caminho,3
perigo,3
BOLSONARO!,3
tarde,4
demais!!!,3
#EuApoioBolsonaro,3
reportagem,1
independente,1
pega,2
cotovelada,1
tornar,1
Prendeu,1
Molusko,1
capiroto,1
evitou,1
mala,1
Favreto,1
libertasse,1
surdina,1
plant√£o,1
tacada,1
fritou,1
fingers,1
louco,1
Salve,1
üáßüá∑,1
Gente..,1
soubessem,1
resultados,1
bons,1
vis√£o,1
ruins,1
perigosos,1
ora√ß√µes,1
cruzando,1
dedos,2
surpreendida,1
positivamente.,1
Infelizmente,1
gnt,2
comida,1
mesa,1
gra√ßas,1
Seguram,1
hist√≥rico,2
elevam,1
possivel,1
insistir,3
cegos,2
vamo,2
morre,2
correr,1
f√≠sico,1
Rapaziada,3
dizendo,6
posi√ß√£o,3
Edir,4
Macedo,4
declarou,5
dei,2
trabalho,3
ler,3
programa,2
gestao,2
Convido-os,2
fazerem,2
assustador,2
esquina.,2
Um,3
perigoooo.,1
#elen√£o,2
nulo/branco,2
aquele-que-n√£o-deve-ser-nomeado,1
dividir,2
escolhe,2
postando,1
‚Äúele,1
quem?‚Äù,1
desinformada,1
devem,2
op√ß√µes,2
deveriam,3
considerados,1
op√ß√µes.,1
dps,1
mudou,1
acreditava,1
velocidade,1
pulo,1
confi√°vel,1
ah,1
cagar,1
chata,1
grupo,1
familia,1
mandando,1
textao,1
Vei,1
segundo.turno,1
chorar,1
penso.mais.odeio,1
sonhar,1
milagres,1
elei√ß√£o.,3
dela√ß√µes,1
inteligentes,1
conscientes,1
iremos,1
estampada,1
inimigo,2
Haddad!,2
repudiei,1
regimes,1
autorit√°rios,1
esquerda",1
FALSO,1
Perguntado,1
socialista,1
afirmou,1
oposi√ß√£o,4
antidemocr√°tica,1
socialista.,1
Eleitor,3
(haddad,1
tipo,2
m√£e,1
finge,1
estressar,1
"BOLSONARO,1
HADDAD",1
fechar,3
#EleSimENo1Turno,1
Jornalista,1
Record,2
senhor,2
fa√ßo,5
cr√≠ticas,2
Me,3
defendo,2
qd,2
curto,2
bate,3
bocas,2
sofrendo,2
crise,2
solu√ß√µes,2
pressa,1
confio,1
colo,1
trata,2
bichin,1
estima√ß√£o,1
import√¢ncia,1
pros,1
segmentos,1
merdas,1
aconteceram,1
cegamente,1
N,3
butterfly,1
perdendo,2
1964,1
swift,1
CARA,2
comandar,1
retardado,1
chupando,1
pau!!!!,1
representa,2
VOC,1
LADR√ÉO,1
IGUAL,1
ELE!!,1
tomo,1
engov,1
coagido,1
acontece,1
suficiente,2
promissor,1
daqui,1
fraqu√≠ssima,2
elegeriam,1
oper√°rio,1
atualmente,1
Haja,2
formiguinha.,1
Ex-presidente,2
orientou,2
prevista,2
#GazetadoPovo,1
Via,1
Rep√∫blica,2
voltou,1
ajude,1
pensamento,1
twiteiro,1
"bem,1
empatando,1
entao,1
funcionar,2
Pior,1
pedi,1
justamente,1
armadilha,1
pregando,1
8%,1
Chupa,1
uva,1
por√©m,1
meio,4
dissimulado,1
particularmente,1
agrada,1
crit√©rio,1
gente....,1
investigado,2
PREFEITO,2
SP!,1
tag,1
promovida,1
apoiada,1
bolsominions,2
nordeste."VOTEM,1
CIRO",2
cuide,1
Seis,1
longos,1
bomba,1
colo...,1
"Se,2
Ciro",2
Pera,2
deixa,3
entendi,2
s√©rio?,2
SEMPRE,1
situa√ß√£o,2
APOSTAR,1
neur√¥nio,1
atuando,2
roubar,2
manter-se,2
extinto,2
press√£o,1
(e,2
perda.,1
enfim,1
rs,1
Katia,1
Abreu,1
Dino,2
Katia!,1
urgentemente,1
enganada,1
"ah,1
soou,1
certeza,1
resultado,2
positivo,1
ele.,1
U√©,1
levado,1
Hip√≥critas,1
Amigos,2
passo,1
associam,1
chefe,1
f√°cil.,1
Eleitores,2
arriscado,2
barrar,1
burrice,2
Blz,1
transferir,2
gente.,1
ministro,3
educa√ß√£o,2
Sua,3
gest√£o,5
respons√°vel,2
vazamentos,2
ENEM,2
primor,2
efici√™ncia.,2
kkk,2
Nqueria,1
_Campelo,1
_83,1
transfer√™ncia,2
tabela,1
transfer√™ncias,1
√Ålvaro,5
Meirelles,3
maiores,1
fandom,2
vitoria,2
PORRAA,2
salientar,1
Obviamente,1
competir,1
demonstrarem,1
_francesinha,1
votassem,1
ganhava,1
@_twindragons,1
inicial,1
n√©?,1
poucas,1
alian√ßas,1
katia,1
abreu,1
ministra,1
horr√≠vel,1
chapa,3
ciro&amp;haddad,1
egoc√™ntrica,1
marmota,1
Ao,2
IMPLORO,1
07,1
26,1
setembro,1
Abriu,1
dez,1
manteve,2
levantamento,4
anterior.,1
manifesta√ß√£o,1
significativo,1
grotesca,1
total,1
ratificado,1
cm,2
divulga√ß√£o,1
Palloci,2
Toffoli.,1
NESSAS,1
ELEI√á√ïES,1
PT:,1
Enganou,1
SABENDO,1
ineleg√≠vel.,1
copia,1
mente,1
corruptos,1
chamaram,1
golpistas.,1
Usa,1
comprar,1
lideran√ßas,1
pararem,1
hr,2
pendo,1
DIFICIL,1
N√∫meros,3
parecidos,3
BTG/FSB,3
divulgado,3
cedo,3
Rigoroso,3
empate.,3
pt/haddad,1
bonobaro,1
generalzao,1
psdb,1
supostamente,1
representar,1
area,1
progressista,1
doi,1
nojento,2
fracos,1
expressividade,1
usando,1
possa,2
presente,2
utilizam,1
perguntas,1
r√©plicas,1
tr√©plicas,1
atac√°-lo,1
Bando,1
covardes!,1
twitter,2
sigo,1
pobre,1
estranha,1
pude,1
Elei√ß√£o,3
t√°?,1
gomes,1
largar,1
osso,1
Vamo,1
perdidos,1
fraco,1
nitidamente,1
Todo,4
dele..,1
pris√£o,1
lembra,1
traficantes...,1
Finalmente,1
Constituinte,4
repete,1
"criar,1
reequilibrar,1
Poderes,1
Submeter,1
Executivo?,1
Nas,1
tecnicamente,3
enxerga,1
ERRO,1
terminar,2
entendam,2
veis,2
preferir,2
nulo,4
jogada,1
custar,1
parecem,1
afim,1
pego,1
desmonte,1
doria,1
ano,1
estado,1
Trocar,1
trocar,1
d√∫zia,1
Lembre,1
2016,1
Trump,1
venceu,1
m√©rito,1
Hillary,1
passava,1
confian√ßa.,1
prestes,1
2018,1
fraqu√≠ssimo,1
escolhido,1
dar√£o,1
Gilmar,1
Mendes,2
Veja,1
tentou,1
responder:,1
‚ÄúGilmar,1
capit√£o,1
desqualificado,1
raso,1
ex-prefeito,1
respeita.‚Äù,1
Bolsozista,4
elen√£o,2
Lembrando,4
hj,2
24%.,1
Instituto,1
s√≥cio,1
21%?,1
Algo,1
acham?,1
timing,1
mto,2
consolidarem,1
ne,1
Record/Real,2
Time,2
Big,2
(45,2
41%,2
(47,2
39%),2
(40,2
39%).,2
preocupante,1
afunila,1
bombardeio,1
(contra,1
40%.,1
conforme,1
chave,1
ouro,1
queridinho,1
t√≠pica,1
atitude,1
bolsominion,1
fique,1
novamente.,1
abissal,1
46%,1
abismo,1
votarei,1
Manuela.,1
Efeito,1
Fez,1
bem,iam,1
perguntar,1
inteira.,1
Relembrar,1
novo.,1
f*der,1
salvar.,1
proficional,1
NBA,1
perde.,1
PRESIDENTE,1
Algu√©m,1
explica,1
l√≥gica?,1
mistura,4
malabarismo,3
justificar,3
(pq,3
Sei,3
fala√ß√£o,3
pesadelo,3
Assembleia,3
estilo,3
Chavismo,3
Bolivariano,3
Eis,3
livre,3
economia,3
aberta.,3
VIDA,3
MORTE.,3
aguento,2
tl,1
fude,1
quise,1
boniro,1
AA,1
entendendo,1
ELEGER??,1
nisso??,1
Larguem,1
est√∫pida,1
Andrade,1
REELEGEU,1
NEM,2
SP,1
&gt;RUIM&lt,1
futuros,2
fode.,1
falava,2
"esperar,1
b√™n√ß√£o,1
'aben√ßoado,1
pesco√ßo,1
derrota,3
possam,11
enchendo,11
objetivo,11
desistir,11
chatos?,11
_19,1
bota,1
alienados,2
mor,1
limpo,1
BOLOSAURO,1
obrigada,1
aff,1
jornalista,1
criticar:,1
pressa.,1
Desculpa,1
convence,1
enfiar,2
contem,2
comigo,2
ceder,1
atacavam,1
conseguiram,1
Ca√≠ram,1
tentavam,1
angariar,1
esquecendo,1
programas,1
concordar,1
p√©ssimos,1
estrategistas,1
machismo,1
"uh,1
uh,1
balan√ßou,1
brisa,1
mente",1
"tu,1
oq,2
barraco",1
"Gnt,1
pec,1
congelamento",1
"Hoooje,1
brota,1
base",1
"Porra,1
lek",1
vaca,1
loka,1
mesmo...,1
despeitada,1
apoiadora,1
bandido.,1
Desculpem,1
intromiss√£o,1
alguns,2
entendimentos,1
tortos,1
falas,1
comentou,1
C,1
porrada,1
estragando,1
trabalhadores.,1
insistem,1
nele!,1
n√£o.........,1
cagando,2
andando,2
ganhei,2
branco,2
Ontem,3
liguei,2
Man√©,1
proibia,1
km/h,1
marginais,1
mero,1
Enfia,1
Narrativa,1
c√©ticos,1
consideram,1
enxurrada,1
m√≠dia,3
concorrentes,1
#EuAcredito,1
#EleSim,1
mant√©m,1
Sonhamos,1
apodrecendo,1
Golpistas,1
trazendo,1
Ciro?,1
igual,2
evang√©lico,1
capeta,1
deles.,1
trouxa,1
debates..,1
piora...,1
umas,1
frases,1
homof√≥bicas,1
dito,1
expressado,1
hip√≥crita,1
manu,1
comunidade,1
lbgt,1
extensa,1
resist√™ncia,1
ocorreu,1
alta,1
"VOTEM,1
Alo,1
possivelmente,1
Olha,3
Por,1
parecendo,1
rol√™s,1
combinado,1
confundiram,1
Noblat.,1
capit√£o.,1
gamer!,1
refutar,1
#VotemNoCiro,1
Bolsonaro???,2
sede,1
justi√ßa,1
parcial,1
question√°vel,1
candidato!,1
Foda,2
Escolhe,1
bolsossauro,1
bonossauro,2
presidiu,1
despreparado,1
sp,2
globo,2
propaganda,2
engosa,2
aecin.,2
foguet√≥rio.,2
ligou,2
avisar,2
eleito.,2
Quase,2
morri,2
_Oficial,2
agarrado,1
vms,1
aprender,1
passando,1
dados:,1
colocado,2
Est,1
terceiro,1
representada,1
Bolsonaro:,1
Democracia,1
barb√°rie,1
jair),1
Ficam,1
Fa√ßam,1
auto,1
critica,1
cegueira,1
ideol√≥gica.,1
sucesso,1
Parab√©ns,2
envolvidos...,1
amoedo,2
continuem,1
ou√ßo,1
rua,1
carreata,1
usa,1
adesiva,1
carro,1
toa.,1
J√∫lio,1
Brant,1
Vasco,1
podcast,1
359,1
datado,1
30min,1
tendencia,1
lan√ßou,1
21.,1
Vitor,1
divulga,1
poucoooo,1
agoniad..,1
fechad√£o,1
calheiros,1
oliveira,1
cia,1
papo,1
tensa,1
votasse,1
perdesse,1
sentiria,1
REAL,1
botem,1
anti-comunismo,anti-Venezuela,1
VAMOS,1
brinque,1
azar.,1
identificado,1
desvincular,1
tom,1
crescentemente,1
bo√ßal,1
impedir),1
Vera,3
L√∫cia,3
PSTU,3
Guilherme,3
PSOL.,3
Candidaturas,3
Centro-direita,3
Alckmin.,3
Direita,3
Amoedo,3
Dias,3
Fascistas,3
insanos,3
Largar,2
dela√ß√£ozinha,2
v√©speras,2
imparcialidade,2
tentam,2
minar,2
perpetuar,2
esperando,2
6%,1
curioso,1
substiuir,1
bulbassauro,1
ciririca,1
BURRO,1
MATA,1
SOBRE,1
MESMO,1
QUEREM,1
COLOCANDO,1
NOSSA,1
DEMOCRACIA,1
RISCO!,1
S√ÉO,1
DESGRA√áA???,1
devolver,2
'objetos,2
levaram,2
distraidamente,2
acervos,2
Presid√™ncia,2
esquendeu,2
Barnardo,2
escondeu,2
Porto,2
Alegre,2
laia,2
recebe,2
ordens,2
Conclus√£o,1
embrion√°rio,1
carrega,1
semente,1
fermentado,1
ressentido,1
coisificado.,1
cavou,1
sepultura,1
anulo,1
poder.,1
assistindo,1
fiquei,1
gravata,1
vermelha,1
bolinha?,1
"Mas,1
FODASE,1
CIRINHO,1
agrade√ßo,1
tirado,1
t√≠tulo,1
imagino,1
TER,1
ATAQUE,1
NERVOS,1
tempo.,1
Continuo,1
D√≥ria,1
horr√≠vel.,1
Lattes,1
Corto,1
coloco,2
naquela,1
urna,1
isto.,1
calar,1
devia,1
odeiam,1
voltarem,1
gostar,1
assumem,1
combate,1
ba,1
perdido,2
Chico,1
compor,1
Gil,1
Caetano,1
eita,1
doido!!,1
Opositores,1
espalham,1
‚Äúo,1
parab√©ns,1
envolvidos,1
inexplic√°vel,1
PAZ,1
ESP√çRITO,1
estaria,1
coligado,1
pdt,1
miss,1
motosserra,1
unido,1
atacou,1
jogou,1
marqueteiro,1
J√∫piter,1
franco,1
atirador,1
cabo,1
desce,1
Monte,1
Pessoal,,1
daquilo,1
ing√™nuos,1
lavando,1
m√£os,est,1
conivente,1
ajudando,1
Sai,1
Vote,1
miga,1
peso,1
:(((((,1
av,2
muitos,1
saturada,1
improv√°vel,1
CULPA,1
VOTOU,1
SUAS,1
media,3
twitteira,3
paci√™ncia,1
narrativa,2
c√≠nica,1
*haddad,4
unicos,4
perderiam,4
turno*,4
pocs,4
empatou,1
deixando,1
objetivos,1
mensal√£o,1
petrol√£o,1
financiamento,1
insista,1
democr√°tica.,1
RECORD,1
29%,1
24%,2
11%.,1
47,1
39%,1
41,1
ando,1
vermelho,1
estrela,1
blusa,1
vestir,1
camisa,1
definido,1
Mano,2
adiantava,1
vencesse,1
"a,1
votos",1
encostando,1
aguentei,1
postei,1
text√£o,1
site,1
Ando,1
bola,1
sensa√ß√£o,1
desastroso,1
DADOS,1
ERRADOS...,1
neguinho,1
ajuda,1
opor,1
abram,1
filhos,1
brincadeira.,1
elei√ß√£o:,1
odiar,1
menor,1
esquecer,1
ideologia?,1
Tava,1
pedreito,1
faculdade,2
meninas,1
negras,1
medicina,1
selado,1
rep√≥rter,1
Haddad:,1
"Os,1
sofreu,1
injustos?",1
"N√£o,1
ataque,1
perguntando,1
esclarecer,1
debate",1
Desarmou,1
li√ß√£o,1
√∫ltimo,1
inventar,1
mudan√ßa,1
inesperada,1
imprevis√≠vel,1
Lembrem-se,1
Montenegro,1
dera,1
Vice,1
quiseram,1
Cultura,1
Esses,1
ligando,1
arriscar.,1
atacando,1
inventando,1
hist√≥ria.,1
Elei√ß√µes,1
virou,1
Ta,1
Filtro,1
Dacilo,1
(O,1
presidiario,1
levada,1
s√©rio...,1
NINGU√âM,1
REJEITA,1
_fenomeno,1
rolou,1
garantir,1
pegue,1
bombeiros,1
f√©rias,1
desidrata,1
coloca,2
bolsonaristas,1
Significa,1
caos.,1
geniais,1
Dessa,1
votar√£o,2
veem,1
suposto,1
JB,1
deixar√£o,1
acreditando,1
(...),1
alcan√ßar,1
vota√ß√£o,1
BBB,1
conquistado..,1
larga,1
todos.,1
conseguir,1
ultrapassar,1
contar,1
esfor√ßo,1
dele.,1
god,1
nenhuma,1
igualzinho,1
alem,1
corrup√ß√£o,1
PESQUISEM,1
TAIS,1
quisessem,1
ATRASO,1
davam,1
apoiaria,1
l√°...,1
atoa,1
mulher,1
porcaria,1
ursal,1
Falando,1
mim:,1
brigo,1
grato,1
sofrer,1
assumam,1
sofram,1
etapa,1
Por√©m,1
apoiador,1
irrestrito.,1
explodiu,1
degringolar,1
transferidos,1
feia,1
amigos,1
hipocrisia,1
ciretes.,1
Num,1
Ciristas,2
Bolso?,1
#VotemNoCIRO,1
#haddadpresidente..,1
ciristas,1
putaria,1
CEU,1
acontecendo???,1
morar,1
covarde,1
Questionado,1
‚Äún√£o,1
ligar,1
Haddad‚Äù,1
peidar,1
Capit√£o!,1
OUTROS,1
MT,1
MAIE,1
PREPARADOS,1
ESSES,1
!!!!!!!!!!!!!,1
boicotou,1
‚Äújair,1
preparando,1
retrocessos,1
e/ou,1
tantos,1
demorou,1
ce,2
sujeira,1
MELHOR,1
vdd,1
caso??,1
privil√©gio,1
juntar,1
sabe..,1
:/,1
amorddeus,1
DOEN√áA,1
alguem,1
"nossa,1
COMPARAVEL,1
desesperadamente,1
pede,1
guinada,1
planos,1
ocorrer√°,1
disparando,1
flechas,1
envenenadas,1
Igreja,1
Universal(Eu,1
particurlamente,1
Respeito,1
contr√°ria,1
